session,symbol,weight,posts,title_posts,cashtag_posts,attention,score_sum,comment_sum,tone_w,tone_aw,stance_w,stance_aw,stance_evidence,bull_posts,bear_posts,rockets,diamonds,bear_emoji,session_posts,tone,tone_att,stance,stance_att,bull_share,bear_share,title_share,cashtag_share,rocket_rate,diamond_rate,bear_emoji_rate,score_per_post,comments_per_post,mentions,log_mentions,mention_share,log_attention,board_mentions,share_of_board,attention_rank,tone_vs_board,mention_z,mention_accel,mention_vs_base,share_accel,tone_delta,stance_delta,mentions_5d,log_mentions_5d,active_days_20,is_fresh,dow
2021-01-28,AMC,19.899999999999995,39.0,21.0,5.0,216.55433317506092,115.83715417522185,100.7171789998391,5.740499444444445,56.733921913305466,5.69404761904762,56.315318027844945,95.05,9.116666666666667,2.7,16.666666666666664,5.499999999999999,0.5,258,0.2884673087660526,0.26198469955086134,0.28613304618329755,0.26005167941996365,0.4581239530988276,0.13567839195979903,0.5384615384615384,0.1282051282051282,0.8375209380234506,0.2763819095477387,0.025125628140703522,5.8209625213679335,5.061164773861263,19.899999999999995,3.039749158970765,0.07713178294573642,5.38244862703342,140.99999999999997,0.14113475177304963,0.96875,0.1298467698585538,0.0,3.039749158970765,0.0,0.14113475177304963,0.0,0.0,0.0,0.0,0.0,1,3
2021-01-28,BB,5.783333333333333,15.0,5.0,3.0,62.23663303666748,34.872848974003865,27.36378406266362,1.1947583333333334,12.319192673249837,3.403571428571429,35.27791134260109,27.85,3.916666666666667,0.2,10.333333333333334,0.8333333333333333,0.0,258,0.20658645533141212,0.1979411814580624,0.5885137916838206,0.5668351519243766,0.6772334293948128,0.0345821325648415,0.3333333333333333,0.2,1.7867435158501441,0.1440922190201729,0.0,6.029887430663493,4.731490039653652,5.783333333333333,1.9144686232204944,0.022416020671834624,4.146883769884503,140.99999999999997,0.041016548463356985,0.90625,0.047965916423913346,0.0,1.9144686232204944,0.0,0.041016548463356985,0.0,0.0,0.0,0.0,0.0,1,3
2021-01-28,GME,91.64166666666667,121.0,57.0,22.0,988.8889541697025,552.3255994734492,436.56335469625344,24.222558055555545,264.2501433727163,23.56911490878046,256.7697591219457,789.4000000000001,41.95,17.15833333333333,316.66666666666663,13.666666666666666,4.625,258,0.26431817465369334,0.26721922846694934,0.2571877593028694,0.2596547954542949,0.45776120760207334,0.1872328816950077,0.47107438016528924,0.18181818181818182,3.455487860325543,0.14913158134036555,0.050468309538965174,6.027013907139574,4.7638085444712575,91.64166666666667,4.528739004451569,0.3552002583979328,6.897592769332039,140.99999999999997,0.6499408983451538,1.0,0.10569763574619456,0.0,4.528739004451569,0.0,0.6499408983451538,0.0,0.0,0.0,0.0,0.0,1,3
2021-01-28,GOLD,3.0,3.0,0.0,0.0,48.0583307672848,21.57378754201466,26.484543225270144,0.996,15.955365814738556,0.0,0.0,0.0,0.0,0.0,0.0,0.0,0.0,258,0.332,0.3320000000000001,0.0,0.0,0.0,0.0,0.0,0.0,0.0,0.0,0.0,7.191262514004887,8.828181075090049,3.0,1.3862943611198906,0.011627906976744186,3.893010013940146,140.99999999999997,0.021276595744680854,0.875,0.17337946109250124,0.0,1.3862943611198906,0.0,0.021276595744680854,0.0,0.0,0.0,0.0,0.0,1,3
2021-01-28,NOK,6.016666666666667,16.0,11.0,4.0,60.12144332783242,33.71018322377454,26.411260104057874,2.6667733333333334,25.9423354297476,3.088724319159102,30.799045682681786,49.733333333333334,3.7833333333333337,0.2,10.333333333333334,0.5833333333333333,0.0,258,0.44323102493074795,0.4314988794977572,0.5133613826857233,0.5122805438109597,0.6288088642659281,0.0332409972299169,0.6875,0.25,1.7174515235457064,0.09695290858725761,0.0,5.602800535807403,4.389683119788012,6.016666666666667,1.9482882714602807,0.023320413436692507,4.112862759236387,140.99999999999997,0.04267139479905438,0.9375,0.2846104860232492,0.0,1.9482882714602807,0.0,0.04267139479905438,0.0,0.0,0.0,0.0,0.0,1,3
2021-01-28,PLTR,2.25,4.0,3.0,1.0,17.273706874137307,8.885112931101515,8.388593943035792,1.8028,13.414504652025204,1.6161242603550297,11.865342011947588,174.0,2.0,0.0,166.0,0.5,0.0,258,0.8012444444444444,0.776585173626501,0.7182774490466799,0.6869018965299637,0.8888888888888888,0.0,0.75,0.25,73.77777777777777,0.2222222222222222,0.0,3.9489390804895623,3.7282639746825743,2.25,1.1786549963416462,0.00872093023255814,2.905463243851154,140.99999999999997,0.01595744680851064,0.84375,0.6426239055369456,0.0,1.1786549963416462,0.0,0.01595744680851064,0.0,0.0,0.0,0.0,0.0,1,3
2021-01-28,SPY,2.208333333333333,5.0,2.0,0.0,19.781313962821514,10.823599171008585,8.957714791812927,-0.26062916666666675,-5.919679446280027,0.75,1.5799504838286458,15.833333333333332,1.25,0.625,0.0,0.0,0.125,258,-0.11802075471698119,-0.29925612916340727,0.339622641509434,0.07987085624332758,0.5660377358490567,0.28301886792452835,0.4,0.0,0.0,0.0,0.05660377358490567,4.9012524547963405,4.0563236793115145,2.208333333333333,1.1657515915057381,0.008559431524547802,3.034054215761599,140.99999999999997,0.01566193853427896,0.8125,-0.27664129362448,0.0,1.1657515915057381,0.0,0.01566193853427896,0.0,0.0,0.0,0.0,0.0,1,3
2021-01-29,AAL,77.92500000000001,100.0,81.0,11.0,101.59714680150506,55.302954020276744,46.29419278122831,12.811550000000002,7.703625823493041,28.549999999999997,44.48592822451319,110.40833333333335,35.11666666666667,5.0,39.375,0.125,0.0,16561,0.16440872633942893,0.075825218187908,0.3663779274943855,0.43786592069782587,0.45064698962677785,0.06416426050689765,0.81,0.11,0.505293551491819,0.0016041065126724413,0.0,0.7096946297116039,0.5940865291142547,77.92500000000001,4.368498034444055,0.004705331803635047,4.630810123397801,7061.00000000001,0.011035972241892069,0.9705882352941176,-0.11043323141699402,0.0,4.1861764776501005,0.0,0.009617532525580012,0.0,0.0,0.2,0.18232155679395465,1.0,0,4
2021-01-29,AAPL,4.583333333333333,7.0,2.0,1.0,12.796835125767942,5.5970926261741525,7.199742499593786,1.0428027777777777,2.372742879071069,2.0,2.4849066497880004,62.5,2.0,0.0,57.0,0.0,0.0,16561,0.22752060606060606,0.18541638270335065,0.4363636363636364,0.1941813444782411,0.4363636363636364,0.0,0.2857142857142857,0.14285714285714285,12.436363636363637,0.0,0.0,1.2211838457107242,1.5708529090022807,4.583333333333333,1.7197859696029656,0.0002767546243181772,2.624439227148547,7061.00000000001,0.0006491054147193494,0.8186274509803921,-0.04732135169581689,0.0,1.7197859696029656,0.0,0.0006491054147193494,0.0,0.0,0.0,0.0,0.0,1,4
2021-01-29,AG,21.569047619047616,34.0,21.0,16.0,41.90368916595347,24.346894112006446,17.556795053947017,4.168213888888888,14.23839505841106,11.473801568801566,21.694525175433053,42.95238095238095,13.235714285714286,1.0,3.642857142857143,0.2,0.0,16561,0.19324978842403503,0.33978858047609994,0.5319568008496146,0.5177235133048796,0.6136438900540899,0.046362733193509226,0.6176470588235294,0.47058823529411764,0.16889281377635504,0.009272546638701844,0.0,1.1287885558055755,0.8139810048192679,21.569047619047616,3.1165793931756274,0.0013024000736095414,3.7589578167810225,7061.00000000001,0.0030546732217883567,0.9411764705882353,-0.08159216933238791,0.0,2.8934358418614177,0.0,0.0012816235763982854,0.0,0.0,0.25,0.22314355131420976,1.0,0,4
2021-01-29,AHT,2.0,2.0,2.0,1.0,1.791759469228055,0.6931471805599453,1.0986122886681098,0.0,0.0,0.0,0.0,0.0,0.0,0.0,0.0,0.0,0.0,16561,0.0,0.0,0.0,0.0,0.0,0.0,1.0,0.5,0.0,0.0,0.0,0.34657359027997264,0.5493061443340549,2.0,1.0986122886681098,0.00012076565424793189,1.026672031199051,7061.00000000001,0.0002832459991502616,0.6617647058823529,-0.27484195775642295,0.0,1.0986122886681098,0.0,0.0002832459991502616,0.0,0.0,0.0,0.0,0.0,1,4
2021-01-29,AMC,1296.3476190476167,2241.0,1534.0,285.0,3410.9878014662204,1885.675638037493,1525.3121634287475,272.99206924603186,770.0424055402348,683.7357409773412,1829.1568413720736,3517.609523809524,798.086904761908,77.88333333333334,1335.1428571428573,89.33333333333334,2.1666666666666665,16561,0.21058554452129902,0.2257534914693129,0.527432403879184,0.536254289911505,0.6156426663923954,0.06007904993149262,0.6845158411423472,0.12717536813922356,1.0299265702541593,0.06891155737915695,0.0016713623991213439,1.4546064730869301,1.1766227985587256,1296.3476190476167,7.168077166176041,0.0782771341735171,8.135050333419429,7061.00000000001,0.18359263830160244,0.9950980392156863,-0.06425641323512393,0.0,4.128328007205276,0.0,0.04245788652855281,0.0,0.0,19.899999999999995,3.039749158970765,1.0,0,4
2021-01-29,AMD,6.825,13.0,7.0,1.0,19.546088011159405,8.814678384961866,10.73140962619754,0.8155813888888889,-1.1658460901115875,2.8816666666666664,8.478283822633728,16.458333333333336,3.7916666666666665,1.0,0.775,1.0,0.0,16561,0.1194991045991046,-0.05964600637457344,0.42222222222222217,0.43375860263154653,0.5555555555555555,0.14652014652014653,0.5384615384615384,0.07692307692307693,0.11355311355311355,0.14652014652014653,0.0,1.2915279684925811,1.5723677107981742,6.825,2.057323736426217,0.0004121127951210676,3.0226705584001707,7061.00000000001,0.0009665769721002677,0.8578431372549019,-0.15534285315731836,0.0,1.8341801851120074,0.0,-0.0008064726732898036,0.0,0.0,0.25,0.22314355131420976,1.0,0,4
2021-01-29,AMZN,3.833333333333333,5.0,5.0,0.0,11.585572016459752,5.67748907829082,5.908082938168931,0.8950777777777777,-1.7389432550885313,0.3888888888888889,1.309278007724341,5.0,1.0,0.3333333333333333,0.0,3.0,0.0,16561,0.23349855072463768,-0.15009558894614744,0.10144927536231885,0.11300935386394692,0.2608695652173913,0.08695652173913043,1.0,0.0,0.0,0.782608695652174,0.0,1.481084107380214,1.541239027348417,3.833333333333333,1.575536360758419,0.00023146750397520275,2.532551079795895,7061.00000000001,0.0005428881650380013,0.7990196078431373,-0.04134340703178527,0.0,1.575536360758419,0.0,0.0005428881650380013,0.0,0.0,0.0,0.0,0.0,1,4
2021-01-29,APPS,7.333333333333333,12.0,7.0,0.0,12.852493848840151,6.578121959228571,6.274371889611581,1.1292916666666666,2.446106698423083,2.3055555555555554,3.9833733288267217,12.25,2.25,0.0,1.0,0.0,0.0,16561,0.15399431818181816,0.1903215614955402,0.3143939393939394,0.30992999301736246,0.3068181818181818,0.0,0.5833333333333334,0.0,0.13636363636363638,0.0,0.0,0.897016630803896,0.8555961667652157,7.333333333333333,2.120263536200091,0.0004428073989090836,2.628465277712357,7061.00000000001,0.001038568663550959,0.8627450980392157,-0.12084763957460479,0.0,2.120263536200091,0.0,0.001038568663550959,0.0,0.0,0.0,0.0,0.0,1,4
2021-01-29,APRN,3.0,3.0,3.0,0.0,1.3862943611198906,0.6931471805599453,0.6931471805599453,2.481466666666667,1.2175592324655813,0.8,1.2476649250079015,14.0,2.0,1.0,10.0,0.0,0.0,16561,0.8271555555555556,0.8782833333333334,0.26666666666666666,0.9,0.6666666666666666,0.3333333333333333,1.0,0.0,3.3333333333333335,0.0,0.0,0.23104906018664842,0.23104906018664842,3.0,1.3862943611198906,0.00018114848137189784,0.8697416861919438,7061.00000000001,0.0004248689987253924,0.7524509803921569,0.5523135977991327,0.0,1.3862943611198906,0.0,0.0004248689987253924,0.0,0.0,0.0,0.0,0.0,1,4
2021-01-29,ATOS,5.325,8.0,6.0,2.0,6.428895675641835,1.0986122886681098,5.330283386973724,3.451931666666667,4.77178772410267,4.325,6.428895675641835,13.325,4.825,0.5,10.325,0.0,0.0,16561,0.6482500782472613,0.7422406529603973,0.812206572769953,1.0,0.9061032863849765,0.09389671361502347,0.75,0.25,1.9389671361502345,0.0,0.0,0.20631216688603,1.0009921853471782,5.325,1.8445100346135839,0.00032153855443511865,2.005377217217633,7061.00000000001,0.0007541424727375715,0.8431372549019608,0.3734081204908384,0.0,1.8445100346135839,0.0,0.0007541424727375715,0.0,0.0,0.0,0.0,0.0,1,4
2021-01-29,BB,607.2309523809535,1219.0,786.0,205.0,1633.5187274282794,908.334818481045,725.1839089472205,152.53025230158735,426.94039471454585,335.13673860903833,898.8986107091515,2241.8928571428564,402.4369047619037,34.93333333333334,1123.6345238095241,74.12500000000001,5.166666666666666,16561,0.2511898507536811,0.2613624120408445,0.5519098413790777,0.5502836273718926,0.662741092468933,0.05752890757027402,0.6447908121410992,0.1681706316652994,1.850423664017375,0.12207052310056953,0.008508569344840145,1.495863830589437,1.1942472729754197,607.2309523809535,6.41055466572891,0.036666321621940307,7.399103683687052,7061.00000000001,0.08599786891105404,0.9901960784313726,-0.02365210700274184,0.0,4.4960860425084155,0.0,0.04498132044769706,0.0,0.0,5.783333333333333,1.9144686232204944,1.0,0,4
2021-01-29,BBBY,15.570238095238084,55.0,24.0,14.0,38.45265264478556,20.69699075318814,17.755661891597413,4.133521746031745,10.68494849187799,6.42277444777445,18.153933042711913,54.02499999999999,8.152380952380955,0.5333333333333333,9.708333333333334,3.1416666666666666,0.0,16561,0.2654758212911284,0.2778728580985671,0.41250329047561296,0.47211133157477264,0.5235874302316696,0.034253383286183985,0.43636363636363634,0.2545454545454545,0.6235186176313179,0.20177383592017753,0.0,1.3292661696366732,1.1403590480114563,15.570238095238084,2.8076082003900407,0.00094017499518375,3.675101285710305,7061.00000000001,0.0022051038231465886,0.9215686274509803,-0.00936613646529455,0.0,2.2575618634707686,0.0,-0.0029958418033309542,0.0,0.0,0.7333333333333334,0.550046336919272,1.0,0,4
2021-01-29,BBY,5.983333333333333,10.0,6.0,1.0,7.416864027940308,4.437638626564877,2.9792254013754325,2.0278466666666666,1.6621969501466052,4.45,6.827463073908049,7.65,4.45,0.0,1.0,0.0,0.0,16561,0.3389158774373259,0.22411047902252074,0.7437325905292479,0.920532323120404,0.7437325905292479,0.0,0.6,0.1,0.1671309192200557,0.0,0.0,0.7416666228242135,0.49792067989561545,5.983333333333333,1.943526357700037,0.0003612905822917296,2.130237315642534,7061.00000000001,0.0008473776141245327,0.8480392156862745,0.06407391968090292,0.0,1.943526357700037,0.0,0.0008473776141245327,0.0,0.0,0.0,0.0,0.0,1,4
2021-01-29,BNGO,2.0,3.0,2.0,1.0,5.000533940437496,0.34657359027997264,4.653960350157523,0.1762166666666667,0.7354236198256403,0.16666666666666666,0.4817286263160275,1.5,0.5,0.0,0.5,0.0,0.0,16561,0.08810833333333334,0.14706901874588582,0.08333333333333333,0.09633543778604593,0.25,0.0,0.6666666666666666,0.3333333333333333,0.25,0.0,0.0,0.17328679513998632,2.3269801750787615,2.0,1.0986122886681098,0.00012076565424793189,1.7918484553415894,7061.00000000001,0.0002832459991502616,0.6617647058823529,-0.1867336244230896,0.0,1.0986122886681098,0.0,0.0002832459991502616,0.0,0.0,0.0,0.0,0.0,1,4
2021-01-29,CCL,3.666666666666667,5.0,4.0,0.0,4.295661762807258,3.5632535703618524,0.7324081924454064,1.030388888888889,1.9870873549481722,0.3333333333333333,1.8500161249047196,4.333333333333333,1.3333333333333333,1.0,2.0,0.0,0.0,16561,0.28101515151515155,0.46258003182484986,0.0909090909090909,0.4306708086103398,0.3636363636363636,0.2727272727272727,0.8,0.0,0.5454545454545454,0.0,0.0,0.9717964282805052,0.1997476888487472,3.666666666666667,1.540445040947149,0.00022140369945454182,1.6668879500557379,7061.00000000001,0.0005192843317754797,0.7892156862745098,0.006173193758728601,0.0,1.540445040947149,0.0,0.0005192843317754797,0.0,0.0,0.0,0.0,0.0,1,4
2021-01-29,CIDM,2.0,2.0,2.0,0.0,2.4849066497880004,1.791759469228055,0.6931471805599453,0.8957,0.984027026960026,1.0,1.0986122886681098,4.0,1.0,0.0,4.0,0.0,0.0,16561,0.44785,0.39600160716056604,0.5,0.4421141086977403,0.5,0.0,1.0,0.0,2.0,0.0,0.0,0.8958797346140275,0.34657359027997264,2.0,1.0986122886681098,0.00012076565424793189,1.2484412575662103,7061.00000000001,0.0002832459991502616,0.6617647058823529,0.17300804224357708,0.0,1.0986122886681098,0.0,0.0002832459991502616,0.0,0.0,0.0,0.0,0.0,1,4
2021-01-29,COIN,9.5,10.0,10.0,0.0,12.173218820659097,8.302017809751204,3.871201010907891,2.5509,3.711065721393675,6.5,9.282847062762931,13.5,6.5,0.0,11.0,0.0,0.0,16561,0.2685157894736842,0.3048549258882661,0.6842105263157895,0.7625630656543417,0.6842105263157895,0.0,1.0,0.0,1.1578947368421053,0.0,0.0,0.8738966115527583,0.40749484325346225,9.5,2.3513752571634776,0.0005736368576776765,2.5781858914100426,7061.00000000001,0.0013454184959637426,0.8970588235294118,-0.006326168282738742,0.0,2.3513752571634776,0.0,0.0013454184959637426,0.0,0.0,0.0,0.0,0.0,1,4
2021-01-29,CRSR,2.533333333333333,4.0,3.0,1.0,17.92117992988689,9.484168542617986,8.437011387268905,0.7879888888888888,5.252728354680161,2.533333333333333,17.92117992988689,6.333333333333334,2.533333333333333,0.0,2.8,1.0,0.0,16561,0.3110482456140351,0.2931017028583181,1.0,1.0,1.0,0.0,0.75,0.25,1.1052631578947367,0.39473684210526316,0.0,3.7437507405071,3.3303992318166733,2.533333333333333,1.2622417124499117,0.00015296982871404704,2.9402819258380952,7061.00000000001,0.00035877826559033133,0.7303921568627451,0.03620628785761215,0.0,0.5690945318899664,0.0,-0.006733420315969954,0.0,0.0,1.0,0.6931471805599453,1.0,0,4
2021-01-29,CTRM,18.934523809523807,46.0,24.0,17.0,31.14643327966495,17.246254728145317,13.900178551519629,4.0698406746031734,6.123944724408011,9.455662393162395,12.370577736381668,26.885714285714283,10.308333333333334,0.825,10.425,0.0,0.0,16561,0.2149428586398407,0.19661784928697582,0.4993873882588125,0.39717477841863313,0.544419993712669,0.04357120402389186,0.5217391304347826,0.3695652173913043,0.5505815781200881,0.0,0.0,0.9108364647370052,0.7341182007718635,18.934523809523807,2.9924530933909455,0.001143320077865093,3.4703015045500165,7061.00000000001,0.002681564057431494,0.9362745098039216,-0.059899099116582255,0.0,2.9924530933909455,0.0,0.002681564057431494,0.0,0.0,0.0,0.0,0.0,1,4
2021-01-29,EXPR,17.29285714285714,53.0,25.0,20.0,32.59563257660842,20.66500276500188,11.93062981160654,3.6192492857142846,8.096072767867515,7.474654745838957,13.23226111712648,52.436904761904756,10.05119047619048,1.9583333333333333,18.166666666666664,2.6,0.5,16561,0.20929157372986365,0.24837906577942878,0.4322394318122487,0.40595196568212444,0.5812336500068844,0.11324521547569875,0.4716981132075472,0.37735849056603776,1.050530083987333,0.15035109458901283,0.02891367203634862,1.1950022251550034,0.6899166351197504,17.29285714285714,2.906510663590221,0.0010441916033365824,3.5143960756816224,7061.00000000001,0.0024490662997956546,0.9264705882352942,-0.0655503840265593,0.0,2.7241891067962665,0.0,0.0010306265834835976,0.0,0.0,0.2,0.18232155679395465,1.0,0,4
2021-01-29,FAST,4.333333333333333,6.0,3.0,0.0,12.193640280086889,6.546190334114858,5.647449945972031,1.8331666666666668,3.6189059623107758,4.055555555555555,10.193428882180315,26.666666666666668,4.333333333333333,0.0,7.5,12.5,0.0,16561,0.4230384615384616,0.29678634757011124,0.9358974358974359,0.8359627353307227,1.0,0.0,0.5,0.0,1.7307692307692308,2.884615384615385,0.0,1.5106593078726596,1.3032576798396995,4.333333333333333,1.6739764335716716,0.0002616589175371857,2.579734916527761,7061.00000000001,0.0006136996648255668,0.8137254901960784,0.14819650378203864,0.0,1.6739764335716716,0.0,0.0006136996648255668,0.0,0.0,0.0,0.0,0.0,1,4
2021-01-29,FB,3.2,4.0,2.0,1.0,6.532226269931401,4.044989496699406,2.4872367732319955,1.1382,2.3990070674478643,0.46666666666666673,-2.7176582712886432,5.4,1.0,1.2,0.0,0.0,0.0,16561,0.3556875,0.36725719047589844,0.14583333333333334,-0.416038599856582,0.3125,0.37499999999999994,0.5,0.25,0.0,0.0,0.0,1.2640592177185643,0.7772614916349986,3.2,1.4350845252893227,0.00019322504679669103,2.0191906514922993,7061.00000000001,0.0004531935986404186,0.7598039215686274,0.08084554224357704,0.0,1.4350845252893227,0.0,0.0004531935986404186,0.0,0.0,0.0,0.0,0.0,1,4
2021-01-29,FCEL,3.5,4.0,4.0,0.0,3.380786384402028,1.732867951399863,1.6479184330021646,1.3745166666666666,2.3229865291739538,1.5,2.6876392038420827,41.5,1.5,0.0,39.5,0.0,0.0,16561,0.3927190476190476,0.6871142583546664,0.42857142857142855,0.794974570485161,0.42857142857142855,0.0,1.0,0.0,11.285714285714286,0.0,0.0,0.4951051289713894,0.47083383800061845,3.5,1.5040773967762742,0.0002113398949338808,1.4772282480908252,7061.00000000001,0.0004956804985129578,0.7720588235294118,0.11787708986262463,0.0,1.5040773967762742,0.0,0.0004956804985129578,0.0,0.0,0.0,0.0,0.0,1,4
2021-01-29,FIZZ,2.708333333333333,6.0,1.0,1.0,13.144736403303138,7.315550668683364,5.829185734619774,-0.33406111111111114,-3.128071822615378,0.19642857142857142,-1.153800094519465,6.458333333333334,0.3333333333333333,0.125,0.0,0.0,0.0,16561,-0.12334564102564105,-0.2379714378927618,0.07252747252747253,-0.0877765866974348,0.12307692307692308,0.046153846153846156,0.16666666666666666,0.16666666666666666,0.0,0.0,0.0,2.7011264007446267,2.1523147327826857,2.708333333333333,1.3105825393841941,0.00016353682346074107,2.649342569253142,7061.00000000001,0.0003835622905159792,0.7401960784313726,-0.398187598782064,0.0,0.46328467899699055,0.0,-0.009072702484897733,0.0,0.0,1.3333333333333333,0.8472978603872036,1.0,0,4
2021-01-29,FUBO,4.283333333333333,8.0,4.0,3.0,12.542392041223032,6.429014991851897,6.113377049371135,1.06272,3.2053631385360575,-1.4971861471861474,-8.849169793231665,21.083333333333332,0.5,2.333333333333333,0.25,0.0,0.0,16561,0.2481058365758755,0.2555623463212602,-0.34953762191116283,-0.7055408381548857,0.11673151750972763,0.5447470817120622,0.5,0.375,0.058365758754863814,0.0,0.0,1.5009373521833222,1.4272475601644672,4.283333333333333,1.66455721165518,0.00025863977618098745,2.6058249166682637,7061.00000000001,0.0006066185148468102,0.8088235294117647,-0.02673612118054744,0.0,1.66455721165518,0.0,0.0006066185148468102,0.0,0.0,0.0,0.0,0.0,1,4
2021-01-29,GE,7.5,8.0,7.0,1.0,14.84693790260059,8.277788044249249,6.5691498583513415,-0.2892500000000001,0.7525207299594813,0.6588235294117647,1.6121908088683465,24.0,2.0,1.0,0.0,0.0,0.0,16561,-0.03856666666666668,0.05068524802192846,0.08784313725490196,0.10858742856235393,0.26666666666666666,0.13333333333333333,0.875,0.125,0.0,0.0,0.0,1.1037050725665665,0.8758866477801789,7.5,2.1400661634962708,0.0004528712034297446,2.762976289394313,7061.00000000001,0.001062172496813481,0.8700980392156863,-0.31340862442308964,0.0,1.85238409104449,0.0,-0.0013018936970399472,0.0,0.0,0.3333333333333333,0.2876820724517809,1.0,0,4
2021-01-29,GEVO,2.0,2.0,2.0,1.0,5.393627546352361,1.3862943611198906,4.007333185232471,1.2049,2.9931816960496107,1.0,2.3025850929940455,4.0,1.0,0.0,4.0,0.0,0.0,16561,0.60245,0.554947791690559,0.5,0.4269084346677318,0.5,0.0,1.0,0.5,2.0,0.0,0.0,0.6931471805599453,2.0036665926162356,2.0,1.0986122886681098,0.00012076565424793189,1.8553017984487439,7061.00000000001,0.0002832459991502616,0.6617647058823529,0.3276080422435771,0.0,1.0986122886681098,0.0,0.0002832459991502616,0.0,0.0,0.0,0.0,0.0,1,4
2021-01-29,GME,3593.7476190476327,4664.0,2956.0,648.0,10331.89995413072,5695.174266640039,4636.72568749081,791.9005528571419,2413.342151872324,1723.058662992456,4607.305466407843,12907.651190476206,2167.178571428567,290.05,4587.426190476191,666.3750000000002,40.0,16561,0.22035508243814875,0.23358164157478736,0.4794601195308974,0.44593012774633284,0.6030413933193461,0.08070961868960214,0.6337907375643225,0.13893653516295026,1.2765020465437942,0.1854262098061839,0.011130442156814637,1.5847451936954042,1.290220176540826,3593.7476190476327,8.18722906436606,0.21700064120811743,9.243088253996836,7061.00000000001,0.5089573175255102,1.0,-0.0544868753182742,0.0,3.6584900599144907,0.0,-0.14098358081964357,0.0,0.0,91.64166666666667,4.528739004451569,1.0,0,4
2021-01-29,GOGO,2.0,2.0,2.0,0.0,1.3862943611198906,1.3862943611198906,0.0,-0.37063333333333337,-0.2569034500215344,-2.0,-1.3862943611198906,4.0,0.0,2.0,0.0,0.0,0.0,16561,-0.18531666666666669,-0.18531666666666669,-1.0,-1.0,0.0,1.0,1.0,0.0,0.0,0.0,0.0,0.6931471805599453,0.0,2.0,1.0986122886681098,0.00012076565424793189,0.8697416861919438,7061.00000000001,0.0002832459991502616,0.6617647058823529,-0.46015862442308963,0.0,1.0986122886681098,0.0,0.0002832459991502616,0.0,0.0,0.0,0.0,0.0,1,4
2021-01-29,GOLD,15.033333333333335,17.0,8.0,1.0,138.54489195270747,60.73591300742742,77.80897894528003,3.313956666666667,41.24131549745168,4.7666666666666675,23.204516460724747,14.633333333333333,5.533333333333333,0.0,3.0,2.0,0.0,16561,0.22044057649667403,0.29767474582555864,0.3170731707317073,0.1674873474847824,0.36807095343680707,0.0,0.47058823529411764,0.058823529411764705,0.19955654101995562,0.13303769401330376,0.0,4.040082905150382,5.175763566204879,15.033333333333335,2.774669888443606,0.0009077551677636215,4.938386355605537,7061.00000000001,0.0021290657602794664,0.9166666666666666,-0.054401381259748915,0.0,1.3883755273237155,0.0,-0.019147529984401387,0.0,0.0,3.0,1.3862943611198906,1.0,0,4
2021-01-29,HOOD,22.583333333333336,30.0,22.0,0.0,56.45049000138708,38.47693500276574,17.973554998621335,1.5154583333333331,-3.6615623966110644,6.282683982683982,20.39394585217648,83.58333333333333,8.666666666666668,1.5,59.666666666666664,2.5,0.0,16561,0.0671051660516605,-0.06486325267541689,0.2782000287535342,0.36127136986189784,0.3837638376383764,0.06642066420664205,0.7333333333333333,0.0,2.6420664206642064,0.1107011070110701,0.0,1.7037757196796637,0.7958769741086937,22.583333333333336,3.1605402478552374,0.0013636455125495643,4.050923533438323,7061.00000000001,0.0031983194070717043,0.946078431372549,-0.20773679170476245,0.0,3.1605402478552374,0.0,0.0031983194070717043,0.0,0.0,0.0,0.0,0.0,1,4
2021-01-29,IDEX,3.5,4.0,4.0,0.0,4.0150420471337815,3.119162312519754,0.8958797346140275,0.6768333333333333,1.3594209824431247,1.5,2.6287476860138907,2.0,1.5,0.0,0.0,0.0,0.0,16561,0.19338095238095238,0.3385820039950951,0.42857142857142855,0.6547248210988165,0.42857142857142855,0.0,1.0,0.0,0.0,0.0,0.0,0.8911892321485011,0.2559656384611507,3.5,1.5040773967762742,0.0002113398949338808,1.6124418056526855,7061.00000000001,0.0004956804985129578,0.7720588235294118,-0.08146100537547057,0.0,1.5040773967762742,0.0,0.0004956804985129578,0.0,0.0,0.0,0.0,0.0,1,4
2021-01-29,INO,5.0,5.0,3.0,1.0,5.2574953720277815,1.3862943611198906,3.8712010109078907,1.9471666666666667,1.7327889298976225,-0.8,-1.791759469228055,23.0,0.0,1.0,0.0,0.0,0.0,16561,0.38943333333333335,0.3295844898155939,-0.16,-0.34080095985647724,0.0,0.2,0.6,0.2,0.0,0.0,0.0,0.2772588722239781,0.7742402021815782,5.0,1.791759469228055,0.00030191413561982973,1.8337800047354695,7061.00000000001,0.000708114997875654,0.8382352941176471,0.1145913755769104,0.0,1.791759469228055,0.0,0.000708114997875654,0.0,0.0,0.0,0.0,0.0,1,4
2021-01-29,IPOE,2.5,4.0,1.0,1.0,20.110889091685927,11.010002111985052,9.10088697970087,0.7908250000000001,7.853066822380865,1.6,15.722520786908895,18.5,2.25,0.25,1.0,0.0,0.0,16561,0.31633000000000006,0.39048829649343614,0.64,0.7817914322549154,0.9,0.1,0.25,0.25,0.4,0.0,0.0,4.404000844794021,3.6403547918803483,2.5,1.252762968495368,0.00015095706780991487,3.0497889780593517,7061.00000000001,0.000354057498937827,0.7181372549019608,0.041488042243577106,0.0,1.252762968495368,0.0,0.000354057498937827,0.0,0.0,0.0,0.0,0.0,1,4
2021-01-29,JAGX,4.666666666666666,6.0,5.0,0.0,5.9683907240939975,3.2524350141193485,2.7159557099746485,1.5335222222222225,2.1136149776079147,3.6666666666666665,5.275243543534052,11.666666666666666,3.6666666666666665,0.0,0.6666666666666666,0.0,0.0,16561,0.3286119047619048,0.3541348204760441,0.7857142857142858,0.8838636388596751,0.7857142857142858,0.0,0.8333333333333334,0.0,0.14285714285714288,0.0,0.0,0.6969503601684319,0.581990509280282,4.666666666666666,1.7346010553881064,0.0002817865265785077,1.9413843120444128,7061.00000000001,0.0006609073313506103,0.8259803921568627,0.05376994700548188,0.0,1.7346010553881064,0.0,0.0006609073313506103,0.0,0.0,0.0,0.0,0.0,1,4
2021-01-29,JPM,3.7083333333333335,10.0,1.0,0.0,18.68139769390195,10.12824195256193,8.553155741340019,0.7793416666666667,8.044364618254571,-0.09722222222222232,10.07184775931253,14.666666666666664,1.7916666666666665,1.3333333333333333,1.75,0.0,0.0,16561,0.21015955056179775,0.43060828477948637,-0.0262172284644195,0.5391378056578828,0.4831460674157303,0.3595505617977528,0.1,0.0,0.47191011235955055,0.0,0.0,2.7312113130504083,2.306468963956859,3.7083333333333335,1.549333988364395,0.00022391965058470706,2.9796739101338363,7061.00000000001,0.00052518529009111,0.7941176470588235,-0.0646824071946252,0.0,1.089801658985955,0.0,-0.0036119305491523887,0.0,0.0,0.5833333333333333,0.45953232937844013,1.0,0,4
2021-01-29,KODK,8.0,8.0,6.0,0.0,7.336936913707618,4.564348191467836,2.772588722239781,0.36179999999999995,0.1782276596731694,1.4,0.842199816899737,9.0,3.0,2.0,0.0,0.0,0.0,16561,0.045224999999999994,0.024291834830988693,0.175,0.11478902255875377,0.375,0.25,0.75,0.0,0.0,0.0,0.0,0.5705435239334795,0.34657359027997264,8.0,2.1972245773362196,0.00048306261699172754,2.1206958723742515,7061.00000000001,0.0011329839966010464,0.8774509803921569,-0.22961695775642296,0.0,2.1972245773362196,0.0,0.0011329839966010464,0.0,0.0,0.0,0.0,0.0,1,4
2021-01-29,KOSS,24.749999999999986,75.0,40.0,27.0,52.50345959729348,32.59197562913509,19.911483968158404,-0.6620258333333332,-1.2671638429578174,5.937923280423279,12.166665889287913,32.16666666666667,8.699999999999998,3.491666666666667,1.25,1.3916666666666666,0.0,16561,-0.02674851851851853,-0.02413486373425836,0.23991609213831444,0.23173074655665352,0.3515151515151516,0.1410774410774412,0.5333333333333333,0.36,0.05050505050505053,0.05622895622895626,0.0,1.3168475001670752,0.8045044027538754,24.749999999999986,3.2484346271097446,0.0014944749713181563,3.9797463171812173,7061.00000000001,0.0035051692394844854,0.9509803921568627,-0.30159047627494145,0.0,3.025291075795535,0.0,0.0017321195940944141,0.0,0.0,0.25,0.22314355131420976,1.0,0,4
2021-01-29,LINE,3.5,4.0,3.0,0.0,5.7156407379648595,2.884160497896886,2.8314802400679726,2.6919,4.160933811874043,3.0,4.564348191467836,72.0,3.0,0.0,61.0,3.0,0.0,16561,0.7691142857142858,0.7279907892453727,0.8571428571428571,0.7985715689144314,0.8571428571428571,0.0,0.75,0.0,17.428571428571427,0.8571428571428571,0.0,0.8240458565419674,0.808994354305135,3.5,1.5040773967762742,0.0002113398949338808,1.904439244330755,7061.00000000001,0.0004956804985129578,0.7720588235294118,0.4942723279578628,0.0,1.5040773967762742,0.0,0.0004956804985129578,0.0,0.0,0.0,0.0,0.0,1,4
2021-01-29,LIVE,2.0,3.0,1.0,0.0,4.813471612247401,3.427177251127511,1.3862943611198906,0.8696499999999999,2.4272645465326583,1.8823529411764706,4.602676380573512,11.0,2.0,0.0,4.5,0.0,0.0,16561,0.43482499999999996,0.5042648512472213,0.9411764705882353,0.956207234891021,1.0,0.0,0.3333333333333333,0.0,2.25,0.0,0.0,1.7135886255637556,0.6931471805599453,2.0,1.0986122886681098,0.00012076565424793189,1.7601779160402768,7061.00000000001,0.0002832459991502616,0.6617647058823529,0.159983042243577,0.0,1.0986122886681098,0.0,0.0002832459991502616,0.0,0.0,0.0,0.0,0.0,1,4
2021-01-29,M,2.0,2.0,2.0,2.0,0.6931471805599453,0.6931471805599453,0.0,1.0589000000000002,0.5679879046568379,2.0,0.6931471805599453,8.0,2.0,0.0,3.0,0.0,0.0,16561,0.5294500000000001,0.8194333333333335,1.0,1.0,1.0,0.0,1.0,1.0,1.5,0.0,0.0,0.34657359027997264,0.0,2.0,1.0986122886681098,0.00012076565424793189,0.5265890341390445,7061.00000000001,0.0002832459991502616,0.6617647058823529,0.25460804224357714,0.0,1.0986122886681098,0.0,0.0002832459991502616,0.0,0.0,0.0,0.0,0.0,1,4
2021-01-29,MSFT,2.7083333333333335,7.0,1.0,0.0,15.185199355666462,8.170075677591118,7.015123678075346,0.7817208333333334,8.109392290212533,-0.0378787878787879,2.1329884899508174,13.958333333333332,0.4583333333333333,0.5,5.041666666666666,0.0,0.0,16561,0.2886353846153846,0.5340326524713327,-0.013986013986013993,0.14046496460086827,0.1692307692307692,0.1846153846153846,0.14285714285714285,0.0,1.8615384615384611,0.0,0.0,3.0166433271105664,2.590199511904743,2.7083333333333335,1.3105825393841943,0.0001635368234607411,2.7840972046126042,7061.00000000001,0.00038356229051597927,0.7450980392156863,0.013793426858961677,0.0,1.3105825393841943,0.0,0.00038356229051597927,0.0,0.0,0.0,0.0,0.0,1,4
2021-01-29,MT,2.625,4.0,3.0,2.0,12.884581199931596,6.783413472108752,6.101167727822844,1.1283333333333334,-0.8810031015921536,1.8333333333333333,5.196452044055771,45.5,2.5,0.0,41.0,0.0,0.0,16561,0.42984126984126986,-0.06837654153608275,0.6984126984126984,0.4033077958392128,0.9523809523809523,0.0,0.75,0.5,15.619047619047619,0.0,0.0,2.5841575131842864,2.3242543725039404,2.625,1.2878542883066382,0.00015850492120041062,2.63077895825358,7061.00000000001,0.00037176037388471833,0.7352941176470589,0.1549993120848469,0.0,1.2878542883066382,0.0,0.00037176037388471833,0.0,0.0,0.0,0.0,0.0,1,4
2021-01-29,NAK,9.208333333333332,13.0,9.0,3.0,6.74842714879744,4.0960122273543424,2.652414921443097,2.7756666666666665,1.7635768683019464,4.5892857142857135,2.6132039139119647,19.625,4.625,0.0,7.125,0.0,0.0,16561,0.3014298642533937,0.26133154132310865,0.49838396897220427,0.38723155133676357,0.5022624434389141,0.0,0.6923076923076923,0.23076923076923078,0.7737556561085974,0.0,0.0,0.44481580749549426,0.28804505934223684,9.208333333333332,2.323204380196781,0.0005560251997665197,2.0474898742261476,7061.00000000001,0.0013041117877543294,0.8872549019607843,0.026587906496970737,0.0,2.323204380196781,0.0,0.0013041117877543294,0.0,0.0,0.0,0.0,0.0,1,4
2021-01-29,NAKD,168.68571428571425,276.0,188.0,52.0,272.12471466136674,163.56003493849872,108.5646797228678,51.986458293650834,80.33123398279696,88.7590350877193,131.9677227545804,351.8738095238094,99.21785714285711,7.6000000000000005,142.78333333333333,8.391666666666667,0.5,16561,0.30818530492509816,0.2952000669353444,0.5261799166785528,0.4849530955642954,0.5881817411924118,0.04505420054200543,0.6811594202898551,0.18840579710144928,0.8464459123757906,0.049747346431797665,0.0029640921409214097,0.9696140282600705,0.6435914278964048,168.68571428571425,5.133947986526446,0.010185720323996996,5.6099285211312,7061.00000000001,0.023889776842616346,0.9754901960784313,0.03334334716867521,0.0,4.440800805966501,0.0,0.01679757826105606,0.0,0.0,1.0,0.6931471805599453,1.0,0,4
2021-01-29,NIO,9.383333333333333,17.0,12.0,7.0,12.019344512022249,6.45831547496648,5.561029037055769,2.6357855555555556,7.091674734928333,3.7416666666666667,8.725643295845863,32.53333333333333,4.783333333333333,1.0,10.25,2.45,0.0,16561,0.28090076968620487,0.5900217543340192,0.3987566607460036,0.725966652101378,0.5097690941385435,0.10657193605683837,0.7058823529411765,0.4117647058823529,1.0923623445825934,0.26110124333925405,0.0,0.6882751838330174,0.5926496309473288,9.383333333333333,2.3402019565653522,0.0005665921945132138,2.5664362908143343,7061.00000000001,0.0013288958126799772,0.8921568627450981,0.006058811929781915,0.0,1.9347368484571879,0.0,-0.0022172034781001654,0.0,0.0,0.5,0.4054651081081644,1.0,0,4
2021-01-29,NKLA,2.033333333333333,4.0,3.0,0.0,1.6419134205343728,0.36967849629863747,1.2722349242357354,0.7210833333333333,0.6492557552751261,1.0333333333333332,1.6419134205343728,15.166666666666666,1.0333333333333332,0.0,13.3,0.0,0.0,16561,0.3546311475409836,0.3954263039422755,0.5081967213114754,1.0,0.5081967213114754,0.0,0.75,0.0,6.540983606557377,0.0,0.0,0.18180909654031352,0.6256893070011814,2.033333333333333,1.1096621248546947,0.00012277841515206408,0.9715034351371202,7061.00000000001,0.00028796676580276594,0.6936274509803921,0.07978918978456068,0.0,1.1096621248546947,0.0,0.00028796676580276594,0.0,0.0,0.0,0.0,0.0,1,4
2021-01-29,NOK,536.563095238093,1099.0,693.0,175.0,1379.2329671657765,814.1526932208571,565.0802739449153,144.3360635714286,382.98458452557395,284.61095102254956,728.3326042806664,1602.542857142858,339.9619047619041,38.50833333333333,653.0345238095238,40.29166666666668,3.3333333333333335,16561,0.269001101366059,0.27767940126357293,0.5304333330943253,0.5280707622421011,0.6335916647622781,0.07176850900684058,0.6305732484076433,0.1592356687898089,1.2170693989301447,0.07509213180005936,0.006212379052745343,1.5173475411304376,1.0531478570924977,536.563095238093,6.2870461396020385,0.03239919662086184,7.230007580690095,7061.00000000001,0.0759896750089353,0.9852941176470589,-0.005840856390363969,0.0,4.338757868141758,0.0,0.033318280209880924,0.0,0.0,6.016666666666667,1.9482882714602807,1.0,0,4
2021-01-29,NVAX,3.625,5.0,5.0,1.0,24.284484102580834,11.739130745867218,12.545353356713617,1.7817583333333333,9.867480611115983,1.625,7.903362867413598,7.25,1.625,0.0,1.75,0.0,0.0,16561,0.49151954022988503,0.4063286075765273,0.4482758620689655,0.3254490741507524,0.4482758620689655,0.0,1.0,0.2,0.4827586206896552,0.0,0.0,3.2383808954116464,3.460787132886515,3.625,1.5314763709643886,0.00021888774832437655,3.23019093102464,7061.00000000001,0.0005133833734598492,0.7843137254901961,0.21667758247346208,0.0,1.5314763709643886,0.0,0.0005133833734598492,0.0,0.0,0.0,0.0,0.0,1,4
2021-01-29,OCGN,2.0,2.0,2.0,0.0,1.3862943611198906,0.0,1.3862943611198906,1.2632333333333332,0.8756066233893415,2.0,1.3862943611198906,6.0,2.0,0.0,0.0,0.0,0.0,16561,0.6316166666666666,0.6316166666666666,1.0,1.0,1.0,0.0,1.0,0.0,0.0,0.0,0.0,0.0,0.6931471805599453,2.0,1.0986122886681098,0.00012076565424793189,0.8697416861919438,7061.00000000001,0.0002832459991502616,0.6617647058823529,0.35677470891024365,0.0,1.0986122886681098,0.0,0.0002832459991502616,0.0,0.0,0.0,0.0,0.0,1,4
2021-01-29,OGI,7.5,10.0,9.0,0.0,7.043043581256558,4.6170284492967495,2.4260151319598084,2.2344166666666663,2.2376304485028573,3.5,3.5773076784568314,36.5,3.5,0.0,36.5,0.0,0.0,16561,0.29792222222222214,0.3177078805046438,0.4666666666666667,0.5079207074590613,0.4666666666666667,0.0,0.9,0.0,4.866666666666666,0.0,0.0,0.6156037932395666,0.3234686842613078,7.5,2.1400661634962708,0.0004528712034297446,2.0848075664397094,7061.00000000001,0.001062172496813481,0.8700980392156863,0.023080264465799194,0.0,2.1400661634962708,0.0,0.001062172496813481,0.0,0.0,0.0,0.0,0.0,1,4
2021-01-29,PLTR,25.31785714285714,41.0,24.0,4.0,69.46220837961981,38.061992687430646,31.400215692189153,5.8014609920634905,15.749828147596935,16.023255633255634,46.768426313391814,133.8904761904762,17.626190476190477,1.1666666666666667,92.39285714285714,0.2,0.0,16561,0.2291450243726587,0.22673952520372112,0.6328835628877949,0.6732931100865152,0.6961959843889596,0.046080782432877235,0.5853658536585366,0.0975609756097561,3.649315841444492,0.007899562702778955,0.0,1.503365489135362,1.2402398637061594,25.31785714285714,3.2702476875977498,0.001528763791006409,4.255076514738421,7061.00000000001,0.003585590871386079,0.9558823529411765,-0.04569693338376424,0.0,2.0915926912561034,0.0,-0.012371855937124561,0.0,0.0,2.25,1.1786549963416462,1.0,0,4
2021-01-29,PLUG,4.666666666666667,7.0,3.0,0.0,10.022035681335456,5.981629975236261,4.040405706099194,-0.05791111111111111,0.3448108971982382,0.186147186147186,-3.4508526597747586,12.5,0.8333333333333333,0.8333333333333333,3.0,0.0,0.0,16561,-0.012409523809523808,0.03440527535143354,0.03988868274582557,-0.3443265190326009,0.17857142857142855,0.17857142857142855,0.42857142857142855,0.0,0.6428571428571428,0.0,0.0,1.2817778518363416,0.8658012227355415,4.666666666666667,1.7346010553881064,0.00028178652657850776,2.399896512739006,7061.00000000001,0.0006609073313506104,0.8333333333333334,-0.28725148156594676,0.0,1.7346010553881064,0.0,0.0006609073313506104,0.0,0.0,0.0,0.0,0.0,1,4
2021-01-29,QS,2.5,3.0,2.0,1.0,6.044994083254686,2.5344521011101158,3.51054198214457,0.41874999999999996,1.3214081635698551,0.5,4.658699722134795,0.5,0.5,0.0,0.0,0.0,0.0,16561,0.16749999999999998,0.21859544366309713,0.2,0.7706706835396113,0.2,0.0,0.6666666666666666,0.3333333333333333,0.0,0.0,0.0,1.0137808404440463,1.404216792857828,2.5,1.252762968495368,0.00015095706780991487,1.9523173054999978,7061.00000000001,0.000354057498937827,0.7181372549019608,-0.10734195775642297,0.0,1.252762968495368,0.0,0.000354057498937827,0.0,0.0,0.0,0.0,0.0,1,4
2021-01-29,REAL,2.5,3.0,3.0,0.0,7.331289910398238,6.2326776217301285,1.0986122886681098,2.2489833333333333,7.121468515087093,1.849206349206349,6.258147241891153,39.5,2.0,0.0,18.0,12.0,0.0,16561,0.8995933333333334,0.971380016630696,0.7396825396825396,0.8536215752448956,0.8,0.0,1.0,0.0,7.2,4.8,0.0,2.4930710486920513,0.4394449154672439,2.5,1.252762968495368,0.00015095706780991487,2.1200182953788076,7061.00000000001,0.000354057498937827,0.7181372549019608,0.6247513755769104,0.0,1.252762968495368,0.0,0.000354057498937827,0.0,0.0,0.0,0.0,0.0,1,4
2021-01-29,RIG,2.5,3.0,3.0,1.0,2.7465307216702746,1.0986122886681098,1.6479184330021646,0.9134833333333333,1.003564015493507,1.0,1.0986122886681098,8.0,1.0,0.0,7.0,0.0,0.0,16561,0.36539333333333335,0.3653933333333333,0.4,0.39999999999999997,0.4,0.0,1.0,0.3333333333333333,2.8,0.0,0.0,0.4394449154672439,0.6591673732008658,2.5,1.252762968495368,0.00015095706780991487,1.3208302708874398,7061.00000000001,0.000354057498937827,0.7181372549019608,0.0905513755769104,0.0,1.252762968495368,0.0,0.000354057498937827,0.0,0.0,0.0,0.0,0.0,1,4
2021-01-29,RKT,2.125,3.0,1.0,1.0,14.395646533817825,8.082453012904136,6.313193520913688,-0.376125,-6.526276992311375,0.8988095238095238,10.583257307952397,3.625,1.0,0.125,0.0,0.0,0.0,16561,-0.177,-0.4533507388487234,0.42296918767507,0.735170683934933,0.47058823529411764,0.058823529411764705,0.3333333333333333,0.3333333333333333,0.0,0.0,0.0,3.8035073001901814,2.9709145980770297,2.125,1.1394342831883648,0.00012831350763842762,2.7340847768452634,7061.00000000001,0.00030094887409715294,0.7009803921568627,-0.45184195775642294,0.0,1.1394342831883648,0.0,0.00030094887409715294,0.0,0.0,0.0,0.0,0.0,1,4
2021-01-29,RYCEY,10.0,11.0,11.0,2.0,10.1095256359474,7.336936913707618,2.772588722239781,2.5312833333333336,1.810223176750353,5.0,4.1588830833596715,17.0,5.0,0.0,10.0,0.0,0.0,16561,0.25312833333333334,0.17906113916102756,0.5,0.4113826140933395,0.5,0.0,1.0,0.18181818181818182,1.0,0.0,0.0,0.7336936913707618,0.2772588722239781,10.0,2.3978952727983707,0.0006038282712396595,2.407802905705557,7061.00000000001,0.001416229995751308,0.9019607843137255,-0.021713624423089606,0.0,2.3978952727983707,0.0,0.001416229995751308,0.0,0.0,0.0,0.0,0.0,1,4
2021-01-29,SHIP,6.0,8.0,4.0,1.0,19.83851068802138,9.378617631451291,10.45989305657009,1.5866555555555557,11.062888841476305,-0.4509803921568629,1.1128291236836696,14.0,1.6666666666666667,2.0,0.3333333333333333,0.0,0.0,16561,0.2644425925925926,0.5576471447605262,-0.07516339869281048,0.05609438839356036,0.2777777777777778,0.3333333333333333,0.5,0.125,0.05555555555555555,0.0,0.0,1.5631029385752153,1.7433155094283483,6.0,1.9459101490553132,0.00036229696274379567,3.0368027502250254,7061.00000000001,0.0008497379974507848,0.8529411764705882,-0.010399365163830332,0.0,1.9459101490553132,0.0,0.0008497379974507848,0.0,0.0,0.0,0.0,0.0,1,4
2021-01-29,SHOP,2.0,2.0,2.0,0.0,2.0794415416798357,1.3862943611198906,0.6931471805599453,-0.0684,-0.09482253430060052,1.0,1.3862943611198906,2.0,1.0,0.0,0.0,0.0,0.0,16561,-0.0342,-0.0456,0.5,0.6666666666666667,0.5,0.0,1.0,0.0,0.0,0.0,0.0,0.6931471805599453,0.34657359027997264,2.0,1.0986122886681098,0.00012076565424793189,1.1247482629090362,7061.00000000001,0.0002832459991502616,0.6617647058823529,-0.30904195775642296,0.0,1.0986122886681098,0.0,0.0002832459991502616,0.0,0.0,0.0,0.0,0.0,1,4
2021-01-29,SIRI,3.0,5.0,3.0,1.0,5.366996727685127,3.4442230624205363,1.9227736652645908,-0.08705555555555555,-0.6342884303186178,-1.0,-1.3862943611198906,1.0,0.0,1.0,0.0,0.0,0.0,16561,-0.029018518518518516,-0.11818312223793674,-0.3333333333333333,-0.25829983349325086,0.0,0.3333333333333333,0.6,0.2,0.0,0.0,0.0,1.1480743541401788,0.6409245550881969,3.0,1.3862943611198906,0.00018114848137189784,1.8511278870855064,7061.00000000001,0.0004248689987253924,0.7524509803921569,-0.30386047627494145,0.0,1.3862943611198906,0.0,0.0004248689987253924,0.0,0.0,0.0,0.0,0.0,1,4
2021-01-29,SKT,2.033333333333333,4.0,2.0,1.0,3.895183067091716,1.7472490050198808,2.1479340620718355,0.25414333333333333,1.3939391243065617,0.8898148148148148,-0.3765140433192974,12.2,1.0,0.3333333333333333,0.0,0.0,0.0,16561,0.12498852459016394,0.3578622879328049,0.4376138433515483,-0.096661450009952,0.49180327868852464,0.16393442622950818,0.5,0.25,0.0,0.0,0.0,0.8593027893540398,1.0563610141336897,2.033333333333333,1.1096621248546947,0.00012277841515206408,1.5882516740761523,7061.00000000001,0.00028796676580276594,0.6936274509803921,-0.14985343316625901,0.0,1.1096621248546947,0.0,0.00028796676580276594,0.0,0.0,0.0,0.0,0.0,1,4
2021-01-29,SLV,37.102380952380955,57.0,42.0,25.0,102.54200303844706,55.70622032179333,46.83578271665375,8.43467222222222,33.13149974450995,16.431103156103156,58.270061499314124,561.4619047619047,22.65238095238095,3.333333333333333,484.14285714285717,4.0,0.0,16561,0.22733506599071632,0.3231017413623921,0.4428584563667667,0.5682555418530918,0.610537123788744,0.08984149393569915,0.7368421052631579,0.43859649122807015,13.04883526920362,0.10780979272283898,0.0,1.501419016566335,1.2623390066735913,37.102380952380955,3.6402767723685763,0.0022403466549351463,4.639977356838565,7061.00000000001,0.005254550481855389,0.9656862745098039,-0.04750689176570663,0.0,3.180744442990136,0.0,0.0011174346426118904,0.0,0.0,0.5833333333333333,0.45953232937844013,1.0,0,4
2021-01-29,SNAP,4.666666666666666,6.0,5.0,3.0,5.161601347877188,2.3104906018664844,2.8511107460107037,1.5978777777777777,1.741537007926801,1.6666666666666667,2.2538575896013517,12.666666666666666,2.0,0.3333333333333333,10.0,0.0,0.0,16561,0.34240238095238096,0.3374024630249764,0.3571428571428572,0.4366585944356776,0.4285714285714286,0.07142857142857144,0.8333333333333334,0.5,2.1428571428571432,0.0,0.0,0.4951051289713896,0.6109523027165794,4.666666666666666,1.7346010553881064,0.0002817865265785077,1.8183367028328958,7061.00000000001,0.0006609073313506103,0.8259803921568627,0.06756042319595801,0.0,1.7346010553881064,0.0,0.0006609073313506103,0.0,0.0,0.0,0.0,0.0,1,4
2021-01-29,SNDL,169.852380952381,227.0,181.0,56.0,305.4062326587866,184.33609698789166,121.07013567089471,33.632668015873044,57.24270865584895,77.59146825396824,147.72145478448942,372.51904761904757,90.8583333333333,9.525,190.325,6.583333333333333,0.0,16561,0.19801116609193803,0.18743137020325004,0.45681707738746047,0.48368840903627,0.5349252852617116,0.05607810703972636,0.7973568281938326,0.24669603524229075,1.1205318343659756,0.03875914659788611,0.0,1.085272375661141,0.7127962233560763,169.852380952381,5.140799914386824,0.010256166955641627,5.7249117792352235,7061.00000000001,0.02405500367545401,0.9803921568627451,-0.07683079166448492,0.0,5.140799914386824,0.0,0.02405500367545401,0.0,0.0,0.0,0.0,0.0,1,4
2021-01-29,SOFI,8.95,20.0,18.0,0.0,19.338239564261386,10.762066874820245,8.57617268944114,0.799808888888889,3.8729505889785765,3.5424242424242425,11.44154249112439,27.78333333333333,3.95,0.5,14.333333333333332,1.0,0.0,16561,0.08936412166356303,0.20027420676575436,0.3958015913323176,0.591653777641129,0.44134078212290506,0.0558659217877095,0.9,0.0,1.601489757914339,0.111731843575419,0.0,1.2024655726056142,0.958231585412418,8.95,2.2975725511705014,0.0005404263027594952,3.012502836445082,7061.00000000001,0.0012675258461974205,0.8823529411764706,-0.18547783609285992,0.0,2.2975725511705014,0.0,0.0012675258461974205,0.0,0.0,0.0,0.0,0.0,1,4
2021-01-29,SPCE,32.80952380952381,41.0,33.0,7.0,40.66361291249723,24.88539036441796,15.77822254807927,13.26071984126984,15.17926546690926,19.01557045105432,22.308178295686087,108.83333333333333,20.0,0.0,76.75,4.0,0.0,16561,0.40417288340590224,0.37328865734515654,0.5795747162150082,0.5486029572357568,0.6095791001451378,0.0,0.8048780487804879,0.17073170731707318,2.3392597968069664,0.12191582002902758,0.0,0.7584806932551192,0.4809037351373943,32.80952380952381,3.5207425323119383,0.001981131804210121,3.7296281558482742,7061.00000000001,0.004646583176536434,0.9607843137254902,0.1293309256494793,0.0,3.5207425323119383,0.0,0.004646583176536434,0.0,0.0,0.0,0.0,0.0,1,4
2021-01-29,SPY,11.708333333333336,19.0,5.0,1.0,62.784604851567195,34.922828170222544,27.861776681344654,1.685384722222222,14.639947223794637,1.8264957264957267,16.998023552825693,57.37500000000001,5.374999999999999,2.8333333333333335,12.875,1.3333333333333333,0.0,16561,0.1439474495848161,0.23317734113969188,0.1559996350031937,0.2707355344994482,0.45907473309608526,0.24199288256227755,0.2631578947368421,0.05263157894736842,1.0996441281138787,0.11387900355871883,0.0,2.982732655107975,2.379653524385308,11.708333333333336,2.542257946259466,0.0007069822675764347,4.155511857965455,7061.00000000001,0.0016581692866921567,0.9068627450980392,-0.13089450817160686,0.0,1.376506354753728,0.0,-0.014003769247586804,0.0,0.0,2.208333333333333,1.1657515915057381,1.0,0,4
2021-01-29,SRNE,2.25,3.0,3.0,1.0,1.0955066586684703,1.0955066586684703,0.0,1.4883083333333333,0.42776332640773645,2.25,1.0955066586684703,5.25,2.25,0.0,0.0,0.0,0.0,16561,0.6614703703703704,0.3904707680441303,1.0,1.0,1.0,0.0,1.0,0.3333333333333333,0.0,0.0,0.0,0.4868918482970979,0.0,2.25,1.1786549963416462,0.00013586136102892337,0.7397953659816009,7061.00000000001,0.0003186517490440443,0.7058823529411765,0.3866284126139474,0.0,0.7731898882334818,0.0,-0.0032274475417360983,0.0,0.0,0.5,0.4054651081081644,1.0,0,4
2021-01-29,TELL,2.0,2.0,2.0,1.0,2.0794415416798357,1.3862943611198906,0.6931471805599453,0.3722333333333333,0.3792439273903647,0.5,0.0,5.0,1.0,1.0,0.0,0.0,0.0,16561,0.18611666666666665,0.18237777777777778,0.25,0.0,0.5,0.5,1.0,0.5,0.0,0.0,0.0,0.6931471805599453,0.34657359027997264,2.0,1.0986122886681098,0.00012076565424793189,1.1247482629090362,7061.00000000001,0.0002832459991502616,0.6617647058823529,-0.0887252910897563,0.0,1.0986122886681098,0.0,0.0002832459991502616,0.0,0.0,0.0,0.0,0.0,1,4
2021-01-29,TSLA,13.158333333333335,25.0,6.0,5.0,42.519903720923516,22.853351181964676,19.666552538958843,-0.8256269444444444,-0.539417906644462,3.201010101010101,5.265732678047955,25.483333333333334,5.033333333333333,1.8333333333333333,1.0833333333333333,0.3333333333333333,0.0,16561,-0.0627455562592358,-0.012686244780441992,0.24326865872147693,0.12384159457672417,0.38252058264724503,0.13932868904369852,0.24,0.2,0.08233058898036731,0.025332488917036093,0.0,1.7367967966027618,1.494608172688449,13.158333333333335,2.650303378889886,0.0007945373669061853,3.773218390250284,7061.00000000001,0.0018635226360760964,0.9117647058823529,-0.33758751401565873,0.0,2.0906875909544635,0.0,-0.003455626300094117,0.0,0.0,0.75,0.5596157879354227,1.0,0,4
2021-01-29,UVXY,2.0,2.0,1.0,0.0,2.4849066497880004,1.3862943611198906,1.0986122886681098,0.4448666666666667,1.1022885563359217,0.0,1.0986122886681096,6.0,1.0,1.0,3.0,0.0,0.0,16561,0.22243333333333334,0.44359354764089964,0.0,0.44211410869774026,0.5,0.5,0.5,0.0,1.5,0.0,0.0,0.6931471805599453,0.5493061443340549,2.0,1.0986122886681098,0.00012076565424793189,1.2484412575662103,7061.00000000001,0.0002832459991502616,0.6617647058823529,-0.052408624423089606,0.0,1.0986122886681098,0.0,0.0002832459991502616,0.0,0.0,0.0,0.0,0.0,1,4
2021-01-29,XL,4.125,6.0,5.0,0.0,5.594992667524078,3.1399181757213825,2.455074491802695,2.357591666666667,3.4143941859368203,-2.9345238095238098,-4.457979688943915,8.125,0.5,3.125,0.0,0.0,0.0,16561,0.5715373737373738,0.6102589205801003,-0.7113997113997115,-0.7967802558205462,0.12121212121212122,0.7575757575757576,0.8333333333333334,0.0,0.0,0.0,0.0,0.7611922850233654,0.5951695737703504,4.125,1.634130525024472,0.0002490791618863595,1.886310674345169,7061.00000000001,0.0005841948732474146,0.803921568627451,0.29669541598095084,0.0,1.634130525024472,0.0,0.0005841948732474146,0.0,0.0,0.0,0.0,0.0,1,4
2021-01-29,XSPA,3.5,4.0,4.0,2.0,2.4849066497880004,1.4451858789480825,1.0397207708399179,0.35658333333333336,0.2034849073063813,0.5,0.6931471805599453,1.5,0.5,0.0,1.5,0.0,0.0,16561,0.10188095238095239,0.08188835074498337,0.14285714285714285,0.2789429456511298,0.14285714285714285,0.0,1.0,0.5,0.42857142857142855,0.0,0.0,0.41291025112802354,0.29706307738283366,3.5,1.5040773967762742,0.0002113398949338808,1.2484412575662103,7061.00000000001,0.0004956804985129578,0.7720588235294118,-0.17296100537547054,0.0,1.5040773967762742,0.0,0.0004956804985129578,0.0,0.0,0.0,0.0,0.0,1,4
2021-01-29,ZOM,17.833333333333332,19.0,16.0,2.0,13.001458376478357,6.643789733147672,6.357668643330685,3.8714000000000004,1.536406566392408,4.0,-0.6931471805599453,13.0,5.0,1.0,3.0,0.0,0.0,16561,0.21708785046728976,0.11817186364046701,0.22429906542056077,-0.05331303308357741,0.28037383177570097,0.05607476635514019,0.8421052631578947,0.10526315789473684,0.16822429906542058,0.0,0.0,0.3725489569989349,0.3565047837381693,17.833333333333332,2.9356283494842854,0.0010768270837107259,2.6391614939384214,7061.00000000001,0.0025256101590898326,0.9313725490196079,-0.05775410728913319,0.0,2.9356283494842854,0.0,0.0025256101590898326,0.0,0.0,0.0,0.0,0.0,1,4
2021-02-01,AAPL,3.491666666666667,14.0,2.0,1.0,39.26702791575911,20.402593398414304,18.864434517344797,1.0615452777777779,11.930862281846812,1.0056471306471304,10.823658159678345,26.216666666666665,1.6583333333333332,0.4583333333333333,3.2333333333333334,0.9583333333333333,0.0,3263,0.30402251392203655,0.3038391983076106,0.28801349803736426,0.2756424087633703,0.4749403341288782,0.1312649164677804,0.14285714285714285,0.07142857142857142,0.9260143198090691,0.27446300715990446,0.0,5.843224839641327,5.402702009740753,3.491666666666667,1.5022238281269513,0.0010700786597200942,3.6955329682102205,1518.0000000000014,0.0023001756697408854,0.875968992248062,-0.0238637812948288,0.0,-0.21756214147601427,0.0,0.001651070255021536,0.0,0.0,4.583333333333333,1.7197859696029656,1.0,0,0
2021-02-01,AG,4.2,9.0,2.0,3.0,38.290369891727096,19.96417253456811,18.326197357158986,1.723587777777778,14.267996153318826,1.0446032516940724,9.81048583283522,67.56666666666666,1.3333333333333333,1.0,23.333333333333332,0.0,0.0,3263,0.41037804232804237,0.37262622935385975,0.2487150599271601,0.2562128770386949,0.31746031746031744,0.23809523809523808,0.2222222222222222,0.3333333333333333,5.555555555555555,0.0,0.0,4.753374412992407,4.363380323133091,4.2,1.6486586255873816,0.0012871590560833588,3.6709794479248083,1518.0000000000014,0.0027667984189723295,0.8914728682170543,0.08249174711117702,0.0,-1.4679207675882457,0.0,-0.00028787480281602723,0.0,0.0,21.819047619047616,3.1275956090778165,2.0,0,0
2021-02-01,AMC,172.97142857142862,321.0,177.0,62.0,1842.9826354371235,1018.6300118883403,824.3526235487844,71.97566686507939,808.3544995538414,87.73785403814962,965.4764209772579,1155.6404761904762,111.2607142857143,13.976190476190476,399.3071428571428,69.20833333333334,4.083333333333333,3263,0.4161130393587344,0.43861210844350346,0.5072389975776735,0.5238662602744837,0.6432317476048892,0.08080057262416031,0.5514018691588785,0.19314641744548286,2.308515031384208,0.4001142495319898,0.023606981609954843,5.8890073366521145,4.7658311569553105,172.97142857142862,5.158891082119161,0.05300993826890243,7.519682987281053,1518.0000000000014,0.11394692264257475,0.9922480620155039,0.08822674414186904,0.0,-2.0091860840568803,0.0,-0.06964571565902769,0.0,0.0,1316.2476190476168,7.183299701570295,2.0,0,0
2021-02-01,AMD,8.183333333333332,23.0,7.0,5.0,84.93290484245047,45.76316203902074,39.16974280342975,0.8517977777777777,11.991102372012488,1.0838916054705525,7.862310410533508,58.5,2.875,1.45,15.916666666666668,0.0,0.0,3263,0.10408934147997286,0.1411832362763977,0.1324511126847926,0.09257084077270171,0.35132382892057035,0.17718940936863548,0.30434782608695654,0.21739130434782608,1.9450101832993896,0.0,0.0,5.592239760369134,4.786526615490398,8.183333333333332,2.2173902469308135,0.002507917049749719,4.453566815507057,1518.0000000000014,0.005390865173473864,0.9302325581395349,-0.2237969537368925,0.0,0.16006651050459642,0.0,0.004424288201373596,0.0,0.0,7.075,2.08877286910872,2.0,0,0
2021-02-01,AMZN,2.267857142857143,6.0,1.0,0.0,18.067840874901368,8.061846738958602,10.005994135942768,0.9622654761904762,6.471354067850832,1.5626524803469775,10.112537805073128,15.470238095238097,1.625,0.0,4.946428571428571,0.0,0.0,3263,0.42430603674540684,0.3581697510320895,0.6890436133813445,0.5596981883497096,0.7165354330708662,0.0,0.16666666666666666,0.0,2.1811023622047245,0.0,0.0,3.554830058123478,4.412091902462953,2.267857142857143,1.1841344621062717,0.0006950221093647388,2.948003192169378,1518.0000000000014,0.001493977037455297,0.8217054263565892,0.09641974152854149,0.0,-0.39140189865214725,0.0,0.0009510888724172956,0.0,0.0,3.833333333333333,1.575536360758419,1.0,0,0
2021-02-01,BABA,2.7916666666666665,5.0,2.0,0.0,21.410347970478323,8.305835789547157,13.104512180931167,0.9799194444444443,7.816774408047767,1.277116402116402,11.172073542093079,15.291666666666666,1.3333333333333333,0.0,0.3333333333333333,0.3333333333333333,0.0,3263,0.35101592039800994,0.3650932912826047,0.45747453210139777,0.5218071914336797,0.47761194029850745,0.0,0.4,0.0,0.11940298507462686,0.11940298507462686,0.0,2.9752247604348026,4.69415361704997,2.7916666666666665,1.3328056761689044,0.0008555521503728675,3.1095228151567356,1518.0000000000014,0.0018390425999121633,0.8682170542635659,0.023129625181144586,0.0,0.32120476449042457,0.0,0.0015912023506556845,0.0,0.0,1.75,1.0116009116784799,1.0,0,0
2021-02-01,BB,73.75357142857146,163.0,78.0,41.0,820.5860193493709,459.49467338388985,361.09134596548176,33.57814928571428,376.4505655685934,42.37603063235417,476.81328005334615,473.8309523809524,51.75119047619048,2.5095238095238095,180.55714285714288,41.50000000000001,3.416666666666667,3263,0.4552748922570333,0.4587582004712618,0.5745624220163267,0.5810643476858204,0.7016770777847721,0.03402579374687261,0.4785276073619632,0.25153374233128833,2.4481138927896944,0.562684615757106,0.04632544025309507,6.230134547842192,4.89591675320008,73.75357142857146,4.314196989438097,0.022602994614946817,6.711236642098306,1518.0000000000014,0.0485860154338415,0.9844961240310077,0.12738859704016797,0.0,-2.096357676290813,0.0,-0.03741185347721254,0.0,0.0,613.0142857142868,6.420018194512124,2.0,0,0
2021-02-01,BBBY,4.61904761904762,14.0,4.0,3.0,41.73746282509452,23.134169570301793,18.603293254792728,1.7934999999999999,15.745140392989395,0.9716962367697661,8.026480879078667,35.9047619047619,1.4761904761904763,0.25,0.5714285714285714,0.0,0.0,3263,0.38828350515463905,0.37724239393686093,0.2103672265171658,0.19230878773620064,0.3195876288659793,0.05412371134020617,0.2857142857142857,0.21428571428571427,0.12371134020618553,0.0,0.0,5.0084284636735825,4.027517096398425,4.61904761904762,1.726162186742242,0.0014155830888898623,3.755075885122269,1518.0000000000014,0.0030428508689378238,0.8992248062015504,0.0603972099377737,0.0,-1.0814460136477986,0.0,0.0008377470457912352,0.0,0.0,16.303571428571416,2.8509129211556163,2.0,0,0
2021-02-01,CRSR,9.5,11.0,10.0,0.0,66.36375616478833,28.205318326314938,38.15843783847338,3.120133333333334,17.68153699760543,3.2586206896551726,17.368625311561214,14.833333333333332,3.3333333333333335,0.16666666666666666,8.166666666666668,0.16666666666666666,0.0,3263,0.3284350877192983,0.2664336381699113,0.3430127041742287,0.2617185390837893,0.3508771929824562,0.017543859649122806,0.9090909090909091,0.0,0.8596491228070177,0.017543859649122806,0.0,2.968980876454204,4.016677667207724,9.5,2.3513752571634776,0.0029114311982837877,4.210107130920793,1518.0000000000014,0.006258234519104079,0.937984496124031,0.0005487925024329487,0.0,1.089133544713566,0.0,0.005899456253513747,0.0,0.0,3.533333333333333,1.5114575040738967,2.0,0,0
2021-02-01,GM,4.875,9.0,1.0,0.0,53.82654856931917,27.775946209327753,26.050602359991423,0.2769333333333332,3.198059137763456,1.3527777777777776,14.404106158065929,23.25,2.625,1.0,7.75,0.0,0.0,3263,0.05680683760683758,0.05941415942069768,0.2774928774928775,0.26760226209778176,0.5384615384615384,0.20512820512820512,0.1111111111111111,0.0,1.5897435897435896,0.0,0.0,5.697629991656975,5.343713304613625,4.875,1.7707060600302227,0.00149402390438247,4.004174539583467,1518.0000000000014,0.0032114624505928824,0.9147286821705426,-0.2710794576100278,0.0,1.1028766874545672,0.0,0.003076920600996508,0.0,0.0,0.95,0.6678293725756554,1.0,0,0
2021-02-01,GME,1017.8880952380966,1250.0,720.0,240.0,10789.587706164048,5945.193853340781,4844.393852823259,335.99754297619035,3656.5881408573728,402.6613315293168,4359.761845120663,7722.132142857142,598.1690476190477,124.84285714285713,2157.1571428571433,411.12499999999994,47.75000000000001,3263,0.33009281132971335,0.3388997096495521,0.3955850681553843,0.4040712179048277,0.5876569835303246,0.12264890190473722,0.576,0.192,2.1192478357383258,0.4038999983626223,0.0469108541728555,5.840714594417303,4.7592597609564296,1017.8880952380966,6.92646720897646,0.31194854282503726,9.28642952443931,1518.0000000000014,0.6705455172846481,1.0,0.0022065161128480004,0.0,-1.2607618553895996,0.0,0.16158819975913785,0.0,0.0,3685.3892857142996,8.212402744621286,2.0,0,0
2021-02-01,GOLD,5.0,5.0,0.0,0.0,88.85300483383703,36.25743367971264,52.59557115412439,1.6593333333333333,29.489037623368908,0.0,0.0,0.0,0.0,0.0,0.0,0.0,0.0,3263,0.33186666666666664,0.3318856540475588,0.0,0.0,0.0,0.0,0.0,0.0,0.0,0.0,0.0,7.251486735942528,10.51911423082488,5.0,1.791759469228055,0.0015323322096230463,4.4981750554509725,1518.0000000000014,0.0032938076416337255,0.9224806201550387,0.00398037144980129,0.0,-0.9829104192155511,0.0,0.001164741881354259,0.0,0.0,18.033333333333335,2.946191827993855,2.0,0,0
2021-02-01,JPM,3.9499999999999997,11.0,3.0,0.0,37.04427427471356,17.12242889347782,19.921845381235737,1.6033266666666668,13.867766892828683,1.4911375661375663,12.079430826604392,46.983333333333334,2.916666666666667,0.5,2.75,0.0,0.0,3263,0.40590548523206754,0.374356554807576,0.37750318130064975,0.32608091434118924,0.7383966244725739,0.12658227848101267,0.2727272727272727,0.0,0.6962025316455697,0.0,0.0,4.334792124931094,5.043505159806516,3.9499999999999997,1.599387576580599,0.0012105424456022064,3.638750594002036,1518.0000000000014,0.002602108036890643,0.8837209302325582,0.07801919001520219,0.0,0.05005358821620387,0.0,0.002076922746799533,0.0,0.0,4.291666666666667,1.6661332561106457,2.0,0,0
2021-02-01,MGM,2.5,3.0,3.0,0.0,30.71823830051473,17.774272635851432,12.943965664663299,0.15786666666666668,2.453020273158631,0.3888888888888889,6.0427723508271445,4.5,0.5,0.0,1.0,2.0,0.0,3263,0.06314666666666667,0.07985549982264206,0.15555555555555556,0.19671611020498816,0.2,0.0,1.0,0.0,0.4,0.8,0.0,7.1097090543405725,5.17758626586532,2.5,1.252762968495368,0.0007661661048115232,3.4568918561484674,1518.0000000000014,0.0016469038208168627,0.8449612403100775,-0.26473962855019867,0.0,1.252762968495368,0.0,0.0016469038208168627,0.0,0.0,0.0,0.0,0.0,1,0
2021-02-01,MSTR,2.0,2.0,2.0,1.0,9.883386880829125,3.9889840465642745,5.8944028342648505,0.9451,6.036239644729636,1.0,6.386879319362645,4.0,1.0,0.0,3.0,0.0,0.0,3263,0.47255,0.6107460648371635,0.5,0.6462237486373542,0.5,0.0,1.0,0.5,1.5,0.0,0.0,1.9944920232821373,2.9472014171324252,2.0,1.0986122886681098,0.0006129328838492185,2.3872374871796653,1518.0000000000014,0.0013175230566534902,0.8023255813953488,0.14466370478313467,0.0,0.4054651081081645,0.0,0.0011759000570783593,0.0,0.0,1.0,0.6931471805599453,1.0,0,0
2021-02-01,NAKD,2.691666666666667,7.0,3.0,0.0,22.137998056247643,12.141351843731497,9.996646212516143,0.9597666666666667,9.572517603473923,2.4555555555555553,19.913701115271238,12.266666666666666,2.566666666666667,0.0,3.9333333333333336,0.0,0.0,3263,0.35656965944272445,0.4324021340661573,0.9122807017543858,0.8995258317701099,0.9535603715170279,0.0,0.42857142857142855,0.0,1.4613003095975232,0.0,0.0,4.510718951231516,3.7139242894796816,2.691666666666667,1.3060780272630896,0.0008249055061804066,3.141476203599763,1518.0000000000014,0.0017731664470794892,0.8604651162790697,0.028683364225859098,0.0,-3.8278699592633565,0.0,-0.02211661039553686,0.0,0.0,169.68571428571425,5.139823937286641,2.0,0,0
2021-02-01,NEW,2.0,2.0,0.0,0.0,21.466052466645476,10.897405770089573,10.568646696555906,0.6554,7.034091332896438,0.6753246753246753,7.215739103352454,32.0,1.0,0.0,11.0,2.0,1.0,3263,0.3277,0.32768443773377504,0.33766233766233766,0.33614653251055177,0.5,0.0,0.0,0.0,5.5,1.0,0.5,5.448702885044787,5.284323348277953,2.0,1.0986122886681098,0.0006129328838492185,3.112005390596579,1518.0000000000014,0.0013175230566534902,0.8023255813953488,-0.000186295216865362,0.0,0.6931471805599454,0.0,0.0012467115568659249,0.0,0.0,0.5,0.4054651081081644,1.0,0,0
2021-02-01,NOK,50.267857142857146,112.0,51.0,32.0,510.2750997807917,277.46914867593586,232.80595110485578,16.867568492063484,178.2369055017717,26.82862456987456,277.9934180349681,275.1678571428571,32.55119047619047,1.0333333333333332,101.75238095238095,20.0,0.75,3263,0.3355537604104991,0.34929571436728973,0.5337133129353375,0.5447912668174302,0.6475547661338068,0.020556542332741262,0.45535714285714285,0.2857142857142857,2.0242036708111306,0.3978685612788632,0.01492007104795737,5.51981254914828,4.631308441162317,50.267857142857146,3.9370639893859147,0.015405411321745985,6.236907801077649,1518.0000000000014,0.03311453039713907,0.9767441860465116,0.00766746519363376,0.0,-2.3499821502161238,0.0,-0.042875144611796236,0.0,0.0,542.5797619047596,6.298176451828167,2.0,0,0
2021-02-01,NVAX,2.4345238095238093,7.0,3.0,1.0,23.296571326314872,13.095227733632713,10.201343592682155,1.3301400793650793,11.332231042735787,1.8350614439324116,16.63538541603875,13.851190476190474,1.9345238095238093,0.0,6.875,0.3333333333333333,0.3333333333333333,3263,0.5463656071719641,0.4864334276493019,0.753766069879328,0.7140701171441519,0.7946210268948655,0.0,0.42857142857142855,0.14285714285714285,2.823960880195599,0.13691931540342298,0.13691931540342298,5.378968849022729,4.190282942715409,2.4345238095238093,1.2338782871048406,0.000746099849685507,3.190335242708773,1518.0000000000014,0.0016037706255097543,0.8294573643410853,0.2184793119550988,0.0,-0.297598083859548,0.0,0.0010903872520499052,0.0,0.0,3.625,1.5314763709643886,1.0,0,0
2021-02-01,PLTR,11.366666666666667,21.0,10.0,3.0,102.29308214487101,52.936694534577825,49.35638761029316,4.720236111111111,37.46064214599167,7.092721386800335,59.17154551233839,55.21666666666667,7.541666666666666,0.29166666666666663,19.166666666666664,2.333333333333333,0.3333333333333333,3263,0.4152700391006843,0.36620894942767107,0.6239930838827273,0.5784510963169298,0.6634897360703812,0.025659824046920816,0.47619047619047616,0.14285714285714285,1.6862170087976536,0.20527859237536653,0.029325513196480937,4.6571872024555265,4.342204188588841,11.366666666666667,2.51500468094528,0.003483501889876392,4.637570405295207,1518.0000000000014,0.0074879227053140035,0.9457364341085271,0.08738374388381892,0.0,-0.7552430066524698,0.0,0.0039023318339279247,0.0,0.0,27.56785714285714,3.352282209679572,2.0,0,0
2021-02-01,QQQ,2.2083333333333335,5.0,1.0,0.0,20.279230795863104,10.80371862077974,9.475512175083361,0.04908611111111111,0.6722498414393359,1.2569444444444444,11.426874984872912,24.25,1.4583333333333333,0.5,10.666666666666666,1.3333333333333333,0.0,3263,0.02222767295597484,0.03314967161261721,0.5691823899371069,0.5634767462286566,0.660377358490566,0.22641509433962262,0.2,0.0,4.830188679245283,0.6037735849056604,0.0,4.892249941485165,4.290797966075484,2.2083333333333335,1.1657515915057384,0.0006767800592501789,3.0577315170091874,1518.0000000000014,0.0014547650417215622,0.813953488372093,-0.3056586222608905,0.0,0.760286483397574,0.0,0.0013839535419339969,0.0,0.0,0.625,0.4855078157817008,2.0,0,0
2021-02-01,SLV,31.70238095238094,59.0,37.0,16.0,300.99356467254574,149.68888622694655,151.30467844559905,9.5329326984127,63.02000992016267,14.318940018525767,134.5628592860732,260.16904761904766,20.659523809523808,2.8095238095238098,96.3690476190476,5.166666666666666,0.0,3263,0.30070084366003275,0.20937328008564848,0.45166765360727185,0.44706224677084255,0.6516710476905748,0.08862185505069475,0.6271186440677966,0.2711864406779661,3.0398047315058214,0.16297408937288776,0.0,4.72169224298292,4.77265977823144,31.70238095238094,3.48744788725196,0.009715715891014692,5.710405708116523,1518.0000000000014,0.02088430892778716,0.9689922480620154,-0.027185451556832607,0.0,-0.1528288851166164,0.0,0.01562975844593177,0.0,0.0,37.68571428571429,3.655470391982807,2.0,0,0
2021-02-01,SNDL,4.833333333333333,6.0,6.0,2.0,29.098213501693657,14.47859058090694,14.61962292078672,1.0152333333333334,6.22593157158937,-0.08333333333333334,0.7074986237525106,3.333333333333333,0.3333333333333333,0.5,0.0,0.0,0.0,3263,0.210048275862069,0.21396267407368463,-0.01724137931034483,0.024314160170394335,0.06896551724137931,0.10344827586206898,1.0,0.3333333333333333,0.0,0.0,0.0,2.9955704650152293,3.024749569817942,4.833333333333333,1.7635885922613586,0.001481254469302278,3.4044658178902236,1518.0000000000014,0.003184014053579268,0.9069767441860465,-0.11783801935479635,0.0,-3.377211322125466,0.0,-0.020870989621874742,0.0,0.0,169.852380952381,5.140799914386824,1.0,0,0
2021-02-01,SPY,19.759523809523806,35.0,7.0,1.0,198.10842176658775,106.30527938144071,91.80314238514704,3.638016428571428,35.27130515052502,0.14562597752520215,3.370611598078121,253.3095238095238,5.083333333333333,7.476190476190476,50.49999999999999,7.833333333333333,5.333333333333333,3263,0.18411458006988796,0.17804041259831868,0.007369913310107834,0.01701397430771212,0.25725991083263045,0.3783588384142669,0.2,0.02857142857142857,2.555729605976624,0.39643330521749615,0.26991203759489096,5.379951480926028,4.646019978522927,19.759523809523806,3.033005120150401,0.006055630956029361,5.293849509354811,1518.0000000000014,0.013016814103770612,0.9612403100775194,-0.1437717151469774,0.0,0.4907471738909348,0.0,0.011358644817078455,0.0,0.0,13.916666666666668,2.7024791560527546,2.0,0,0
2021-02-01,TLRY,2.533333333333333,4.0,0.0,3.0,23.59148484980476,12.580910312793993,11.010574537010767,1.2292755555555555,11.557852169640546,0.9881060116354233,9.519998846654687,20.733333333333334,1.5333333333333332,0.0,2.6,0.0,0.0,3263,0.48524035087719297,0.4899162661114227,0.3900418466981934,0.4035353818237292,0.6052631578947368,0.0,0.0,0.75,1.0263157894736843,0.0,0.0,4.966148807681839,4.34627942250425,2.533333333333333,1.2622417124499117,0.0007763816528756767,3.2024002386996653,1518.0000000000014,0.0016688625384277543,0.8527131782945736,0.15735405566032762,0.0,0.692473553050471,0.0,0.001560116306611136,0.0,0.0,0.7678571428571428,0.5697681593994407,1.0,0,0
2021-02-01,TSLA,11.650000000000002,30.0,6.0,3.0,110.84265916972451,54.25211281381688,56.59054635590764,3.498474166666666,32.916537168367,1.2315811891946193,18.56041946418799,115.33333333333333,4.7,2.916666666666667,14.166666666666666,2.7916666666666665,0.6666666666666666,3263,0.30029821173104426,0.29696632519402605,0.1057151235360188,0.16744834166931977,0.4034334763948497,0.2503576537911302,0.2,0.1,1.216022889842632,0.23962804005722455,0.05722460658082974,4.6568337179241945,4.857557627116535,11.650000000000002,2.5376572151735295,0.0035703340484216986,4.717093054756173,1518.0000000000014,0.007674571805006582,0.9534883720930233,-0.02758808348582109,0.0,-0.11264616371635672,0.0,0.0058110491689304855,0.0,0.0,13.908333333333335,2.7019203407266734,2.0,0,0
2021-02-01,VIX,2.4761904761904763,8.0,1.0,0.0,23.115905840252523,10.517123042331791,12.598782797920734,0.20390892857142862,0.8008503621066002,0.031582472029626524,-2.04473612212547,46.642857142857146,0.5,1.101190476190476,3.0,0.125,0.0,3263,0.08234783653846155,0.03464499153271562,0.012754459858118404,-0.08845580771335816,0.20192307692307693,0.4447115384615384,0.125,0.0,1.2115384615384615,0.05048076923076923,0.0,4.247299690172454,5.087969976083373,2.4761904761904763,1.2459370034249682,0.0007588692847656991,3.18287161616824,1518.0000000000014,0.001631219022523369,0.8372093023255814,-0.2455384586784038,0.0,0.9094647668037552,0.0,0.0015745698226933167,0.0,0.0,0.4,0.33647223662121295,1.0,0,0
2021-02-02,AMC,77.15833333333333,118.0,79.0,20.0,736.739517765818,424.5065588638868,312.2329589019314,33.7925,329.41646392498484,46.159390650438105,455.0187293269148,362.41666666666674,57.950000000000024,5.541666666666666,96.35000000000001,50.416666666666664,0.5,1558,0.43796306296576304,0.4471274527582678,0.5982424536183791,0.6176114058694328,0.7510530294848259,0.07182201101630845,0.6694915254237288,0.1694915254237288,1.2487309644670053,0.6534182957122799,0.006480181445080463,5.501759052129433,4.046652453637733,77.15833333333333,4.358736683726892,0.0495239623448866,6.603590805339619,550.9999999999999,0.1400332728372656,0.9855072463768116,0.12037848696736264,0.0,-0.8001543983922685,0.0,0.026086350194690855,0.0,0.0,1489.2190476190453,7.306678399959188,3.0,0,1
2021-02-02,AMZN,2.833333333333333,5.0,3.0,1.0,12.04908555329326,1.7684722420826475,10.280613311210612,1.1253888888888888,4.60667964182885,0.3571428571428572,1.6875689640272324,5.5,1.5,1.0,0.0,1.0,0.0,1558,0.39719607843137256,0.3823260795562823,0.12605042016806725,0.14005784559858034,0.5294117647058824,0.35294117647058826,0.6,0.2,0.0,0.35294117647058826,0.0,0.6241666736762286,3.628451756897863,2.833333333333333,1.3437347467010947,0.00181857081728712,2.5687180587689293,550.9999999999999,0.005142165759225651,0.927536231884058,0.07961150243297216,0.0,0.159600284594823,0.0,0.0036481887217703537,0.0,0.0,6.101190476190476,1.960262442694657,2.0,0,1
2021-02-02,BB,24.149999999999995,40.0,29.0,13.0,223.7156014335607,127.99406798137711,95.72153345218351,11.942294444444446,111.31284222149819,14.30070795026935,133.8648714774312,115.16666666666666,18.36666666666667,1.25,38.68333333333334,12.0,0.0,1558,0.4945049459397287,0.4975640568123542,0.5921618198869297,0.5983707466963878,0.7605244996549347,0.05175983436853003,0.725,0.325,1.6017943409247761,0.4968944099378883,0.0,5.299961407096362,3.96362457358938,24.149999999999995,3.224857896545748,0.015500641848523745,5.414835609062063,550.9999999999999,0.04382940108892922,0.9710144927536232,0.17692036994132831,0.0,-1.0893390928923488,0.0,-0.004756614344912279,0.0,0.0,686.7678571428582,6.533451364051919,3.0,0,1
2021-02-02,CRSR,2.5,3.0,3.0,0.0,14.971427932159028,6.96979066990159,8.001637262257438,0.28330000000000005,1.7739810649684964,-0.25,-1.0063379226837874,2.0,0.0,0.5,0.0,0.0,0.0,1558,0.11332000000000002,0.11849110672723058,-0.1,-0.06721723053030544,0.0,0.2,1.0,0.0,0.0,0.0,0.0,2.787916267960636,3.200654904902975,2.5,1.252762968495368,0.0016046213093709885,2.7708013716398634,550.9999999999999,0.004537205081669693,0.8985507246376812,-0.20426457599840037,0.0,-1.0986122886681096,0.0,-0.0017210294374343862,0.0,0.0,13.033333333333333,2.641435452020226,3.0,0,1
2021-02-02,GME,367.35833333333323,434.0,303.0,97.0,3316.9086287136392,1924.164880064733,1392.7437486489061,131.38086027777763,1182.330472056827,142.1927427777488,1298.1934236751463,2062.5250000000005,217.23333333333332,47.12500000000001,372.85,185.75,8.783333333333333,1558,0.3576368040590096,0.35645554472670454,0.38706823794500966,0.39138654964354885,0.5913390649456708,0.1282807431436155,0.6981566820276498,0.22350230414746544,1.0149490733389293,0.5056370936642245,0.02390944354966768,5.237841925635007,3.7912403837730824,367.35833333333323,5.909056196283622,0.2357884039366709,8.107089932310222,550.9999999999999,0.6667120387174833,1.0,0.04005222806060921,0.0,-1.017411012692838,0.0,-0.003833478567164761,0.0,0.0,4703.277380952396,8.456227454879174,3.0,0,1
2021-02-02,MGM,2.0,3.0,1.0,0.0,16.73683423961302,9.894087747293247,6.842746492319774,0.48875,3.924415833253245,0.3888888888888889,2.878731146984873,5.5,0.5,0.0,1.5,0.5,0.0,1558,0.244375,0.23447778576696848,0.19444444444444445,0.1719997405585486,0.25,0.0,0.3333333333333333,0.0,0.75,0.25,0.0,4.947043873646623,3.421373246159887,2.0,1.0986122886681098,0.0012836970474967907,2.8756435077218687,550.9999999999999,0.003629764065335754,0.8768115942028986,-0.07320957599840039,0.0,-0.15415067982725827,0.0,0.001982860244518891,0.0,0.0,2.5,1.252762968495368,1.0,0,1
2021-02-02,NOK,14.908333333333333,27.0,19.0,10.0,131.3891724105818,72.71974080295134,58.669431607630415,5.077923611111112,46.63436957647757,6.237032119926858,56.61706865169955,49.79166666666667,7.866666666666667,0.7083333333333333,19.1,7.75,0.0,1558,0.34060974473635186,0.35493312516459485,0.41835877830699997,0.4309112205591435,0.5276690888764674,0.04751257685858021,0.7037037037037037,0.37037037037037035,1.2811626607043043,0.5198434879821129,0.0,4.877791445698245,3.935344769656596,14.908333333333333,2.7668430809437017,0.009568891741548994,4.885745860782522,550.9999999999999,0.027056866303690266,0.9420289855072463,0.023025168737951462,0.0,-1.170220908442213,0.0,-0.006057664093448802,0.0,0.0,592.8476190476167,6.386622752862404,3.0,0,1
2021-02-02,PLTR,2.825,5.0,3.0,0.0,19.37660455302368,10.373957545664844,9.002647007358837,1.47697,9.986666820876925,0.9321428571428572,6.1688706993271705,16.15,1.7,1.125,3.0,0.0,1.2,1558,0.522821238938053,0.5153981851437706,0.3299620733249052,0.31836696065330655,0.6017699115044247,0.3982300884955752,0.6,0.0,1.0619469026548671,0.0,0.42477876106194684,3.6721973612972896,3.186777701719942,2.825,1.3415584672784993,0.0018132220795892171,3.0143874070948704,550.9999999999999,0.005127041742286753,0.9130434782608695,0.2052366629396526,0.0,-1.1734462136667807,0.0,-0.002360880963027251,0.0,0.0,38.93452380952381,3.6872412081596293,3.0,0,1
2021-02-02,PLUG,2.0,3.0,1.0,2.0,13.12300631234176,6.496100010429497,6.626906301912264,1.6162666666666667,10.653600218947718,1.746031746031746,11.525376142190206,11.0,2.0,0.0,3.0,0.0,0.0,1558,0.8081333333333334,0.8118261902326721,0.873015873015873,0.8782573038428676,1.0,0.0,0.3333333333333333,0.6666666666666666,1.5,0.0,0.0,3.2480500052147483,3.313453150956132,2.0,1.0986122886681098,0.0012836970474967907,2.6478051210415647,550.9999999999999,0.003629764065335754,0.8768115942028986,0.49054875733493297,0.0,0.8754687373539001,0.0,0.003465073683254068,0.0,0.0,4.916666666666667,1.777773227253315,2.0,0,1
2021-02-02,SLV,17.241666666666667,29.0,16.0,4.0,167.85880628907427,96.1287160412251,71.73009024784915,3.0265194444444448,26.392097398651906,8.004232078610903,70.87775756143729,98.08333333333334,10.116666666666667,0.125,16.6,8.5,0.75,1558,0.1755352021910746,0.1572279583187393,0.4642377232640446,0.4222462861994667,0.5867568873852103,0.007249879168680522,0.5517241379310345,0.13793103448275862,0.9627839536007734,0.4929917834702755,0.04349927501208313,5.575372607514264,4.160275896443643,17.241666666666667,2.903708354740817,0.011066538296961918,5.129062899981937,550.9999999999999,0.03129159104658198,0.9565217391304348,-0.1420493738073258,0.0,-0.5837395325111427,0.0,0.010407282118794822,0.0,0.0,69.38809523809523,4.254024147133085,3.0,0,1
2021-02-03,AMC,142.45000000000005,217.0,153.0,26.0,1092.0877275507105,644.8078592789324,447.2798682717784,42.95223722222223,340.3244330381362,67.81609381788118,518.326062478599,543.45,91.6,12.950000000000003,90.63333333333333,41.15,1.0,2565,0.30152500682500677,0.31162737612792507,0.47606945467098044,0.4746194370676424,0.6430326430326427,0.0909090909090909,0.7050691244239631,0.11981566820276497,0.636246636246636,0.2888732888732888,0.007020007020007018,4.5265556986938025,3.1399078151756985,142.45000000000005,4.965986542427374,0.05553606237816766,6.996761748039536,855.9999999999998,0.16641355140186925,0.9886363636363636,-0.15273761283411624,0.38303123203047995,0.6072498587004818,1.0208957242288026,0.02638027856460365,0.03089921570263693,0.09226007441927359,1566.3773809523786,7.357159043579572,4.0,0,2
2021-02-03,BABA,2.0,2.0,2.0,1.0,12.78607912311333,6.851184927493742,5.934894195619588,0.7852666666666667,5.047611493788231,1.0,6.186208623900494,1.0,1.0,0.0,0.0,0.0,0.0,2565,0.39263333333333333,0.39477399171288474,0.5,0.4838237402049011,0.5,0.0,1.0,0.5,0.0,0.0,0.0,3.425592463746871,2.967447097809794,2.0,1.0986122886681098,0.0007797270955165692,2.623659323828488,855.9999999999998,0.002336448598130842,0.8863636363636364,-0.06162928632578968,0.9581151314118561,0.9808292530117263,0.6061743639673562,0.0021095883440473574,0.22958919687277896,0.6656479507225777,4.666666666666666,1.7346010553881064,3.0,0,2
2021-02-03,BB,28.166666666666664,49.0,30.0,15.0,260.16009868074957,150.30481473814953,109.85528394260001,12.468237777777775,109.18321199053531,17.503759707377736,162.26561909666972,121.6,22.099999999999998,2.333333333333333,33.73333333333333,9.416666666666668,0.0,2565,0.4426593293885601,0.4196770086734837,0.6214352558832332,0.6237144739700873,0.7846153846153846,0.08284023668639053,0.6122448979591837,0.30612244897959184,1.1976331360946744,0.33431952662721903,0.0,5.33626561200531,3.900187595595267,28.166666666666664,3.373026504695459,0.010981156595191681,5.565133624173889,855.9999999999998,0.032904984423676016,0.9772727272727273,-0.011603290270562894,0.08270880017606554,0.1481686081497111,0.20021086970880964,-0.010924416665253206,0.16114810053218903,0.16000568089000228,710.9178571428582,6.567962535575061,4.0,0,2
2021-02-03,BBBY,2.95,7.0,3.0,1.0,19.33381677802194,9.362496275006848,9.97132050301509,0.4009633333333333,3.8191560496341848,-0.12876592007026783,2.8904782900071684,26.35,1.25,1.2,0.4,0.4,0.0,2565,0.1359197740112994,0.19753761471328715,-0.043649464430599264,0.14950375930390375,0.423728813559322,0.4067796610169491,0.42857142857142855,0.14285714285714285,0.13559322033898305,0.13559322033898305,0.0,3.1737275508497786,3.3801086450898605,2.95,1.3737155789130306,0.0011500974658869396,3.01228535119085,855.9999999999998,0.0034462616822429916,0.9034090909090909,-0.3183428456478236,0.18596896068827737,0.6199437765366504,0.20619787362744368,0.0014045193954916302,-0.14178508791085076,-0.30600197299886456,22.047619047619037,3.1375624689932082,4.0,0,2
2021-02-03,CRSR,2.95,7.0,5.0,5.0,27.38659132499503,15.323482230699947,12.063109094295083,2.1404083333333332,19.686028842410085,1.0064935064935066,7.935274178872483,17.05,1.45,0.0,8.1,0.0,0.0,2565,0.7255621468926553,0.7188199732050318,0.34118423948932425,0.28975034113245646,0.4915254237288135,0.0,0.7142857142857143,0.7142857142857143,2.7457627118644066,0.0,0.0,5.194400756169473,4.089189523489858,2.95,1.3737155789130306,0.0011500974658869396,3.3459168972318185,855.9999999999998,0.0034462616822429916,0.9034090909090909,0.2712995272335323,0.3027962059720682,0.12095261041766259,0.2618101551792902,-0.001090943399426701,0.6202614802259886,-0.10741830134552144,15.533333333333333,2.805378545062772,4.0,0,2
2021-02-03,GME,573.3999999999997,682.0,500.0,116.0,4629.321009326865,2714.945634223983,1914.3753751028862,187.6373083333332,1574.7509546706717,257.59395534427455,2080.399484830382,3149.583333333333,370.84999999999985,58.36666666666668,454.6333333333333,254.81666666666672,17.5,2565,0.3272363242646203,0.34016888254194566,0.449239545420779,0.4493962463693755,0.646756191140565,0.10179048947796775,0.7331378299120235,0.17008797653958943,0.7928729217532848,0.4443960004650625,0.03051970701081271,4.734819731817202,3.3386386032488438,573.3999999999997,6.353326017734014,0.2235477582846003,8.4403814771449,855.9999999999998,0.669859813084112,1.0,-0.12702629539450272,0.39378268787040016,0.4442698214503924,1.2430277229184723,0.0031477743666287195,0.09275574976850728,0.1453793084339468,5070.63571428573,8.531418670644483,4.0,0,2
2021-02-03,NOK,16.266666666666666,30.0,14.0,8.0,131.92645438356283,74.00332162416632,57.92313275939655,3.7162111111111114,34.157414173087474,4.930946047607554,40.652697444734294,63.53333333333333,6.616666666666666,0.8333333333333333,19.5,2.583333333333333,0.0,2565,0.2284556010928962,0.25891254587785895,0.30313192915620213,0.3081466687988194,0.4067622950819672,0.05122950819672131,0.4666666666666667,0.26666666666666666,1.1987704918032787,0.15881147540983606,0.0,4.549384526075799,3.560848325372739,16.266666666666666,2.8487778605973277,0.006341780376868096,4.889796000715258,855.9999999999998,0.01900311526479751,0.9659090909090909,-0.2258070185662268,-0.05951326969737936,0.08193477965362606,-0.13907043568105948,-0.008053751038892755,-0.049223525195835394,-0.0960414322482751,607.7559523809501,6.411417452387517,4.0,0,2
2021-02-03,PLTR,6.066666666666666,12.0,6.0,3.0,45.870992691865325,25.207796310440376,20.66319638142495,2.3995544444444445,20.63357332395799,1.722955561810051,15.231873347042495,49.7,3.333333333333333,0.3333333333333333,8.0,2.0,1.0,2565,0.3955309523809524,0.4498174578989896,0.2840036640346238,0.332058942987377,0.5494505494505494,0.054945054945054944,0.5,0.25,1.3186813186813187,0.32967032967032966,0.16483516483516483,4.155131259962699,3.4060213815535634,6.066666666666666,1.955388893009857,0.002365172189733593,3.847398991395955,855.9999999999998,0.00708722741433022,0.9204545454545454,-0.058731667278170585,0.23243210136033754,0.6138304257313578,0.2942957265772219,0.0019601856720434675,0.0018348030097843915,-0.17701956979379768,41.759523809523806,3.7555919497413224,4.0,0,2
2021-02-03,SLV,8.033333333333333,15.0,5.0,0.0,58.97971173466889,30.12039276341623,28.85931897125266,2.961262222222222,26.564895245852487,4.1763745189183785,34.05232746152743,45.63333333333334,5.166666666666666,0.3333333333333333,5.833333333333334,1.8333333333333333,0.0,2565,0.3686218533886583,0.45040734287342005,0.5198806455085119,0.5773566275589496,0.6431535269709543,0.04149377593360996,0.3333333333333333,0.0,0.7261410788381744,0.22821576763485477,0.0,3.74942648507256,3.592446344969211,8.033333333333333,2.2009214392175456,0.0031319038336582194,4.094006367285121,855.9999999999998,0.009384735202492214,0.9431818181818182,-0.08564076627046469,0.05920051453235613,-0.7027869155232715,0.10272837046958694,-0.021906855844089766,0.11053144054410308,0.1558201865532029,86.62976190476189,4.473120688012395,4.0,0,2
2021-02-03,TLRY,6.583333333333333,9.0,7.0,5.0,42.10430820322459,22.742319382682396,19.36198882054219,3.8953638888888884,28.497059109573375,2.675,20.95579277294371,17.833333333333332,3.0,0.25,9.0,0.0,0.0,2565,0.5917008438818565,0.6768205042587757,0.40632911392405063,0.4977113665375173,0.4556962025316456,0.0379746835443038,0.7777777777777778,0.5555555555555556,1.3670886075949367,0.0,0.0,3.454529526483402,2.9410615929937505,6.583333333333333,2.02595285672885,0.0025666016894087067,3.7636229504256784,855.9999999999998,0.007690809968847354,0.9318181818181818,0.1374382242227335,3.0362918480185517,1.6204877486206855,1.5784578607373465,0.006783368952513415,0.42758455665215434,0.4403916194459845,3.801190476190476,1.5688639030360088,3.0,0,2
2021-02-03,TSLA,9.375,18.0,6.0,4.0,84.71682608740473,48.70496432025593,36.01186176714877,2.8211138888888883,25.769428311164777,2.8814457048328013,30.310230692465815,70.5,5.708333333333333,1.8333333333333333,5.25,2.958333333333333,0.0,2565,0.30091881481481475,0.30418311805706383,0.30735420851549883,0.35778288791407153,0.6088888888888888,0.19555555555555554,0.3333333333333333,0.2222222222222222,0.56,0.31555555555555553,0.0,5.195196194160633,3.841265255162536,9.375,2.339399066116762,0.003654970760233918,4.451049143408034,855.9999999999998,0.01095210280373832,0.9545454545454546,-0.15334380484430826,0.8424334934185536,1.4399154525589881,1.0099870670054396,0.008305399839431,0.09808644245061177,0.2608154038933801,27.01666666666667,3.332799571186515,4.0,0,2
2021-02-04,AAPL,3.533333333333333,6.0,3.0,1.0,20.55875277363237,10.752033553584296,9.806719220048077,2.085058888888889,12.288644446044042,1.9603030303030304,11.39396055695924,22.333333333333332,2.0,0.0,5.0,0.0,0.0,1637,0.5901110062893081,0.5977329744343657,0.554802744425386,0.5542145811283146,0.5660377358490566,0.0,0.5,0.16666666666666666,1.4150943396226416,0.0,0.0,3.0430283642219704,2.77548657171172,3.533333333333333,1.5114575040738967,0.0021584198737527997,3.0707818952780657,651.9999999999998,0.0054192229038854825,0.8777777777777778,0.10673243414563988,1.1124136786880583,1.288313952759687,0.8488272373895138,0.005127166829119127,0.3802768354985502,0.3864541744061716,9.025,2.305081973192633,4.0,0,3
2021-02-04,AMC,112.27499999999995,173.0,104.0,15.0,865.218394083496,501.7848858925766,363.4335081909192,42.54396749999998,342.8702278203959,60.47828580342647,479.9095065307413,425.4916666666667,72.65833333333336,6.833333333333333,116.7,60.116666666666674,3.25,1637,0.3789264529058116,0.39628171357081426,0.5386620868708661,0.5546686360489334,0.6471461441401326,0.060862465672084934,0.6011560693641619,0.08670520231213873,1.039412157648631,0.5354412528761229,0.028946782453796494,4.469248594010927,3.2369940609300323,112.27499999999995,4.7298184905532015,0.06858582773365911,6.764137063931988,651.9999999999998,0.17220092024539876,0.9888888888888889,-0.10445211923785663,0.2539494963434573,-0.23616805187417267,0.6145783849831625,0.005787368843529511,0.10315079249966902,0.1394760275492804,1708.827380952379,7.444147697589759,5.0,0,3
2021-02-04,APHA,3.166666666666667,5.0,3.0,1.0,22.658148326968334,11.52739897830657,11.130749348661766,1.7365055555555555,13.408990645914177,2.8703703703703707,20.280023824761987,15.833333333333334,2.8333333333333335,0.0,7.166666666666666,0.0,0.0,1637,0.5483701754385965,0.5917955188754077,0.9064327485380117,0.8950432988658724,0.8947368421052632,0.0,0.6,0.2,2.2631578947368416,0.0,0.0,3.6402312563073376,3.5149734785247677,3.166666666666667,1.4271163556401458,0.0019344329057218491,3.163707593736503,651.9999999999998,0.004856850715746423,0.8666666666666667,0.0649916032949282,2.0357563883798715,0.38566248081198484,0.914060388625279,0.0027151061674598183,0.202034401027822,0.7314921662444882,4.866666666666666,1.7692866133759964,4.0,0,3
2021-02-04,BB,22.983333333333324,40.0,22.0,9.0,189.81486380903692,112.2125456555262,77.60231815351067,10.497818888888888,86.1167991203364,14.330048774754657,112.63563512484592,93.36666666666666,16.200000000000003,0.3333333333333333,35.7,9.450000000000001,0.75,1637,0.45675789219241014,0.45368838557856106,0.623497408618767,0.5933973391997526,0.7048585931834667,0.014503263234227707,0.55,0.225,1.5532994923857877,0.41116751269035556,0.03263234227701234,4.882344263474674,3.3764605432999577,22.983333333333324,3.177359144665267,0.014039910405212781,5.2513036585430255,651.9999999999998,0.03525051124744376,0.9777777777777777,-0.026620679951258108,-0.013303890747541233,-0.19566736003019214,-0.02882496860618433,0.002345526823767742,0.14838864658067424,0.13540022014386904,739.0845238095249,6.606764401039674,5.0,0,3
2021-02-04,CRSR,8.5,9.0,8.0,3.0,65.06286460721381,37.61641644072274,27.446448166491066,5.367116666666667,41.63987970892401,1.2333333333333334,5.611082946725995,30.5,4.0,3.5,7.0,0.0,0.0,1637,0.6314254901960785,0.6399945646461317,0.1450980392156863,0.08624094528576703,0.47058823529411764,0.4117647058823529,0.8888888888888888,0.3333333333333333,0.8235294117647058,0.0,0.0,4.425460757732087,3.2289939019401253,8.5,2.2512917986064953,0.005192425167990226,4.190606782740506,651.9999999999998,0.013036809815950925,0.9555555555555556,0.14804691805241027,1.4035319867723095,0.8775762196934647,1.0957513490095396,0.009590548133707933,0.42274791015841373,-0.2856014513949059,18.483333333333334,2.9695593992499676,5.0,0,3
2021-02-04,GME,397.92499999999984,481.0,278.0,84.0,3035.937172213173,1688.6492230093713,1347.2879492038082,129.18898027777763,1009.5061644946541,173.53861887188032,1344.6979758488746,2030.5083333333334,247.94166666666678,41.333333333333336,374.95,149.61666666666667,14.75,1637,0.32465660684243935,0.3325187931207194,0.43610886190081144,0.44292681289863484,0.623086427509372,0.10387217021633059,0.577962577962578,0.17463617463617465,0.9422629892567699,0.37599212581935476,0.03706728654897281,4.243636924067028,3.3857836255671514,397.92499999999984,5.988773429296491,0.2430818570555894,8.018604777381373,651.9999999999998,0.6103144171779141,1.0,-0.1587219653012289,0.23401618566782936,-0.36455258843752336,0.6713038473278701,-0.059545395906197895,0.07471674071824183,0.10801874017498814,5644.035714285729,8.638531803275127,5.0,0,3
2021-02-04,GOEV,3.833333333333333,6.0,5.0,4.0,26.66743136154662,13.722622553160507,12.94480880838611,1.7853055555555555,13.600923019056651,0.6553030303030303,5.138036655346779,12.833333333333332,1.0,0.0,2.0,0.0,0.0,1637,0.46573188405797106,0.5100199878518725,0.17094861660079053,0.19267084953504837,0.2608695652173913,0.0,0.8333333333333334,0.6666666666666666,0.5217391304347826,0.0,0.0,3.5798145790853497,3.376906645665942,3.833333333333333,1.575536360758419,0.0023416819385053958,3.3202559583204962,651.9999999999998,0.0058793456032719855,0.8888888888888888,-0.017646688085697193,3.646313374916036,0.8823891801984737,1.3039962708033723,0.004711121304206565,0.31261213097155127,0.06512851078068471,2.325,1.2014696741078175,3.0,0,3
2021-02-04,NFLX,2.083333333333333,5.0,0.0,1.0,13.212115395707336,7.6040487289377,5.608066666769638,1.3428944444444444,8.822877093882461,1.8022875816993464,11.787566354690844,20.75,2.083333333333333,0.0,2.25,0.0,0.0,1637,0.6445893333333333,0.6677868630143092,0.8650980392156864,0.8921785801629213,1.0,0.0,0.0,0.2,1.08,0.0,0.0,3.6499433898900966,2.6918720000494263,2.083333333333333,1.126011262856224,0.0012726532274485846,2.654094797722449,651.9999999999998,0.003195296523517383,0.8333333333333334,0.1612107611896651,5.73526425765947,1.126011262856224,0.9919011623224351,0.003195296523517383,0.6102666837606838,0.8729327970504442,0.95,0.6678293725756554,3.0,0,3
2021-02-04,NIO,4.5,5.0,3.0,0.0,28.527342998716968,13.602119298092743,14.92522370062423,2.6853333333333333,16.73347416321528,2.9333333333333336,16.81981554251549,13.0,3.5,0.0,1.5,0.0,0.0,1637,0.5967407407407408,0.5865766806241954,0.6518518518518519,0.5896032989567928,0.7777777777777778,0.0,0.6,0.0,0.3333333333333333,0.0,0.0,3.022693177353943,3.3167163779164954,4.5,1.7047480922384253,0.002748930971288943,3.3853167153689765,651.9999999999998,0.006901840490797549,0.9166666666666666,0.11336216859707254,0.9875358284851631,0.6486954179891116,0.7879531238973222,0.004711419930049884,0.15494051749294502,0.3410480170929782,14.466666666666667,2.7386871705641,5.0,0,3
2021-02-04,NOK,13.233333333333334,26.0,15.0,6.0,102.30954998354247,58.106062369955616,44.20348761358682,4.7386744444444435,39.780756643192895,7.089572584278466,56.02514388609397,97.2,8.45,1.0,51.36666666666667,2.783333333333333,2.25,1637,0.35808623005877405,0.38882740320519477,0.5357359635474911,0.5476042451081662,0.6385390428211586,0.07556675062972291,0.5769230769230769,0.23076923076923078,3.8816120906801004,0.21032745591939545,0.17002518891687657,4.390886325185563,3.340313925459961,13.233333333333334,2.6555866315664693,0.008083893300753412,4.637729820870282,651.9999999999998,0.020296523517382422,0.9666666666666667,-0.1252923420848942,-0.1478254859611653,-0.1931912290308584,-0.3090832587650745,0.0012934082525849107,0.08861102463601506,0.15256950751772635,624.0226190476168,6.437787839557729,5.0,0,3
2021-02-04,SAVA,4.5,5.0,5.0,1.0,32.12365713833425,16.76223649999177,15.361420638342482,1.9557666666666667,14.948569180351251,2.7424242424242427,20.50940902550178,10.5,3.5,0.0,6.0,0.0,0.0,1637,0.4346148148148148,0.4653445626062487,0.6094276094276094,0.6384518716901384,0.7777777777777778,0.0,1.0,0.2,1.3333333333333333,0.0,0.0,3.7249414444426154,3.4136490307427736,4.5,1.7047480922384253,0.002748930971288943,3.5002477442645517,651.9999999999998,0.006901840490797549,0.9166666666666666,-0.04876375732885346,4.117171625691198,1.0116009116784799,1.4736990320517769,0.005733616191732128,0.43347037037037034,0.7760942760942761,2.0,1.0986122886681098,2.0,0,3
2021-02-04,SLV,3.95,7.0,3.0,1.0,29.513809343512023,16.240312249173527,13.273497094338499,0.8439133333333334,7.938329782128379,1.97,12.46268890225781,21.25,2.2,0.0,5.2,2.2,0.0,1637,0.21364894514767932,0.26897001636535445,0.49873417721518987,0.42226636206815044,0.5569620253164557,0.0,0.42857142857142855,0.14285714285714285,1.3164556962025316,0.5569620253164557,0.0,4.111471455486969,3.360379011224936,3.95,1.599387576580599,0.002412950519242517,3.4181793465071078,651.9999999999998,0.006058282208588959,0.9,-0.2697296269959889,-0.3322919029427044,-0.6015338626369466,-0.5159268872456244,-0.0033264529939032545,-0.06286337445422643,0.10870368716768047,94.66309523809522,4.560832594388682,5.0,0,3
2021-02-04,SNDL,5.375,7.0,5.0,1.0,40.747289270930416,21.853208426982825,18.894080843947595,1.3938041666666665,10.429617396462278,2.125,15.589090098369814,5.625,2.125,0.0,2.0,0.0,0.0,1637,0.2593124031007752,0.2559585578101974,0.3953488372093023,0.38257980781782336,0.3953488372093023,0.0,0.7142857142857143,0.14285714285714285,0.37209302325581395,0.0,0.0,4.065713195717735,3.5151778314321107,5.375,1.8523840910444898,0.0032834453268173486,3.7316345215465887,651.9999999999998,0.00824386503067485,0.9333333333333333,-0.22406616904289306,0.2901902076560841,1.1592369104845446,0.5861281431764684,0.007075640731609429,0.11815249610844067,0.32208622086311633,175.68571428571434,5.174372528777845,3.0,0,3
2021-02-04,SPCE,5.5,6.0,6.0,2.0,33.88470024939425,18.10909278935664,15.775607460037607,1.8134499999999998,11.096124301783913,-0.5,-0.0035011903923418686,4.5,1.5,2.0,1.0,0.0,0.0,1637,0.3297181818181818,0.327467093411348,-0.09090909090909091,-0.00010332658593916464,0.2727272727272727,0.36363636363636365,1.0,0.3333333333333333,0.18181818181818182,0.0,0.0,3.292562325337571,2.868292265461383,5.5,1.8718021769015913,0.003359804520464264,3.5520483448186453,651.9999999999998,0.008435582822085893,0.9444444444444444,-0.15366039032548645,0.7752395528580839,1.2299482907291965,1.0604411570611187,0.007384180952927014,0.12042422187684876,-0.4021789271355244,34.73452380952381,3.5761172749786727,3.0,0,3
2021-02-04,TSM,2.166666666666667,3.0,1.0,2.0,15.967292907843172,8.311526757655866,7.655766150187304,0.9627555555555556,6.967044354887752,1.8555555555555556,13.62119014919189,11.5,2.166666666666667,0.0,6.0,1.0,0.0,1637,0.4443487179487179,0.436332219562749,0.8564102564102564,0.8530682206312586,1.0,0.0,0.3333333333333333,0.6666666666666666,2.7692307692307687,0.46153846153846145,0.0,3.8360892727642453,3.5334305308556786,2.166666666666667,1.1526795099383855,0.0013235593565465284,2.8312875442961953,651.9999999999998,0.0033231083844580795,0.8444444444444444,-0.039029854194950364,3.4848712557249506,1.1526795099383855,0.9892079677697645,0.0033231083844580795,0.21795427350427346,0.523076923076923,1.3333333333333333,0.8472978603872036,2.0,0,3
2021-02-04,XL,2.333333333333333,3.0,3.0,2.0,7.070113455238403,1.4065025683920356,5.663610886846367,0.9911555555555556,2.9347736482911957,0.8333333333333333,1.92691450526411,11.333333333333332,2.0,0.0,0.0,0.0,0.0,1637,0.4247809523809524,0.41509569356581644,0.35714285714285715,0.2725436469249891,0.8571428571428572,0.0,1.0,0.6666666666666666,0.0,0.0,0.0,0.6027868150251582,2.4272618086484434,2.333333333333333,1.203972804325936,0.0014253716147424149,2.0881675410725493,651.9999999999998,0.003578732106339469,0.8555555555555555,-0.058597619762715825,1.1499747578299462,1.203972804325936,0.7904014067573233,0.003578732106339469,0.27656500120250127,0.44966780904280906,5.458333333333333,1.865371286571301,2.0,0,3
2021-02-05,AMC,184.76666666666668,289.0,155.0,14.0,1115.0547138775194,625.9138721294338,489.1408417480846,52.913074444444426,346.837762035056,93.98072042151541,590.3410564826875,702.5166666666668,115.81666666666666,13.333333333333334,135.66666666666669,51.49999999999999,0.75,2534,0.2863778158638522,0.31104999397648714,0.5086454289456003,0.5294278828971725,0.626826628179686,0.07216308858019123,0.5363321799307958,0.04844290657439446,0.7342594263034459,0.2787299296409886,0.004059173732635757,3.3875908648535114,2.6473435418442244,184.76666666666668,5.224491405907381,0.07291502236253618,7.017555168511454,1098.0000000000002,0.1682756527018822,0.9886363636363636,-0.04750974997577978,0.4598245770838259,0.49467291535417957,1.02145438819689,-0.003925267543516575,-0.004133672042243186,0.08953422283126017,1801.2023809523787,7.496764740936663,6.0,0,4
2021-02-05,AMD,3.075,6.0,1.0,0.0,10.66794757852323,6.012897316239813,4.655050262283418,0.3728441666666667,1.232209815914215,1.3086925287356324,4.185709158165488,9.8,1.825,0.0,0.75,0.0,0.0,2534,0.12125013550135502,0.1155057996718044,0.42559106625549015,0.3923631164622688,0.5934959349593495,0.0,0.16666666666666666,0.0,0.24390243902439024,0.0,0.0,1.9554137613788007,1.5138374836694042,3.075,1.404870746692826,0.0012134964483030781,2.4568455592394027,1098.0000000000002,0.0028005464480874314,0.8636363636363636,-0.21263743033827695,0.4317159504044449,0.3344293349914127,0.36336083393521457,-0.00013912635354856135,-0.10848093238058112,0.11369982230809539,19.674999999999997,3.028925240909755,6.0,0,4
2021-02-05,APHA,3.375,6.0,4.0,2.0,17.637576686829036,9.203422006383114,8.434154680445921,1.5958208333333335,8.133276802301992,1.3913690476190477,6.490879896128925,9.25,1.625,0.5,4.75,0.0,0.0,2534,0.47283580246913587,0.46113346219356566,0.4122574955908289,0.36801426927181147,0.48148148148148145,0.14814814814814814,0.6666666666666666,0.3333333333333333,1.4074074074074074,0.0,0.0,2.726939853743145,2.499008794206199,3.375,1.4759065198095778,0.0013318863456985004,2.9251797947345195,1098.0000000000002,0.003073770491803278,0.8977272727272727,0.1389482366295039,1.5525678136850556,0.04879016416943194,0.8322704972768139,-0.001783080223943145,0.09763797076867259,0.13281803240523565,8.033333333333333,2.2009214392175456,5.0,0,4
2021-02-05,BABA,2.2,3.0,1.0,0.0,6.016946838299189,2.697650032351499,3.3192968059476895,1.735126666666667,4.355146159741469,1.85,5.0211492645171685,15.8,2.2,0.0,4.0,2.0,0.0,2534,0.7886939393939395,0.7238133021252584,0.8409090909090908,0.8345011846467464,1.0,0.0,0.3333333333333333,0.0,1.8181818181818181,0.9090909090909091,0.0,1.2262045601597722,1.5087712754307678,2.2,1.1631508098056809,0.0008681925808997632,1.948328200111937,1098.0000000000002,0.002003642987249544,0.7840909090909091,0.45480637355430753,0.9829638471024381,0.4700036292457356,0.5554437965582776,0.00046990065596120016,0.5742005085887816,0.8878004842823606,7.666666666666666,2.159484249353372,5.0,0,4
2021-02-05,BB,25.441666666666666,53.0,25.0,7.0,153.79187422714543,83.5615404617324,70.23033376541296,4.633351944444445,33.105886254974365,13.777309807514202,90.81362766038745,100.8,16.741666666666667,1.8333333333333333,22.000000000000004,7.999999999999998,0.25,2534,0.18211668304400044,0.21526420964268947,0.5415254428109088,0.5904969174526008,0.6580412708811005,0.07206026858827383,0.4716981132075472,0.1320754716981132,0.8647232230592861,0.31444480838519484,0.00982640026203734,3.2844365723576447,2.760445480461695,25.441666666666666,3.2749410488011494,0.010040121020784004,5.042081467705166,1098.0000000000002,0.023170916818457798,0.9772727272727273,-0.15177088279563153,0.03684437270103813,0.09758190413588252,0.07287478818772453,-0.01207959442898596,-0.1474509406506889,0.03408536574402954,756.2845238095249,6.629739039900824,6.0,0,4
2021-02-05,BLIAQ,5.0,5.0,5.0,4.0,12.358141159153108,0.0,12.358141159153108,4.013933333333333,9.89687268626636,4.709090909090909,11.575634421850234,89.0,5.0,0.0,39.0,3.0,0.0,2534,0.8027866666666666,0.8008382942718048,0.9418181818181818,0.9366808707535026,1.0,0.0,1.0,0.8,7.8,0.6,0.0,0.0,2.4716282318306217,5.0,1.791759469228055,0.001973164956590371,2.5921260236344272,1098.0000000000002,0.004553734061930782,0.9090909090909091,0.4688991008270347,8.0,1.2321436812926323,1.7118143566658517,0.003403427313464524,0.7558533333333333,0.8465800865800865,0.75,0.5596157879354227,1.0,0,4
2021-02-05,CCIV,2.45,4.0,2.0,1.0,10.798405304455603,4.070915393186636,6.727489911268965,-0.17411500000000002,-2.0722728794898417,0.25,1.2633756678353623,2.05,0.45,0.0,0.25,0.0,0.0,2534,-0.07106734693877552,-0.1919054546540115,0.1020408163265306,0.11699650385544172,0.18367346938775508,0.0,0.5,0.25,0.1020408163265306,0.0,0.0,1.6615981196680147,2.7459142494975364,2.45,1.2383742310432684,0.0009668508287292818,2.4679643786486847,1098.0000000000002,0.0022313296903460835,0.7954545454545454,-0.4049549127784075,2.7099792337516684,1.120591195386885,1.0014845058141923,0.0020396118989350403,-0.3331340136054422,-0.18367346938775508,2.458333333333333,1.2407867774486523,3.0,0,4
2021-02-05,CLOV,9.333333333333334,11.0,9.0,4.0,38.54157262783507,17.20445110264106,21.337121525194014,0.11328888888888891,-0.6511327100212596,-2.5,-14.316223551530456,11.666666666666666,1.0,2.833333333333333,0.0,0.0,0.0,2534,0.01213809523809524,-0.016894295318686754,-0.26785714285714285,-0.3714488687260039,0.10714285714285714,0.30357142857142855,0.8181818181818182,0.36363636363636365,0.0,0.0,0.0,1.843334046711542,2.2861201634136443,9.333333333333334,2.3353749158170367,0.003683241252302026,3.6773525900379127,1098.0000000000002,0.008500303582270795,0.9431818181818182,-0.32174947060153675,8.0,2.3353749158170367,2.236353890022759,0.008500303582270795,-0.03527142857142857,-0.4107142857142857,1.0,0.6931471805599453,1.0,0,4
2021-02-05,CRSR,2.458333333333333,4.0,3.0,1.0,14.056612210801106,7.513144061429364,6.543468149371742,0.0410125,0.10519498552289128,0.09375,0.24046400226201908,1.0,0.125,0.0,0.75,0.0,0.0,2534,0.01668305084745763,0.00748366561909273,0.038135593220338986,0.01710682479219612,0.05084745762711865,0.0,0.75,0.25,0.3050847457627119,0.0,0.0,3.0561941944797417,2.661749755676641,2.458333333333333,1.2407867774486523,0.0009701394369902656,2.7118172442640196,1098.0000000000002,0.0022389192471159677,0.8068181818181818,-0.31720451499217434,-0.08648643948400536,-1.010505021157843,-0.07128957914966616,-0.010797890568834958,-0.2523870877842663,-0.35176369004812374,25.983333333333334,3.2952193914555346,6.0,0,4
2021-02-05,DDD,2.0,2.0,1.0,0.0,6.946975992135419,3.9512437185814275,2.9957322735539913,0.1659333333333333,-0.44134817491972145,1.6666666666666665,5.093415448463576,26.0,2.0,0.0,12.0,4.0,0.0,2534,0.08296666666666665,-0.06353097742375473,0.8333333333333333,0.7331845473814456,1.0,0.0,0.5,0.0,6.0,2.0,0.0,1.9756218592907138,1.4978661367769956,2.0,1.0986122886681098,0.0007892659826361484,2.0727914779563004,1098.0000000000002,0.0018214936247723129,0.75,-0.25092089917296534,3.815452141261984,1.0986122886681098,0.9995912628738319,0.0018214936247723129,0.05320952380952379,0.8333333333333333,1.0,0.6931471805599453,1.0,0,4
2021-02-05,GME,733.9583333333335,865.0,505.0,122.0,4366.460321446587,2346.92387013017,2019.536451316415,178.6792486111113,1127.081831155967,314.8197937256416,2018.8437542650477,3714.9333333333348,447.25833333333327,81.33333333333333,815.8333333333334,259.0,16.75,2534,0.2434460384142305,0.2581225404981054,0.4289341498390802,0.4623524790433031,0.6093783707067838,0.11081464660800451,0.5838150289017341,0.14104046242774568,1.1115526539880782,0.35288106727221114,0.022821458983820604,3.197625483004489,2.751568256122279,733.9583333333335,6.599813808263532,0.2896441725861616,8.381936957009092,1098.0000000000002,0.6684502125075895,1.0,-0.09044152742540149,0.45095731038893816,0.6110403789670409,1.1864436766766442,0.05813579532967539,-0.017167647812573045,0.08541277951683002,5950.319047619063,8.691368162645844,6.0,0,4
2021-02-05,MSFT,3.0,5.0,2.0,0.0,17.207832935599,10.38210912963916,6.825723805959844,-0.8933083333333334,-5.6283987531420765,0.9212454212454213,6.0666662807804785,28.75,1.75,0.0,0.0,3.0,0.0,2534,-0.2977694444444445,-0.3270835307505938,0.3070818070818071,0.35255260226463253,0.5833333333333334,0.0,0.4,0.0,0.0,1.0,0.0,3.460703043213053,2.2752412686532812,3.0,1.3862943611198906,0.0011838989739542227,2.9018518825722466,1098.0000000000002,0.0027322404371584695,0.8522727272727273,-0.6316570102840764,1.8833147301677302,0.5978370007556204,0.888250025856832,0.0008917496396124566,-0.6308384049517244,0.012958936488348283,5.741666666666667,1.9083071742764457,5.0,0,4
2021-02-05,NIO,5.866666666666666,9.0,4.0,2.0,22.245795333667033,8.487081519544283,13.758713814122753,1.3811122222222223,4.413397620699007,0.07142857142857142,0.11104911855329558,15.7,1.5333333333333332,1.5,5.333333333333333,0.0,0.0,2534,0.23541685606060608,0.19839244021182384,0.012175324675324676,0.004991914961351488,0.26136363636363635,0.2556818181818182,0.4444444444444444,0.2222222222222222,0.9090909090909091,0.0,0.0,1.4466616226495939,2.3452353092254694,5.866666666666666,1.9266787871274256,0.0023151802157327017,3.146124269814997,1098.0000000000002,0.0053430479659987845,0.9204545454545454,-0.09847070977902589,1.1403042936515784,0.2219306948890003,0.8973190868009908,-0.0015587925247987642,-0.22851772682903898,-0.34734965538254586,18.466666666666665,2.9687036011660717,6.0,0,4
2021-02-05,NOK,23.274999999999995,47.0,28.0,11.0,138.64161403718288,74.19909877481996,64.44251526236286,6.4323797222222225,36.15962981533034,12.564611394815788,71.9651606542575,98.46666666666665,15.658333333333335,1.0,18.333333333333332,6.166666666666666,0.25,2534,0.2763643274853802,0.26081368185480397,0.5398329278116344,0.5190733038852019,0.6727533118510565,0.04296455424274974,0.5957446808510638,0.23404255319148937,0.7876834944504119,0.2649480844969567,0.010741138560687435,3.187931204073898,2.7687439425290172,23.274999999999995,3.1894470141773885,0.009185082872928175,4.939079240729066,1098.0000000000002,0.02119763205828779,0.9659090909090909,-0.05752323835425177,0.1406354463183952,0.5338603826109192,0.2689318750979979,0.0009011085409053668,-0.0057695957425238364,0.13487082785076593,631.2392857142835,6.44926793912619,6.0,0,4
2021-02-05,OPEN,2.0,2.0,2.0,2.0,10.659421721194839,5.488937726156687,5.170483995038152,0.41100000000000003,2.1792697469970554,0.0,0.0,0.0,0.0,0.0,0.0,0.0,0.0,2534,0.20550000000000002,0.20444540088547844,0.0,0.0,0.0,0.0,1.0,1.0,0.0,0.0,0.0,2.7444688630783434,2.585241997519076,2.0,1.0986122886681098,0.0007892659826361484,2.4561145845976866,1098.0000000000002,0.0018214936247723129,0.75,-0.12838756583963196,0.0,1.0986122886681098,1.0986122886681098,0.0018214936247723129,0.20550000000000002,0.0,0.0,0.0,0.0,1,4
2021-02-05,PLTR,3.283333333333333,6.0,2.0,0.0,18.328996455384946,9.575462113400576,8.753534341984372,1.538526111111111,8.038419993746851,1.8833333333333333,10.820491238213389,7.7,1.95,0.0,3.0,0.5,0.0,2534,0.4685866328257191,0.4385630175287209,0.5736040609137056,0.590348263995348,0.5939086294416244,0.0,0.3333333333333333,0.0,0.9137055837563453,0.15228426395939088,0.0,2.91638440002048,2.666051068624682,3.283333333333333,1.454731522673119,0.0012957116548276768,2.9616063754413373,1098.0000000000002,0.002990285367334547,0.8806818181818182,0.13469906698608713,-0.05999144189819765,1.0492664145649546,-0.06902845350990905,0.002223414201690375,0.06869924722046294,0.06087265617417259,46.076190476190476,3.851767363149436,6.0,0,4
2021-02-05,PRPL,2.0,3.0,1.0,0.0,11.570423779584791,6.422929302771337,5.147494476813453,0.9113666666666668,5.94670041306736,0.9242424242424243,4.158030479923039,14.5,1.0,0.0,0.0,0.0,0.0,2534,0.4556833333333334,0.5139570102488293,0.46212121212121215,0.3593671726406076,0.5,0.0,0.3333333333333333,0.0,0.0,0.0,0.0,3.2114646513856684,2.5737472384067264,2.0,1.0986122886681098,0.0007892659826361484,2.5313467356046533,1098.0000000000002,0.0018214936247723129,0.75,0.12179576749370141,4.736131192533341,1.0986122886681098,0.975795091470144,0.0018214936247723129,0.40443571428571434,0.2693380118845958,0.875,0.6286086594223741,3.0,0,4
2021-02-05,SAVA,2.5,4.0,4.0,3.0,10.582234955824553,5.914189167183682,4.668045788640871,-0.22908333333333333,-0.7796642813535667,0.0,0.0,0.0,0.0,0.0,0.0,0.0,0.0,2534,-0.09163333333333333,-0.07367671239660321,0.0,0.0,0.0,0.0,1.0,0.75,0.0,0.0,0.0,2.365675666873473,1.8672183154563484,2.5,1.252762968495368,0.0009865824782951855,2.4494724548890234,1098.0000000000002,0.002276867030965391,0.8238636363636364,-0.4255208991729653,1.2561462949310414,-0.4519851237430572,0.8111854751584657,-0.004624973459832158,-0.1547021164021164,0.055796055796055795,6.5,2.0149030205422647,3.0,0,4
2021-02-05,SLV,3.283333333333333,7.0,1.0,0.0,19.228414776075205,10.372874523239826,8.85554025283538,-0.43935111111111114,-3.4069023185460647,1.8345238095238094,11.709299373242137,29.333333333333332,2.083333333333333,0.0,6.5,0.0,0.0,2534,-0.13381252115059222,-0.17718061307815527,0.5587382160986222,0.6089581231527903,0.6345177664974618,0.0,0.14285714285714285,0.0,1.9796954314720814,0.0,0.0,3.1592511238293888,2.697118858731588,3.283333333333333,1.454731522673119,0.0012957116548276768,3.0070882880537444,1098.0000000000002,0.002990285367334547,0.8806818181818182,-0.4677000869902242,-0.410203109876595,-0.14465605390747993,-0.5868791001180151,-0.0030679968412544124,-0.4013443586876085,0.15317862788430125,98.0297619047619,4.595420430256484,6.0,0,4
2021-02-05,SPCE,15.5,17.0,15.0,1.0,29.589987580384086,11.323937935589967,18.26604964479412,11.728883333333332,17.927149602719194,11.85,19.338977494366986,46.5,13.25,1.0,33.0,1.0,0.0,2534,0.7567021505376343,0.6058518799312891,0.7645161290322581,0.6535649074481957,0.8548387096774194,0.06451612903225806,0.8823529411764706,0.058823529411764705,2.129032258064516,0.06451612903225806,0.0,0.7305766410058043,1.178454815793169,15.5,2.803360380906535,0.00611681136543015,3.420672752160248,1098.0000000000002,0.014116575591985425,0.9545454545454546,0.42281458469800237,1.4034093537384713,0.9315582040049435,1.840507767200188,0.005680992769899532,0.53020473032818,0.5107004252537566,40.23452380952381,3.719275862007744,4.0,0,4
2021-02-05,SPY,2.65,5.0,1.0,0.0,11.407280713076497,5.185693066956756,6.22158764611974,0.8993533333333334,3.8052245336392385,0.09333333333333332,0.31196727654270456,10.2,0.2,0.0,0.0,0.0,0.0,2534,0.3393786163522013,0.33357858277978547,0.03522012578616352,0.027348084472497237,0.07547169811320756,0.0,0.2,0.0,0.0,0.0,0.0,1.9568653082855685,2.347768923064053,2.65,1.2947271675944,0.0010457774269928967,2.5182834545837234,1098.0000000000002,0.0024134790528233144,0.8409090909090909,0.005491050512569318,-0.03682143955608131,0.5062698072301299,-0.03926467843909087,0.0005729882552773014,0.1314572081124997,-0.09999913909051725,35.60952380952381,3.60030841993266,6.0,0,4
2021-02-05,TSLA,5.908333333333334,15.0,2.0,4.0,38.92432690167812,20.84107906484407,18.083247836834055,2.340380277777778,19.059281183927972,2.6282738095238094,16.899069542475967,53.2,4.241666666666667,0.0,5.0,4.666666666666666,0.0,2534,0.3961151386929948,0.4896496022158904,0.4448418295385855,0.434151875899167,0.7179125528913963,0.0,0.13333333333333333,0.26666666666666666,0.8462623413258109,0.78984485190409,0.0,3.5274040730342566,3.0606343306348185,5.908333333333334,1.932728412353249,0.0023316232570376218,3.6869858348901596,1098.0000000000002,0.005380995749848208,0.9318181818181818,0.062227572853362834,0.5036127636976095,1.239581231793304,0.549927520605632,0.003847253418559864,0.15303575631644772,0.2637959782673255,36.64166666666667,3.6281115928725582,6.0,0,4
2021-02-05,WKHS,2.5,3.0,3.0,2.0,10.66126724539875,5.123963979403259,5.537303265995493,0.9478833333333334,4.292516401679076,0.6333333333333333,1.0287164367712336,9.5,1.5,0.0,0.0,0.0,0.0,2534,0.37915333333333334,0.4026272208429691,0.2533333333333333,0.09649100928552493,0.6,0.0,1.0,0.6666666666666666,0.0,0.0,0.0,2.0495855917613035,2.214921306398197,2.5,1.252762968495368,0.0009865824782951855,2.4562728581555913,1098.0000000000002,0.002276867030965391,0.8238636363636364,0.04526576749370137,4.40384718158372,1.252762968495368,1.1537419427010902,0.002276867030965391,0.3415057142857143,0.11047619047619045,1.0,0.6931471805599453,1.0,0,4
2021-02-05,XL,2.0,2.0,2.0,0.0,5.318119993844217,2.833213344056216,2.4849066497880004,0.6108333333333333,1.4147650304087782,0.6666666666666666,1.6566044331920002,6.0,1.0,0.0,2.0,0.0,0.0,2534,0.30541666666666667,0.26602728634299044,0.3333333333333333,0.31150189072633533,0.5,0.0,1.0,0.0,1.0,0.0,0.0,1.416606672028108,1.2424533248940002,2.0,1.0986122886681098,0.0007892659826361484,1.8434216945775426,1098.0000000000002,0.0018214936247723129,0.75,-0.028470899172965303,0.8232908105805826,-0.10536051565782611,0.5721264044198796,-0.0017572384815671563,0.11769142960214388,0.3616200267985982,7.791666666666666,2.173804303128121,3.0,0,4
2021-02-05,ZOM,2.0,2.0,2.0,1.0,7.624618986159398,2.0794415416798357,5.545177444479562,0.8669,3.7817417024170052,1.0,2.772588722239781,1.0,1.0,0.0,0.0,0.0,0.0,2534,0.43345,0.4959909090909091,0.5,0.36363636363636365,0.5,0.0,1.0,0.5,0.0,0.0,0.0,1.0397207708399179,2.772588722239781,2.0,1.0986122886681098,0.0007892659826361484,2.1546207864239055,1098.0000000000002,0.0018214936247723129,0.75,0.09956243416036803,0.5676672237966125,1.0986122886681098,0.6213132232977598,0.0018214936247723129,0.3852374499332443,0.5393858477970628,18.333333333333332,2.9618307218783095,2.0,0,4
2021-02-08,AMC,230.0,364.0,238.0,50.0,1557.0992185357723,852.4900614564795,704.6091570792905,64.53761888888884,465.4299653859743,92.96183842419153,641.8369643038005,790.15,124.89999999999999,24.166666666666668,129.54999999999998,56.516666666666666,3.0,3757,0.2805983429951689,0.2989083546157349,0.40418190619213706,0.4122004279902958,0.5430434782608695,0.10507246376811595,0.6538461538461539,0.13736263736263737,0.5632608695652174,0.2457246376811594,0.013043478260869565,3.7064785280716497,3.063518074257785,230.0,5.442417710521793,0.06121905775885015,7.351221907673714,1608.0000000000007,0.1430348258706467,0.9935064935064936,-0.06171664411675032,0.5324014553147997,0.2179263046144122,1.1116988942866914,-0.02524082683123549,-0.009396435905646039,-0.026121077776110557,689.6214285714286,6.537591813393457,7.0,0,0
2021-02-08,AMD,6.95,14.0,6.0,1.0,61.97763524676378,34.01979690290636,27.957838343857418,3.3595941666666667,27.36940969486917,3.247792494481236,25.802946925796924,58.266666666666666,4.291666666666667,0.2,38.166666666666664,0.0,0.0,3757,0.48339484412470024,0.44160138711162406,0.4673082725872282,0.4163267414618606,0.617505995203837,0.02877697841726619,0.42857142857142855,0.07142857142857142,5.491606714628297,0.0,0.0,4.894934806173576,4.02271055307301,6.95,2.0731719286662407,0.0018498802235826458,4.142779667282392,1608.0000000000007,0.004322139303482585,0.9383116883116883,0.14107985701278103,1.248801771526442,0.6683011819734146,0.9862419116667271,0.001521592855395154,0.26722389279033676,0.14120455085132155,15.924999999999997,2.8287918187983387,7.0,0,0
2021-02-08,APHA,5.583333333333334,9.0,5.0,4.0,32.240846462207955,15.312533589498123,16.92831287270983,2.798977777777778,15.939851594608104,4.238095238095237,25.19475869653144,16.833333333333336,4.333333333333333,0.0,6.333333333333333,0.16666666666666666,0.0,3757,0.5013094527363184,0.49439928983541,0.7590618336886992,0.7814546285583478,0.7761194029850745,0.0,0.5555555555555556,0.4444444444444444,1.134328358208955,0.029850746268656712,0.0,2.7425433294623502,3.0319366339181784,5.583333333333334,1.8845412026790214,0.001486114807914116,3.5037794348317264,1608.0000000000007,0.003472222222222221,0.9090909090909091,0.15899446562439923,1.97041876175872,0.4086346828694436,1.1368713679866558,0.00039845173041894296,0.11390687468977106,0.46302011645245145,10.408333333333333,2.434344082506403,6.0,0,0
2021-02-08,APPS,2.0,2.0,1.0,0.0,9.998797732340453,6.309918278226517,3.6888794541139367,0.06406666666666666,1.3137127173117689,1.0,7.0030654587864625,1.0,1.0,0.0,0.0,0.0,0.0,3757,0.03203333333333333,0.1313870679734476,0.5,0.700390751593615,0.5,0.0,0.5,0.0,0.0,0.0,0.0,3.1549591391132585,1.8444397270569683,2.0,1.0986122886681098,0.0005323396326856535,2.397785969765053,1608.0000000000007,0.0012437810945273627,0.7467532467532467,-0.31028165377858585,1.0473020483533082,1.0986122886681098,0.7687301224662024,0.0012437810945273627,-0.1455867897727273,0.32974837662337664,0.6000000000000001,0.47000362924573563,3.0,0,0
2021-02-08,ARKK,3.9166666666666665,8.0,3.0,2.0,20.18481445733338,11.359774452991418,8.825040004341965,1.7147666666666668,8.601781510087504,3.6378205128205128,18.361842884907315,22.833333333333332,3.9166666666666665,0.0,0.3333333333333333,0.3333333333333333,0.0,3757,0.43781276595744684,0.4261511310034547,0.9288052373158756,0.9096859881333336,1.0,0.0,0.375,0.25,0.0851063829787234,0.0851063829787234,0.0,2.9003679454446174,2.2532017032362464,3.9166666666666665,1.5926307941177191,0.001042498447342738,3.0532846258307464,1608.0000000000007,0.002435737976782752,0.8766233766233766,0.09549777884552763,3.288345089086467,1.1871656860095547,1.219420551905158,0.0019803645705896737,0.17911746503152087,0.5555389537909714,2.7,1.308332819650179,5.0,0,0
2021-02-08,BB,44.458333333333364,85.0,50.0,19.0,318.77321799575503,182.99682140855705,135.77639658719806,19.136592500000003,135.39983094321192,25.96429812275787,181.35944814793035,163.15,28.94166666666666,1.0833333333333333,65.8,8.433333333333335,0.0,3757,0.43043881911902504,0.4247528440266114,0.5840142033235131,0.5689293764645731,0.6509840674789122,0.02436738519212744,0.5882352941176471,0.2235294117647059,1.4800374882849099,0.18969072164948445,0.0,4.116142187259013,3.0540145436670585,44.458333333333364,3.8167961554851257,0.011833466418241513,5.767612050788372,1608.0000000000007,0.027648217247097852,0.987012987012987,0.08812383200710583,0.3306929013229117,0.5418551066839763,0.6056205463482351,0.004477300428640054,0.11930256300567177,0.07231345553863011,174.4952380952381,5.167611909177338,7.0,0,0
2021-02-08,BBBY,2.325,4.0,2.0,2.0,12.746579056884576,6.733763368819059,6.0128156880655155,1.4046241666666668,7.784009357688351,2.129545454545455,10.351271786616742,6.45,2.325,0.0,1.0,0.0,0.0,3757,0.6041394265232974,0.6106743874533236,0.9159335288367547,0.8120823430680328,1.0,0.0,0.5,0.5,0.4301075268817204,0.0,0.0,2.8962423091694873,2.586157285189469,2.325,1.2014696741078175,0.0006188448229970722,2.6207899972948154,1608.0000000000007,0.0014458955223880592,0.7857142857142857,0.26182443941137823,0.29752249414628384,1.2014696741078175,0.3000566609401968,0.0014458955223880592,0.4135839160705412,0.7574193940354138,8.694047619047623,2.2715120496297723,5.0,0,0
2021-02-08,BCRX,3.5,4.0,4.0,0.0,34.05996995425198,19.089107505030437,14.970862449221546,1.4142166666666667,13.237431982085546,1.0,8.839839912227951,4.0,2.0,1.0,2.0,1.0,0.0,3757,0.4040619047619048,0.38865072399845174,0.2857142857142857,0.2595375135122338,0.5714285714285714,0.2857142857142857,1.0,0.0,0.5714285714285714,0.2857142857142857,0.0,5.454030715722982,4.277389271206156,3.5,1.5040773967762742,0.0009315943571998936,3.557060022511888,1608.0000000000007,0.0021766169154228848,0.8603896103896104,0.06174691764998558,5.118137386933759,1.5040773967762742,1.3028976577220117,0.0021766169154228848,0.24517857142857147,0.23420329670329668,2.083333333333333,1.126011262856224,4.0,0,0
2021-02-08,BP,2.0,3.0,3.0,0.0,12.249267533322923,7.5271545234117765,4.722113009911147,1.4904666666666666,9.736294407652366,1.0,7.410347097821024,4.0,1.0,0.0,4.0,0.0,0.0,3757,0.7452333333333333,0.7948470699301602,0.5,0.6049624663402857,0.5,0.0,1.0,0.0,2.0,0.0,0.0,3.7635772617058882,2.3610565049555734,2.0,1.0986122886681098,0.0005323396326856535,2.5839422704002777,1608.0000000000007,0.0012437810945273627,0.7467532467532467,0.4029183462214141,3.1212637878828575,0.2513144282809062,0.9288468531489605,2.945201134582089e-05,0.66140625,0.484375,1.6666666666666665,0.9808292530117262,3.0,0,0
2021-02-08,CCIV,5.208333333333333,9.0,4.0,3.0,21.458842851282235,8.618768954984162,12.840073896298078,2.1526347222222224,7.411688161257327,4.166666666666667,15.886221189139745,10.083333333333334,4.208333333333334,0.0,6.5,0.0,0.0,3757,0.41330586666666674,0.34539085879994014,0.8000000000000002,0.7403111761075454,0.8080000000000002,0.0,0.4444444444444444,0.3333333333333333,1.248,0.0,0.0,1.6548036393569592,2.465294188089231,5.208333333333333,1.8258924755975134,0.0013863011267855557,3.111684427559309,1608.0000000000007,0.00323901326699834,0.8961038961038961,0.07099087955474753,2.9729808219403764,0.5875182445542451,1.4638171871416634,0.0010076835766522564,0.19288095170068034,0.5372448979591838,3.575,1.5206066987274847,4.0,0,0
2021-02-08,CLOV,10.0,13.0,12.0,8.0,52.70084083046564,27.528709247923054,25.172131582542583,3.032216666666667,12.924595296465641,0.42121212121212126,1.7277110620652656,23.5,3.0,2.0,4.5,0.0,0.0,3757,0.30322166666666667,0.2452445747126317,0.04212121212121213,0.03278336806092284,0.3,0.2,0.9230769230769231,0.6153846153846154,0.45,0.0,0.0,2.7528709247923056,2.5172131582542585,10.0,2.3978952727983707,0.002661698163428267,3.983428659315245,1608.0000000000007,0.006218905472636814,0.961038961038961,-0.039093320445252544,2.4416429886917466,0.06252035698133396,2.019330010751248,-0.002281398109633981,0.2602210714285714,-0.04939664502164502,10.333333333333334,2.4277482359480516,2.0,0,0
2021-02-08,CRSR,5.916666666666667,12.0,8.0,4.0,45.206272684012646,24.069402588406522,21.136870095606135,1.6597111111111111,12.287862942974362,0.5719988436875854,3.4777177627640583,43.45833333333333,2.1666666666666665,0.625,25.666666666666664,0.16666666666666666,0.0,3757,0.2805145539906103,0.27181765302495303,0.096675860904944,0.0769299824179923,0.3661971830985915,0.1056338028169014,0.6666666666666666,0.3333333333333333,4.338028169014084,0.02816901408450704,0.0,4.068068043110961,3.572428748553149,5.916666666666667,1.9339339580085977,0.0015748380800283915,3.8331155612526837,1608.0000000000007,0.0036795190713101145,0.922077922077922,-0.061800433121308895,0.8260927781070749,0.6931471805599454,0.6307687988039876,0.0014405998241941468,0.04299280133191971,-0.24925296110750328,25.908333333333335,3.2924360279762293,7.0,0,0
2021-02-08,DIS,2.5,6.0,0.0,1.0,13.621029783068618,5.316618822158627,8.304410960909994,1.091,5.086367564350235,1.023731884057971,3.908668902130873,7.5,1.125,0.125,0.0,0.0,0.0,3757,0.4364,0.3734201925520165,0.4094927536231884,0.28695839920924887,0.45,0.05,0.0,0.16666666666666666,0.0,0.0,0.0,2.1266475288634505,3.3217643843639975,2.5,1.252762968495368,0.0006654245408570668,2.6824608884394925,1608.0000000000007,0.0015547263681592034,0.801948051948052,0.0940850128880808,3.6556001501415265,0.8472978603872037,0.9795216471556856,0.0010993529619661253,0.2607488888888889,0.25949275362318835,2.625,1.2878542883066382,6.0,0,0
2021-02-08,DKNG,3.5,8.0,3.0,0.0,19.809321797077274,9.83152458622832,9.977797210848955,2.116113888888889,11.883342631464936,2.8869047619047623,16.137081651771567,18.25,3.3333333333333335,0.16666666666666666,6.0,0.16666666666666666,0.0,3757,0.6046039682539683,0.5998863945568415,0.8248299319727892,0.8146206022132711,0.9523809523809524,0.047619047619047616,0.375,0.0,1.7142857142857142,0.047619047619047616,0.0,2.8090070246366627,2.8507992030997014,3.5,1.5040773967762742,0.0009315943571998936,3.0354010496331085,1608.0000000000007,0.0021766169154228848,0.8603896103896104,0.2622889811420491,4.0276132472658235,1.1676051601550612,1.2415697931659526,0.0018123181904684221,0.4249882485569986,0.6604815578774741,1.8583333333333334,1.0502387043838939,4.0,0,0
2021-02-08,FB,2.833333333333333,4.0,1.0,1.0,12.258570565572562,5.909240515240878,6.349330050331682,1.1349277777777778,4.876322462153189,1.2121212121212122,7.609988782661344,6.666666666666666,1.3333333333333333,0.0,1.3333333333333333,0.0,0.0,3757,0.40056274509803924,0.3977888315827001,0.4278074866310161,0.6207892463443925,0.4705882352941177,0.0,0.25,0.25,0.4705882352941177,0.0,0.0,2.085614299496781,2.240940017764123,2.833333333333333,1.3437347467010947,0.0007541478129713423,2.584644178462103,1608.0000000000007,0.001762023217247097,0.8311688311688312,0.05824775798612003,1.9040139810019467,1.3437347467010947,0.9853016491949685,0.001762023217247097,0.3010612278878943,0.22895629796785336,1.9583333333333333,1.0846260466933697,4.0,0,0
2021-02-08,FUBO,2.0,4.0,4.0,2.0,12.090180131109996,6.09328777252681,5.996892358583185,0.7015,5.281615403420622,1.4821428571428572,7.982190283816427,4.25,1.75,0.25,0.0,0.0,0.0,3757,0.35075,0.43685167186468693,0.7410714285714286,0.6602209559539114,0.875,0.125,1.0,0.5,0.0,0.0,0.0,3.046643886263405,2.9984461792915926,2.0,1.0986122886681098,0.0005323396326856535,2.571862340798097,1608.0000000000007,0.0012437810945273627,0.7467532467532467,0.008435012888080795,1.0711182640512436,1.0986122886681098,0.6651914740343823,0.0012437810945273627,0.20177098095433135,0.7423564357852794,2.783333333333333,1.3306054552593019,4.0,0,0
2021-02-08,GM,7.158333333333333,11.0,4.0,0.0,38.23883926238736,21.79759260856285,16.441246653824507,1.941478888888889,10.333300255312809,0.21166666666666673,3.3386129005601077,21.291666666666664,2.7,1.125,1.5,0.0,0.0,3757,0.27121940240589837,0.2702304895922113,0.029569266589057053,0.08730947290662265,0.3771827706635623,0.15715948777648428,0.36363636363636365,0.0,0.20954598370197905,0.0,0.0,3.0450653236641934,2.2967981355750187,7.158333333333333,2.0990398997484645,0.001905332268654068,3.66966705379042,1608.0000000000007,0.0044516998341625185,0.948051948051948,-0.07109558470602084,2.2699561631771625,1.365070724668264,1.3236597993191193,0.0034650574540775157,0.0007564706886483696,-0.2823014209955163,11.208333333333334,2.502118778669122,6.0,0,0
2021-02-08,GME,1056.9416666666673,1236.0,807.0,194.0,6873.858817878847,3679.9716097817604,3193.887208097097,299.3314608333332,2046.3374376734282,375.00976555193586,2422.3080950445137,5004.866666666667,555.275,128.5333333333333,923.2166666666666,366.6833333333334,24.0,3757,0.2832052801715639,0.29769849685462296,0.3548064925234937,0.3523942168762779,0.5253601192118768,0.12160872958930237,0.6529126213592233,0.156957928802589,0.873479299551378,0.3469286384458302,0.022707024197172646,3.481716849509284,3.0218197548875403,1056.9416666666673,6.964080475422489,0.281325969301748,8.835626386742655,1608.0000000000007,0.6573020315091211,1.0,-0.05910970694035533,0.5673993335693144,0.36426666715895717,1.4024048842510206,-0.011148180998468371,0.02473754992133198,0.000608524761639806,3090.529761904763,8.036421315963366,7.0,0,0
2021-02-08,GPRO,3.0,3.0,3.0,0.0,9.261983605128021,0.0,9.261983605128021,0.4483,1.570033118602877,0.0,-0.4269779484873548,9.0,1.0,1.0,0.0,0.0,0.0,3757,0.14943333333333333,0.1695137009024295,0.0,-0.0461000544474029,0.3333333333333333,0.3333333333333333,1.0,0.0,0.0,0.0,0.0,0.0,3.0873278683760073,3.0,1.3862943611198906,0.0007985094490284802,2.328446154889187,1608.0000000000007,0.001865671641791044,0.8474025974025974,-0.19288165377858588,3.0366023339725103,1.3862943611198906,1.1344314835521074,0.001865671641791044,-0.08360277777777778,-0.12202380952380953,2.0,1.0986122886681098,3.0,0,0
2021-02-08,IDEX,2.25,3.0,2.0,1.0,10.635128131978263,5.494690244556911,5.140437887421351,0.5666666666666665,2.8104425153198207,2.107142857142857,9.871255627590054,19.75,2.25,0.0,16.75,0.25,0.0,3757,0.25185185185185177,0.2642603342849471,0.9365079365079365,0.928174583802958,1.0,0.0,0.6666666666666666,0.3333333333333333,7.444444444444445,0.1111111111111111,0.0,2.442084553136405,2.284639061076156,2.25,1.1786549963416462,0.0005988820867713601,2.4540288093260414,1608.0000000000007,0.001399253731343283,0.7792207792207793,-0.09046313526006744,1.4225852236960614,0.13720112151348518,0.8457407079340439,-0.0002704487580313371,0.10538605098605089,0.7314213564213564,1.9583333333333333,1.0846260466933697,3.0,0,0
2021-02-08,MVIS,5.0,5.0,5.0,1.0,35.218714332073816,18.49873452116823,16.719979810905585,1.3636,13.24718165488662,1.3181818181818183,11.444112654045483,15.0,2.0,0.0,7.0,0.0,1.0,3757,0.27271999999999996,0.37614041018023087,0.26363636363636367,0.32494407791664576,0.4,0.0,1.0,0.2,1.4,0.0,0.2,3.6997469042336464,3.343995962181117,5.0,1.791759469228055,0.0013308490817141336,3.5895759557477906,1608.0000000000007,0.003109452736318407,0.8896103896103896,-0.06959498711191925,0.0,1.791759469228055,1.791759469228055,0.003109452736318407,0.27271999999999996,0.26363636363636367,0.0,0.0,0.0,1,0
2021-02-08,NET,2.125,5.0,1.0,1.0,24.678189322866118,13.381018314194591,11.29717100867153,0.5487166666666667,6.552379362744835,-0.7294871794871796,-10.176465290970635,32.5,0.5,1.5,3.0,0.0,0.0,3757,0.2582196078431373,0.26551297086750136,-0.3432880844645551,-0.41236677285482237,0.23529411764705882,0.7058823529411765,0.2,0.2,1.411764705882353,0.0,0.0,6.296949794915101,5.316315768786602,2.125,1.1394342831883648,0.0005656108597285068,3.245641967101682,1608.0000000000007,0.0013215174129353228,0.7597402597402597,-0.08409537926878191,3.733930594522617,1.1394342831883648,1.0408771131428312,0.0013215174129353228,0.16228627450980396,-0.2854177140941847,1.2,0.7884573603642702,1.0,0,0
2021-02-08,NIO,5.533333333333333,10.0,3.0,3.0,39.19424091790338,20.519088795369203,18.675152122534172,1.8599733333333335,12.874163207210108,3.5215151515151515,27.47977486055325,24.333333333333332,4.366666666666667,0.16666666666666666,9.0,0.16666666666666666,0.0,3757,0.3361397590361446,0.32847078820014525,0.6364184008762322,0.7011176697646126,0.7891566265060243,0.030120481927710843,0.3,0.3,1.6265060240963856,0.030120481927710843,0.0,3.708269059404073,3.375027492024248,5.533333333333333,1.8769172775683618,0.0014728063170969744,3.693723724613502,1608.0000000000007,0.0034411276948590366,0.9025974025974026,-0.006175228075774586,0.9254677715756203,-0.04976150955906378,0.7353926913918032,-0.001901920271139748,-0.09923010799987059,0.3203121277411799,14.95,2.7694588292308535,7.0,0,0
2021-02-08,NKLA,2.6666666666666665,4.0,0.0,0.0,6.382135836878074,2.760730458931123,3.6214053779469504,0.28639444444444445,0.6624734037995962,-0.12878787878787873,-0.7113288913989195,10.166666666666666,1.0,1.1666666666666667,1.0,0.0,0.0,3757,0.10739791666666668,0.10380120710869355,-0.04829545454545452,-0.11145624436393659,0.375,0.43750000000000006,0.0,0.0,0.375,0.0,0.0,1.0352739220991711,1.3580270167301065,2.6666666666666665,1.2992829841302609,0.0007097861769142045,1.9990630055328023,1608.0000000000007,0.00165837479270315,0.8181818181818182,-0.23491707044525253,1.8952301392554298,0.3829922522561058,0.8894435059772337,0.00029225457412391533,-0.20009208788706737,-0.19610034773969198,3.2916666666666665,1.45667515788169,5.0,0,0
2021-02-08,NOK,25.69166666666666,49.0,29.0,14.0,159.59528544122517,83.14997149433215,76.44531394689301,8.140513055555557,57.25493575172006,10.486038141997891,75.25542867093714,99.11666666666669,15.091666666666665,3.583333333333333,30.5,6.116666666666667,0.0,3757,0.31685422207806263,0.3587507963874383,0.40814939248775456,0.4715391714917028,0.5874148556600715,0.13947453778786897,0.5918367346938775,0.2857142857142857,1.1871553681479081,0.23807979240999036,0.0,3.2364568859292446,2.975490649895285,25.69166666666666,3.284351406827112,0.006838346198207788,5.07888744517408,1608.0000000000007,0.01597740464344941,0.9805194805194806,-0.02546076503385658,0.1862531274794877,0.0949043926497235,0.33021978336047164,-0.00522022741483838,0.03544149831797411,-0.01367156095445965,117.95119047619048,4.778713244905615,7.0,0,0
2021-02-08,PLTR,11.291666666666668,17.0,7.0,2.0,79.93569801100853,44.18411033643029,35.751587674578225,4.490537499999999,31.08898686245496,5.229166666666666,35.75169395803062,27.333333333333332,5.458333333333333,0.16666666666666666,11.0,0.0,0.0,3757,0.3976859778597785,0.3889249438739306,0.46309963099630985,0.44725566733785194,0.48339483394833943,0.014760147601476013,0.4117647058823529,0.11764705882352941,0.9741697416974169,0.0,0.0,3.912983941233678,3.166192266383311,11.291666666666668,2.5089215259918745,0.0030055008428710854,4.39365498768936,1608.0000000000007,0.007022180762852402,0.9675324675324676,0.05537099074785928,0.932642668235383,1.0541900033187555,0.9937901064975849,0.004031895395517855,-0.010788813648035522,-0.05724085576499477,24.041666666666668,3.220541104187262,7.0,0,0
2021-02-08,PSTH,2.9583333333333335,5.0,1.0,2.0,13.42403870063946,6.8029706622682165,6.621068038371244,1.2580597222222223,4.917534212998365,0.7053571428571428,4.104547278857173,12.333333333333334,0.625,0.0,0.5,0.0,0.0,3757,0.4252596244131455,0.36632300626220005,0.23843058350100602,0.3057609837389437,0.2112676056338028,0.0,0.2,0.4,0.16901408450704225,0.0,0.0,2.299595716823059,2.238107505928308,2.9583333333333335,1.3758230612525952,0.0007874190400141958,2.668896168970036,1608.0000000000007,0.0018397595356550573,0.8376623376623377,0.08294463730122631,4.056586822217075,0.5648928450362665,1.2237736457120336,0.0007013260201723618,0.40920462441314553,0.23843058350100602,1.25,0.8109302162163288,2.0,0,0
2021-02-08,QQQ,2.2,3.0,1.0,1.0,11.799859011422825,4.760521256254476,7.039337755168349,0.7816533333333333,3.0832826040666728,-0.018181818181818184,-0.19054933218325132,2.2,0.0,0.0,0.0,0.0,0.0,3757,0.35529696969696967,0.2612982579776511,-0.008264462809917356,-0.016148441434663794,0.0,0.0,0.3333333333333333,0.3333333333333333,0.0,0.0,0.0,2.163873298297489,3.1996989796219766,2.2,1.1631508098056809,0.0005855735959542188,2.549434156132317,1608.0000000000007,0.001368159203980099,0.7727272727272727,0.012981982585050456,1.8583791968393666,1.1631508098056809,0.8461136103484946,0.001368159203980099,0.3029591355774728,-0.1597694044091986,3.541666666666667,1.5132940518811981,4.0,0,0
2021-02-08,RIDE,2.5,3.0,2.0,2.0,9.34417404570842,4.16131854847697,5.182855497231451,0.021383333333333344,-0.14611146024297197,0.1,0.5123963979403259,7.0,0.0,0.0,0.0,0.0,0.0,3757,0.008553333333333338,-0.01563663728096737,0.04,0.05483592187322951,0.0,0.0,0.6666666666666666,0.6666666666666666,0.0,0.0,0.0,1.664527419390788,2.0731421988925804,2.5,1.252762968495368,0.0006654245408570668,2.336423467092547,1608.0000000000007,0.0015547263681592034,0.801948051948052,-0.33376165377858585,8.0,1.252762968495368,1.2020798299818476,0.0015547263681592034,-0.10614249999999999,-0.08499999999999999,0.0,0.0,1.0,0,0
2021-02-08,RKT,2.5,3.0,3.0,2.0,22.25867421103272,11.46367358203218,10.79500062900054,1.44465,13.147323678782403,1.25,9.7804398229334,12.0,2.0,0.0,3.0,0.0,0.0,3757,0.57786,0.5906606815003298,0.5,0.4393990284509234,0.8,0.0,1.0,0.6666666666666666,1.2,0.0,0.0,4.5854694328128724,4.318000251600216,2.5,1.252762968495368,0.0006654245408570668,3.1466781468001996,1608.0000000000007,0.0015547263681592034,0.801948051948052,0.23554501288808083,2.323340181764449,1.252762968495368,1.0236902855268293,0.0015547263681592034,0.5228308333333334,0.4054621848739496,1.0,0.6931471805599453,2.0,0,0
2021-02-08,ROKU,2.1666666666666665,6.0,1.0,1.0,15.865212000031413,8.441476838458032,7.423735161573383,0.5377611111111111,3.6303556316794707,0.14880952380952378,0.7163768241483257,8.75,0.5833333333333333,0.5833333333333333,0.3333333333333333,0.3333333333333333,0.0,3757,0.24819743589743593,0.2288249051870396,0.06868131868131867,0.04515393958472835,0.2692307692307692,0.2692307692307692,0.16666666666666666,0.16666666666666666,0.15384615384615385,0.15384615384615385,0.0,3.8960662331344764,3.4263393053415614,2.1666666666666665,1.1526795099383853,0.0005767012687427911,2.8252530388485653,1608.0000000000007,0.0013474295190713094,0.7662337662337663,-0.09411755121448329,8.0,0.9295359586241756,1.0888263069676365,0.0011197428159747704,0.05495993589743592,-0.13131868131868135,0.5833333333333333,0.45953232937844013,2.0,0,0
2021-02-08,SLV,3.7,7.0,5.0,3.0,16.187531591167975,4.301701043737045,11.885830547430931,1.081245,4.059004930452479,2.3343073593073593,8.414045179435517,27.2,3.7,0.0,2.75,0.0,0.0,3757,0.2922283783783784,0.2507488499770465,0.6308938808938809,0.5197855603893478,1.0,0.0,0.7142857142857143,0.42857142857142855,0.7432432432432432,0.0,0.0,1.1626219037127148,3.212386634440792,3.7,1.547562508716013,0.000984828320468459,2.844184213456692,1608.0000000000007,0.0023009950248756212,0.8701298701298701,-0.050086608733540816,-0.3137760821555445,0.09283098604289397,-0.4206882265603691,-0.0006892903424589258,0.07486458567731322,0.20618696419402227,64.21071428571427,4.1776237849674835,7.0,0,0
2021-02-08,SNAP,4.25,6.0,5.0,3.0,20.08906913607338,8.68746834772169,11.401600788351688,1.74885,7.999940069537375,0.125,-5.222109972207937,6.0,1.25,1.0,1.0,0.0,0.0,3757,0.41149411764705884,0.398223532178109,0.029411764705882353,-0.2599478321686265,0.29411764705882354,0.23529411764705882,0.8333333333333334,0.5,0.23529411764705882,0.0,0.0,2.044110199463927,2.682729597259221,4.25,1.6582280766035324,0.0011312217194570137,3.048754855824476,1608.0000000000007,0.0026430348258706456,0.8831168831168831,0.06917913053513963,2.3387401920719277,1.6582280766035324,1.4119571857659232,0.0026430348258706456,0.2876813200280112,0.09191176470588236,0.25,0.22314355131420976,3.0,0,0
2021-02-08,SNDL,6.7,8.0,6.0,2.0,37.89822666530735,18.773566643361217,19.124660021946134,1.5796566666666667,9.091685699577797,0.8754385964912281,8.927046622674233,21.7,2.7,3.0,1.0,0.5,0.0,3757,0.23576965174129352,0.2398973909747728,0.130662477088243,0.23555314873996983,0.40298507462686567,0.44776119402985076,0.75,0.25,0.14925373134328357,0.07462686567164178,0.0,2.8020248721434653,2.854426868947184,6.7,2.0412203288596382,0.0017833377694969391,3.6609486625751875,1608.0000000000007,0.004166666666666665,0.9285714285714286,-0.10654533537062569,0.44574321511694914,1.3480731482996928,0.7733369590080679,0.0032559198542805087,0.026023171109445742,-0.09870308982255924,12.208333333333332,2.580847943529335,5.0,0,0
2021-02-08,SPCE,9.5,13.0,11.0,1.0,40.26188453127952,15.406044719199485,24.85583981208004,7.094072222222222,26.652727416700998,5.754761904761905,16.13377373518955,34.333333333333336,6.666666666666667,0.5,13.0,0.16666666666666666,0.0,3757,0.7467444444444444,0.661984100520542,0.605764411027569,0.4007207790448854,0.7017543859649124,0.05263157894736842,0.8461538461538461,0.07692307692307693,1.368421052631579,0.017543859649122806,0.0,1.621688917810472,2.6164041907452673,9.5,2.3513752571634776,0.0025286132552568537,3.719939181134218,1608.0000000000007,0.0059079601990049725,0.9545454545454546,0.4044294573325252,0.8409559326856302,-0.4519851237430572,1.1584591725571074,-0.008208615392980453,0.45397143294396763,0.288111154092348,22.925,3.174923937339018,5.0,0,0
2021-02-08,SPWR,3.0,3.0,3.0,1.0,12.95370801137419,4.1588830833596715,8.794824928014517,0.6049666666666667,3.141489923105186,1.6666666666666665,8.291114085072612,7.0,2.0,0.0,0.0,2.0,0.0,3757,0.20165555555555556,0.2425166539454769,0.5555555555555555,0.6400572004396332,0.6666666666666666,0.0,1.0,0.3333333333333333,0.0,0.6666666666666666,0.0,1.3862943611198906,2.931608309338172,3.0,1.3862943611198906,0.0007985094490284802,2.635745280213849,1608.0000000000007,0.001865671641791044,0.8474025974025974,-0.14065943155636365,3.1587691580479986,0.6931471805599453,1.1703917426085801,0.0009549248294048877,0.05705972222222222,0.39375901875901864,1.125,0.7537718023763802,3.0,0,0
2021-02-08,SPY,6.95,13.0,4.0,1.0,51.15485254891602,27.289122650183472,23.865729898732546,0.18727555555555553,4.950955294619197,1.366077441077441,10.402605618904847,39.7,3.333333333333333,1.0,2.0,0.0,0.0,3757,0.026946123101518782,0.09678368811414174,0.1965579051909987,0.20335520679993202,0.4796163069544364,0.14388489208633093,0.3076923076923077,0.07692307692307693,0.28776978417266186,0.0,0.0,3.926492467652298,3.433917971040654,6.95,2.0731719286662407,0.0018498802235826458,3.9542172269533125,1608.0000000000007,0.004322139303482585,0.9383116883116883,-0.31536886401040043,0.7536220220004091,0.7784447610718406,0.7440881674376361,0.001908660250659271,-0.19740743615224526,0.07383853270063258,26.55119047619047,3.3160457461423025,7.0,0,0
2021-02-08,TSLA,11.358333333333334,24.0,8.0,3.0,98.7199426278308,54.82110750109398,43.89883512673681,3.8764947222222226,34.29835425043653,0.9223335488041371,8.108414600852388,117.44999999999999,5.158333333333333,1.8333333333333333,9.0,0.7,2.5,3757,0.34129080459770117,0.3474308568000246,0.081203247143431,0.08213552788842982,0.45414526779163605,0.16140865737344093,0.3333333333333333,0.125,0.7923697725605282,0.06162876008804108,0.22010271460014671,4.8265098313509,3.864901111671619,11.358333333333334,2.514330599355886,0.0030232454972939403,4.602365683322568,1608.0000000000007,0.007063640132669981,0.974025974025974,-0.0010241825142180416,1.0323452132918958,0.5816021870026369,1.062788767532565,0.001682644382821773,0.07908195268159812,-0.13281710141124467,29.39166666666667,3.414168448026634,7.0,0,0
2021-02-08,TTWO,2.5,3.0,2.0,0.0,13.089841114596206,7.027106224097168,6.062734890499037,1.3416000000000001,7.1334896598290305,1.5,7.353268817117014,5.5,1.5,0.0,0.0,0.0,0.0,3757,0.53664,0.5449638079926445,0.6,0.5617538633771145,0.6,0.0,0.6666666666666666,0.0,0.0,0.0,0.0,2.8108424896388673,2.425093956199615,2.5,1.252762968495368,0.0006654245408570668,2.6454540493811614,1608.0000000000007,0.0015547263681592034,0.801948051948052,0.1943250128880808,4.75841829499799,1.252762968495368,1.1661195709253749,0.0015547263681592034,0.4961816666666667,0.6,1.0,0.6931471805599453,1.0,0,0
2021-02-08,WKHS,2.75,4.0,3.0,2.0,13.308349608663788,7.533225402866618,5.77512420579717,1.974875,9.61264747373773,2.35,11.320424288833388,8.75,2.25,0.0,4.0,0.0,0.0,3757,0.7181363636363636,0.7223019950933555,0.8545454545454546,0.8506257065461932,0.8181818181818182,0.0,0.75,0.5,1.4545454545454546,0.0,0.0,2.7393546919514975,2.1000451657444255,2.75,1.3217558399823195,0.0007319669949427735,2.660843255586917,1608.0000000000007,0.0017101990049751237,0.8246753246753247,0.37582137652444436,2.2725976008627664,0.06899287148695143,1.0785170713504053,-0.0005666680259902672,0.6378005303030303,0.697878787878788,3.5,1.5040773967762742,2.0,0,0
2021-02-08,ZOM,5.833333333333334,7.0,5.0,3.0,45.00679350674625,22.87704274823268,22.129750758513566,2.7924333333333333,23.622481731461814,4.5,36.125437209478534,14.0,5.0,0.0,5.0,0.0,0.0,3757,0.4787028571428571,0.524864801308739,0.7714285714285714,0.802666317565226,0.8571428571428571,0.0,0.7142857142857143,0.42857142857142855,0.8571428571428571,0.0,0.0,3.9217787568398874,3.793671558602325,5.833333333333334,1.921812597476253,0.0015526572619998227,3.8287890705140155,1608.0000000000007,0.0036276948590381413,0.9155844155844156,0.13638787003093789,1.3182723267856054,0.8232003088081432,1.366849379193683,0.0018062012342658284,0.38233562583444586,0.7433911882510013,2.5,1.252762968495368,3.0,0,0
2021-02-09,AMC,9.041666666666666,16.0,10.0,1.0,85.95896937974348,40.55874549590427,45.40022388383921,1.7010791666666665,15.208298414531708,3.0313492063492067,28.932418942926443,41.791666666666664,5.458333333333333,1.0,2.5,0.25,0.0,150,0.18813778801843317,0.17692509024096786,0.335264428351986,0.33658406041504335,0.6036866359447005,0.11059907834101383,0.625,0.0625,0.2764976958525346,0.027649769585253458,0.0,4.485759870514758,5.0212229180283,9.041666666666666,2.3067431031427095,0.06027777777777777,4.465436391083839,89.0,0.10159176029962547,0.9838709677419355,-0.317167688414689,-1.0801950482395561,-3.1356746073790838,-2.1474978124575808,-0.04144306557102123,-0.1008129424484211,-0.09213621364113822,746.65,6.616934954029853,8.0,0,1
2021-02-09,AMD,2.0,2.0,1.0,1.0,23.057952206092168,12.34798878768909,10.709963418403078,0.8452666666666667,10.645951307551744,1.25,16.600212829037876,10.0,2.0,0.0,0.0,0.0,0.0,150,0.42263333333333336,0.46170411025220903,0.625,0.719934393161415,1.0,0.0,0.5,0.5,0.0,0.0,0.0,6.173994393844545,5.354981709201539,2.0,1.0986122886681098,0.013333333333333334,3.18046559495806,89.0,0.02247191011235955,0.967741935483871,-0.08267214309978882,-0.12107518510059817,-0.9745596399981309,-0.09790016296103987,0.018149770808876965,0.1767708383555991,0.28320688372505765,14.691666666666665,2.7531297858751063,8.0,0,1
2021-02-09,GME,45.699999999999996,56.0,30.0,6.0,512.0019996422011,271.9794139299907,240.0225857122105,15.383280555555555,185.1781202160551,12.80611937082525,160.89318583126624,281.0833333333333,22.616666666666664,7.5,25.5,5.5,1.0,150,0.3366144541697058,0.36167460350831027,0.2802214304338129,0.31424327628349524,0.4948942377826404,0.1641137855579869,0.5357142857142857,0.10714285714285714,0.5579868708971554,0.12035010940919039,0.021881838074398252,5.951409495185793,5.252135354752966,45.699999999999996,3.8437441646748516,0.30466666666666664,6.240279743101186,89.0,0.5134831460674156,1.0,-0.16869102226341637,-0.79437093705084,-3.1203363107476374,-1.873754191413397,-0.1438188854417055,0.07539810726154816,-0.07404415119044544,3129.583333333334,8.048974634646855,8.0,0,1
2021-02-10,AMC,11.766666666666666,22.0,8.0,2.0,131.54897980146004,68.72561668255497,62.82336311890506,3.161860555555557,36.81762386052703,3.263473389355742,34.23934008817367,77.88333333333335,5.2666666666666675,1.75,9.4,0.5,0.0,218,0.26871336166194537,0.2798776844647061,0.2773490132596948,0.2602782639580277,0.4475920679886687,0.14872521246458925,0.36363636363636365,0.09090909090909091,0.7988668555240794,0.042492917847025496,0.0,5.840703967355947,5.339096015770968,11.766666666666666,2.5468376075184906,0.05397553516819571,4.88695223599821,126.00000000000001,0.09338624338624336,0.9803921568627451,-0.1483176672679269,-0.8490458575104576,0.24009450437578117,-1.6926535268360414,-0.008205516913382102,-0.010156074560066841,-0.14083800736931562,678.5333333333333,6.521406288066203,9.0,0,2
2021-02-10,AMD,2.7,5.0,1.0,0.0,28.165993147327818,14.252080569222288,13.913912578105531,1.3895133333333334,17.06408403792664,1.4285714285714286,17.171962137893708,49.4,1.7,0.0,40.4,0.0,0.0,218,0.5146345679012345,0.6058399556042481,0.5291005291005291,0.6096700389037358,0.6296296296296295,0.0,0.2,0.0,14.962962962962962,0.0,0.0,5.278548358971218,5.1533009548539,2.7,1.308332819650179,0.012385321100917432,3.373003412337215,126.00000000000001,0.02142857142857143,0.8431372549019608,0.09760353897136226,0.1593899129865672,0.2097205309820691,0.121610384317133,-0.0010433386837881212,0.25109498908794037,0.15898672445308093,15.524999999999999,2.80487438573775,9.0,0,2
2021-02-10,APHA,2.7916666666666665,6.0,5.0,2.0,28.9811273700926,16.158681862338323,12.822445507754281,0.8336277777777779,13.111954101382732,2.5166083916083917,25.397017898850052,12.625,2.6666666666666665,0.125,3.0,1.0,0.0,218,0.2986129353233831,0.4524307813820162,0.9014716626656926,0.8763295359261555,0.9552238805970149,0.04477611940298508,0.8333333333333334,0.3333333333333333,1.0746268656716418,0.35820895522388063,0.0,5.78818454770328,4.593114808747803,2.7916666666666665,1.3328056761689044,0.012805810397553517,3.4005680960399047,126.00000000000001,0.02215608465608465,0.8921568627450981,-0.11841809360648914,0.8027767509186657,1.3328056761689044,0.5462156881471099,0.02215608465608465,-0.06144007238748661,0.5887321055078245,13.958333333333334,2.7052685581403333,7.0,0,2
2021-02-10,BB,3.95,7.0,5.0,4.0,40.93725432627532,23.24262667730551,17.694627648969817,-0.11599166666666655,0.9517854589865462,1.12,10.600818655902815,23.5,2.45,0.25,11.25,0.0,0.0,218,-0.029364978902953556,0.02324986066238567,0.28354430379746837,0.25895284943667424,0.620253164556962,0.06329113924050632,0.7142857142857143,0.5714285714285714,2.848101265822785,0.0,0.0,5.8842092853937995,4.479652569359447,3.95,1.599387576580599,0.018119266055045873,3.736174556622946,126.00000000000001,0.03134920634920635,0.9215686274509803,-0.4463960078328258,-0.7896934430695013,0.8261976883471173,-1.4285515151007742,0.018240592116996614,-0.3511957228483958,-0.219932000477075,122.2166666666667,4.813944323335,9.0,0,2
2021-02-10,CGC,2.7916666666666665,5.0,1.0,1.0,27.912390599084425,14.83978170408488,13.072608894999544,1.1598055555555555,11.810362318667881,1.849941724941725,18.16222766098047,12.958333333333334,2.6666666666666665,0.125,4.0,0.0,0.0,218,0.41545273631840796,0.4231225654693755,0.6626656925164388,0.6506869268867362,0.9552238805970149,0.04477611940298508,0.2,0.2,1.4328358208955225,0.0,0.0,5.315742699970704,4.682725574328195,2.7916666666666665,1.3328056761689044,0.012805810397553517,3.3642702436882086,126.00000000000001,0.02215608465608465,0.8921568627450981,-0.0015782926114643048,2.8962219263378985,1.3328056761689044,1.0000625530266498,0.02215608465608465,0.06658381375948536,0.4662297174530128,2.541666666666667,1.264597426142371,6.0,0,2
2021-02-10,CRSR,4.0,5.0,4.0,3.0,40.0114736727545,22.133133150775425,17.87834052197907,1.3545000000000003,14.381122611283738,3.011904761904762,29.68711286073014,21.0,4.0,0.0,5.0,0.0,0.0,218,0.33862500000000006,0.3594249671707656,0.7529761904761905,0.7419649949295756,1.0,0.0,0.8,0.6,1.25,0.0,0.0,5.533283287693856,4.469585130494767,4.0,1.6094379124341003,0.01834862385321101,3.713851873231749,126.00000000000001,0.031746031746031744,0.9411764705882353,-0.0784060289298722,0.41434094322568904,0.916290731874155,0.3041976712135579,0.02051007668985197,0.06556947580731987,0.36656554677573827,20.825000000000003,3.083056101725666,9.0,0,2
2021-02-10,GME,65.14166666666668,80.0,43.0,6.0,681.8898464478194,341.12752035628193,340.7623260915373,13.01771611111111,136.3039099223226,5.932663845736112,44.23633349987355,535.175,27.016666666666662,17.875,134.23333333333332,16.0,0.5,218,0.19983701334697873,0.19989139101039985,0.09107325847362585,0.06487313710610981,0.41473711142381975,0.27440194447997945,0.5375,0.075,2.060637073045925,0.24561852373033127,0.007675578866572852,5.236702372106156,5.231096217344821,65.14166666666668,4.19179890630883,0.2988149847094802,6.526333567570991,126.00000000000001,0.5169973544973545,1.0,-0.21719401558289353,-0.5815077286160218,0.34805474163397854,-1.3383240306380788,0.003514208429938881,-0.06891914428733376,-0.25578790803158796,2807.925,7.9405571268545945,9.0,0,2
2021-02-10,NOK,2.75,4.0,2.0,2.0,30.89417047594954,17.095237272234897,13.79893320371464,1.4466999999999999,16.047129126884897,1.5,15.916189214120372,8.0,1.5,0.0,4.0,0.0,0.0,218,0.5260727272727272,0.519422560297492,0.5454545454545454,0.5151842230724657,0.5454545454545454,0.0,0.5,0.5,1.4545454545454546,0.0,0.0,6.216449917176326,5.017793892259869,2.75,1.3217558399823195,0.01261467889908257,3.462423249390493,126.00000000000001,0.021825396825396824,0.8627450980392157,0.10904169834285499,-0.8476091035793397,0.5108256237659907,-1.451077621095337,0.0077804530051721055,0.1863804593901835,0.0671828434519986,79.71666666666664,4.390945080181128,9.0,0,2
2021-02-10,SNDL,2.125,3.0,2.0,0.0,26.319419469580854,13.822130842862617,12.497288626718237,-0.2414500000000001,0.10728401548240374,-0.5288461538461539,-1.66809246396019,6.625,1.0,1.125,0.0,0.0,0.0,218,-0.11362352941176476,0.0040762303137574585,-0.248868778280543,-0.06337877117267415,0.47058823529411764,0.5294117647058824,0.6666666666666666,0.0,0.0,0.0,0.0,6.504532161347114,5.881077000808582,2.125,1.1394342831883648,0.00974770642201835,3.3075977851935425,126.00000000000001,0.016865079365079364,0.8235294117647058,-0.530654558341637,-0.04914679037364906,1.1394342831883648,-0.07899444557885538,0.016865079365079364,-0.3049976790913723,-0.4454274795180091,14.075,2.713037742613249,6.0,0,2
2021-02-10,TLRY,4.191666666666666,10.0,6.0,2.0,54.77852936273583,30.207144065110732,24.571385297625103,1.302691111111111,19.124166255461244,2.0966083916083917,29.286835257959687,19.025,2.5666666666666664,0.125,4.9,0.0,0.0,218,0.3107811795891319,0.3491179204323589,0.500184904558662,0.5346407725557275,0.6123260437375745,0.029821073558648114,0.6,0.2,1.168986083499006,0.0,0.0,7.2064757212987836,5.8619607071869035,4.191666666666666,1.647054776005407,0.01922782874617737,4.02138901689545,126.00000000000001,0.033267195767195765,0.9607843137254902,-0.10624984934074039,1.5462560970858688,1.647054776005407,0.9917817094846604,0.033267195767195765,0.02816348263184676,0.39343665395710253,10.083333333333332,2.4054424784337534,7.0,0,2
2021-02-11,AMC,4.075000000000001,12.0,3.0,1.0,37.20390747058082,16.66046594894138,20.543441521639444,0.833181388888889,12.259026490952976,1.553082497212932,7.661078692912097,18.766666666666666,1.9083333333333332,0.25,0.6000000000000001,0.0,0.0,174,0.2044616905248807,0.3295091113923145,0.3811245391933574,0.20592134573418489,0.46830265848670743,0.06134969325153373,0.25,0.08333333333333333,0.14723926380368096,0.0,0.0,4.088457901580705,5.041335342733604,4.075000000000001,1.6243265249278513,0.023419540229885065,3.642937800187065,97.0,0.042010309278350526,0.9242424242424242,-0.16569091357006324,-1.2564391269072186,-0.9225110825906393,-2.461287016077949,-0.05137593410789284,-0.07348446619167084,-0.02425902622026066,547.8499999999999,6.307825180133325,10.0,0,3
2021-02-11,APHA,8.058333333333334,19.0,10.0,5.0,90.33323154190431,47.084179033610695,43.24905250829361,3.175444722222222,34.4908503433359,2.7637983091787444,34.97556532219526,33.65833333333333,3.9833333333333334,0.95,0.0,0.0,0.0,174,0.3940572561185798,0.38181796172470683,0.34297393702321544,0.38718381624563697,0.49431230610134436,0.11789038262668045,0.5263157894736842,0.2631578947368421,0.0,0.0,0.0,5.842917770458411,5.366997208888555,8.058333333333334,2.2036851443391634,0.04631226053639847,4.514514703214642,97.0,0.08307560137457044,0.9696969696969697,0.023904652023635842,2.052688284796428,0.870879468170259,1.3674391846676315,0.06091951671848579,0.03958970953384522,-0.023286720635363967,14.916666666666666,2.7673667782586295,8.0,0,3
2021-02-11,BB,5.291666666666667,10.0,2.0,4.0,56.43846502571188,29.549833966763533,26.88863105894835,1.2079180555555555,15.006026314449514,1.7054166666666668,17.90746140092353,16.25,2.083333333333333,0.625,0.0,0.0,0.0,174,0.22826797900262466,0.2658829631105871,0.32228346456692913,0.3172917865991813,0.3937007874015747,0.11811023622047244,0.2,0.4,0.0,0.0,0.0,5.584220592144289,5.0813161056280345,5.291666666666667,1.8392260064669788,0.03041187739463602,4.0507142012929265,97.0,0.054553264604811,0.9545454545454546,-0.14188462509231928,-0.5984236816821524,0.23983842988637982,-1.0588447656597786,0.023204058255604648,-0.06163588104750886,-0.1611990214824256,98.00000000000001,4.59511985013459,10.0,0,3
2021-02-11,CGC,2.45,6.0,2.0,2.0,25.107743717651722,12.478964924809265,12.628778792842462,1.4935475,15.47977822613053,1.3487500000000001,13.280386212363972,31.95,1.7,0.125,21.5,0.0,0.0,174,0.6096112244897959,0.6165340223401932,0.5505102040816326,0.5289358678226169,0.693877551020408,0.0510204081632653,0.3333333333333333,0.3333333333333333,8.775510204081632,0.0,0.0,5.0934550713507205,5.154603588915291,2.45,1.2383742310432684,0.014080459770114944,3.2622319644865394,97.0,0.025257731958762887,0.8787878787878788,0.23945862039485194,1.8298821659552205,-0.09443144512563606,0.8147163303531366,0.0031016473026782357,0.2546892279527383,0.3116897092497509,5.0,1.791759469228055,7.0,0,3
2021-02-11,GME,23.224999999999998,40.0,17.0,7.0,257.15368127179505,128.8596467949517,128.29403447684336,4.545724444444446,43.27817680365498,4.281492967461637,34.11467330654306,98.85,8.275,2.408333333333333,13.1,3.0,2.0,174,0.1957254873818922,0.16829693663966142,0.18434845930943541,0.1326625896927605,0.3562970936490851,0.10369573017581629,0.425,0.175,0.5640473627556513,0.12917115177610336,0.0861141011840689,5.548316331321924,5.523962733125657,23.224999999999998,3.1873851577768297,0.13347701149425287,5.553555071428495,97.0,0.23943298969072163,1.0,-0.17442711671305175,-1.0003279794400985,-1.0044137485320004,-2.221071958202981,-0.2775643648066329,-0.0667652934990263,-0.13925926101108857,2299.6666666666674,7.74095421498984,10.0,0,3
2021-02-11,PLTR,3.2,4.0,2.0,0.0,34.98262140933544,18.873512930611085,16.109108478724345,1.6278933333333332,18.88039914852923,1.5333333333333332,18.152501499685314,15.2,2.2,0.0,3.0,0.0,0.0,174,0.5087166666666666,0.5397079574914537,0.47916666666666663,0.5189005502841234,0.6875,0.0,0.5,0.0,0.9375,0.0,0.0,5.897972790815964,5.034096399601357,3.2,1.4350845252893227,0.01839080459770115,3.583036083270734,97.0,0.032989690721649485,0.9090909090909091,0.13856406257172266,0.0026852186814795933,1.0635209688568397,0.0027837761297724306,0.029418262150220913,0.09139519741447183,0.034342358272974494,16.650000000000002,2.8707357833793057,10.0,0,3
2021-02-11,SNDL,4.691666666666666,13.0,7.0,2.0,50.810316930336235,26.20580195487093,24.604514975465303,1.3993694444444444,14.759524450502655,0.9677607274793976,6.1013449642949364,25.875,2.075,1.1583333333333332,2.0,0.0,0.0,174,0.29826702190645354,0.29048282597289804,0.2062722687345075,0.12008082871555828,0.44227353463587926,0.24689165186500886,0.5384615384615384,0.15384615384615385,0.4262877442273535,0.0,0.0,5.585606100505349,5.244301593349621,4.691666666666666,1.739003116788744,0.02696360153256705,3.9475892979733267,97.0,0.04836769759450171,0.9393939393939394,-0.0718855821884904,0.3460647073363065,0.5995688336003793,0.5277557012559653,0.03150261822942235,0.13461993396242528,0.050206974725951314,15.2,2.785011242238338,7.0,0,3
2021-02-11,TLRY,11.225,22.0,14.0,4.0,137.15543381003639,71.86394083430233,65.29149297573407,4.201539166666667,46.1928281214273,3.1495125948930296,37.106093403937784,49.825,6.15,1.95,5.0,0.0,0.0,174,0.37430193021529323,0.33679181960377513,0.2805801866274414,0.27054045452789444,0.5478841870824054,0.17371937639198218,0.6363636363636364,0.18181818181818182,0.44543429844098,0.0,0.0,6.40213281374631,5.8166140735620555,11.225,2.5034830353609356,0.06451149425287356,4.928379383278047,97.0,0.11572164948453607,0.9848484848484849,0.004149326120349295,2.5929874675407865,0.8564282593555286,1.7580479952506745,0.08245445371734031,0.08912391665511293,0.1380649674843271,7.6916666666666655,2.1623647122187264,8.0,0,3
2021-02-11,TSLA,3.0,8.0,1.0,0.0,37.17065693710165,19.256943620785368,17.913713316316276,0.33560416666666665,2.719821038409669,-0.13913972500929028,-3.854562535577657,16.333333333333332,1.625,1.25,0.0,0.0,0.0,174,0.11186805555555555,0.07317118562128229,-0.046379908336430097,-0.10369906945955132,0.5416666666666666,0.4166666666666667,0.125,0.0,0.0,0.0,0.0,6.418981206928456,5.971237772105425,3.0,1.3862943611198906,0.017241379310344827,3.6420670774317125,97.0,0.030927835051546393,0.8939393939393939,-0.25828454853938837,0.028645565974456968,0.5940562779157144,0.030030421379287686,0.021337887961599307,-0.15558446370631251,-0.2762084579901497,19.474999999999998,3.019204629739133,9.0,0,3
2021-02-12,AMC,3.825,8.0,3.0,2.0,44.12988180014808,23.4213221795467,20.708559620601374,-0.08740611111111117,-4.222986139918698,1.4338888888888888,14.690952771660758,29.416666666666668,2.0,0.125,0.0,0.0,0.0,178,-0.022851270878721873,-0.09569448110111474,0.37487291212781404,0.3329026086721008,0.5228758169934641,0.032679738562091505,0.375,0.25,0.0,0.0,0.0,6.12322148484881,5.414002515189901,3.825,1.5738107347909494,0.02148876404494382,3.8095445947383846,100.0,0.03825,0.9634146341463414,-0.35266223823770915,-1.1542990547832555,-0.050515790136901995,-2.3066955548750223,-0.0037603092783505265,-0.2946737220793008,-0.028489067767448972,439.65,6.088250909545669,11.0,0,4
2021-02-12,AMD,3.25,7.0,3.0,1.0,35.05759047453891,18.559514732514604,16.4980757420243,1.938075,21.803884143092596,1.6973484848484848,16.510933010879775,28.25,2.5,0.0,2.0,0.0,0.0,178,0.5963307692307692,0.6219447442894852,0.5222610722610722,0.47096599587672977,0.7692307692307693,0.0,0.42857142857142855,0.14285714285714285,0.6153846153846154,0.0,0.0,5.7106199176968016,5.076330997545939,3.25,1.4469189829363254,0.018258426966292134,3.5851173956463085,100.0,0.0325,0.9390243902439024,0.2665198018717819,0.4278956863331305,0.9614111671546246,0.308496900539464,0.026056701030927838,0.268037684005699,0.10724119096315465,15.349999999999998,2.794227897343262,11.0,0,4
2021-02-12,APHA,6.291666666666666,14.0,3.0,3.0,72.45211283810599,36.010032378587205,36.44208045951877,1.6044916666666669,16.000613463012463,-0.46261793761793757,-5.643849207550497,34.33333333333333,2.583333333333333,2.125,2.5,2.8333333333333335,0.8333333333333333,178,0.2550185430463577,0.2208439869623372,-0.07352867882669208,-0.07789764834272894,0.4105960264900662,0.33774834437086093,0.21428571428571427,0.21428571428571427,0.3973509933774835,0.45033112582781465,0.13245033112582782,5.723448854874788,5.792118748532785,6.291666666666666,1.9867321435755683,0.03534644194756554,4.296633667871323,100.0,0.06291666666666666,0.975609756097561,-0.07479242431262961,1.386038149340472,-0.21695300076359514,1.0365329185150673,-0.02015893470790378,-0.1027481459995307,-0.43784877643232445,19.808333333333334,3.0353535474977273,9.0,0,4
2021-02-12,CMPS,2.0,2.0,0.0,2.0,26.8882336266787,14.324049569423835,12.564184057254867,1.0025,13.4653177681001,1.8461538461538463,24.8142579814036,29.0,2.0,0.0,25.0,0.0,0.0,178,0.50125,0.5007884844744771,0.9230769230769231,0.9228667946704655,1.0,0.0,0.0,1.0,12.5,0.0,0.0,7.162024784711917,6.282092028627433,2.0,1.0986122886681098,0.011235955056179775,3.328204866061806,100.0,0.02,0.8719512195121951,0.17143903264101268,3.216932584798483,1.0986122886681098,0.9702418685891807,0.02,0.4574923611111111,0.9022435897435898,1.3333333333333333,0.8472978603872036,2.0,0,4
2021-02-12,GME,16.533333333333335,26.0,7.0,1.0,167.08580992497684,83.52389765822585,83.56191226675101,4.8245508333333325,41.28437269295042,4.911692268305171,43.48518863173536,151.625,9.458333333333334,3.625,5.875,0.75,0.0,178,0.2918075100806451,0.24708485245687534,0.29707816138942567,0.26025662293680496,0.5720766129032258,0.2192540322580645,0.2692307692307692,0.038461538461538464,0.3553427419354838,0.045362903225806446,0.0,5.0518486486830145,5.05414791935994,16.533333333333335,2.8641038310755547,0.09288389513108615,5.124474622365904,100.0,0.16533333333333336,1.0,-0.0380034572783422,-1.0665855004189226,-0.3232813267012751,-2.3592639550540073,-0.07409965635738827,0.03488050365797879,-0.014924620513507625,1924.9666666666676,7.56318328518165,11.0,0,4
2021-02-12,HYLN,2.25,3.0,3.0,0.0,23.82578119330846,12.610609450881118,11.21517174242734,1.4398416666666667,15.408089529485718,0.4642857142857143,5.065754436940553,11.75,1.0,0.0,4.0,0.0,2.0,178,0.6399296296296296,0.6466981881716065,0.20634920634920637,0.21261650964725914,0.4444444444444444,0.0,1.0,0.0,1.7777777777777777,0.0,0.8888888888888888,5.604715311502719,4.984520774412151,2.25,1.1786549963416462,0.012640449438202247,3.211882677444526,100.0,0.0225,0.8902439024390244,0.31011866227064233,0.0,1.1786549963416462,1.1786549963416462,0.0225,0.6399296296296296,0.20634920634920637,0.0,0.0,0.0,1,4
2021-02-12,RKT,3.2,4.0,3.0,3.0,29.42502908576566,14.670489382453113,14.754539703312545,1.3316133333333333,13.077074637241598,-0.3329411764705882,-2.0707273560414112,24.0,1.0,1.0,9.0,0.0,0.0,178,0.41612916666666666,0.44442010912293795,-0.1040441176470588,-0.0703729926657277,0.3125,0.3125,0.75,0.75,2.8125,0.0,0.0,4.584527932016598,4.61079365728517,3.2,1.4350845252893227,0.017977528089887642,3.4152655948555712,100.0,0.032,0.926829268292683,0.08631819930767937,2.401452692154017,1.4350845252893227,1.1441837302600024,0.032,0.3218213888888889,-0.2587359943977591,3.0,1.3862943611198906,4.0,0,4
2021-02-12,SNDL,9.325,15.0,8.0,5.0,116.03658213538048,61.229644859313595,54.80693727606687,2.9090772222222223,36.012506458366104,1.7325143375143375,26.553112116987858,64.41666666666666,3.833333333333333,1.4583333333333333,21.0,3.3333333333333335,0.8333333333333333,178,0.3119653857610962,0.31035476739869955,0.18579242225354828,0.22883397311727266,0.4110813226094727,0.15638963360142985,0.5333333333333333,0.3333333333333333,2.25201072386059,0.35746201966041113,0.08936550491510277,6.566181754349984,5.8774195470313,9.325,2.3345681388470965,0.0523876404494382,4.762486553751123,100.0,0.09325,0.9878048780487805,-0.01784558159789107,0.7382586758740489,0.5955650220583524,1.0793410815429871,0.04488230240549829,0.13709996998686583,0.025543213684496163,14.516666666666666,2.7419147150549663,8.0,0,4
2021-02-12,SPCE,2.5,3.0,3.0,2.0,26.95588449821122,14.562013857067042,12.39387064114418,1.28655,13.480296145080745,2.0454545454545454,21.22657865461294,12.5,2.0,0.0,3.0,0.0,0.0,178,0.5146200000000001,0.5000873240117679,0.8181818181818181,0.7874562103878108,0.8,0.0,1.0,0.6666666666666666,1.2,0.0,0.0,5.824805542826817,4.957548256457672,2.5,1.252762968495368,0.014044943820224719,3.330627714050017,100.0,0.025,0.9024390243902439,0.18480903264101278,0.16168379118310242,0.5596157879354228,0.20377537561416936,0.014690721649484538,0.22948428862931186,0.5678373745441353,26.0,3.295836866004329,7.0,0,4
2021-02-12,SPY,2.6666666666666665,4.0,0.0,0.0,41.90851422186481,23.74944000607606,18.159074215788756,0.42542777777777774,7.5549196152009515,1.1388888888888888,19.741838088021858,9.0,2.1666666666666665,0.5,0.0,0.0,0.5,178,0.15953541666666665,0.18027171221592353,0.4270833333333333,0.47106986383502003,0.8125,0.1875,0.0,0.0,0.0,0.0,0.1875,8.906040002278523,6.8096528309207836,2.6666666666666665,1.2992829841302609,0.014981273408239699,3.7590702729521945,100.0,0.026666666666666665,0.9146341463414634,-0.17027555069232064,0.13248643087584633,0.6931471805599454,0.12424671892778894,0.018075601374570448,0.0026909594982899854,0.2340954896806969,11.633333333333333,2.536338823420271,10.0,0,4
2021-02-12,TLRY,3.458333333333333,10.0,2.0,1.0,45.47250779197383,23.748482743953172,21.72402504802066,1.0093472222222222,11.04466812626113,0.08229548229548223,-0.5668293415936327,29.5,0.9166666666666666,0.9583333333333333,2.5,3.0,0.0,178,0.29185943775100404,0.24288671688810132,0.023796284037247876,-0.012465319576979246,0.26506024096385544,0.27710843373493976,0.2,0.1,0.7228915662650603,0.8674698795180724,0.0,6.867031154878026,6.281645797018023,3.458333333333333,1.4947750041139605,0.01942883895131086,3.8388609074676365,100.0,0.03458333333333333,0.9512195121951219,-0.03795152960798326,0.7335004202001916,-1.0087080312469752,0.6028359643994764,-0.08113831615120275,-0.000745568863768975,-0.13022434906289368,17.583333333333332,2.9222651216721185,9.0,0,4
2021-02-12,TSM,2.0,6.0,1.0,1.0,20.01602984297415,10.463708438482026,9.55232140449212,0.8798666666666667,8.96924035577452,1.1291666666666667,10.577932146250413,9.5,1.75,0.0,1.0,0.0,0.0,178,0.43993333333333334,0.44810286685912515,0.5645833333333333,0.5284730403199007,0.875,0.0,0.16666666666666666,0.16666666666666666,0.5,0.0,0.0,5.231854219241013,4.77616070224606,2.0,1.0986122886681098,0.011235955056179775,3.0452854723943235,100.0,0.02,0.8719512195121951,0.11012236597434605,1.9595909099134232,1.0986122886681098,0.8403964837519682,0.02,0.3059215811965812,0.2998397435897436,1.6249999999999996,0.9650808960435869,4.0,0,4
2021-02-16,AG,2.642857142857143,6.0,2.0,3.0,18.04082971967032,6.630281198844849,11.410548520825468,1.3529023809523808,6.839872245529831,2.01025641025641,15.08663442098691,23.857142857142858,2.642857142857143,0.0,3.5,0.0,0.5,466,0.5119090090090089,0.3791329086196166,0.7606375606375606,0.8362494771810641,1.0,0.0,0.3333333333333333,0.5,1.3243243243243243,0.0,0.1891891891891892,2.508755048211565,4.317504845717745,2.642857142857143,1.292768303109067,0.005671367259350092,2.9465856061275155,262.0,0.010087241003271538,0.8838709677419355,0.10149972954014536,0.7189680002099843,1.292768303109067,0.630787238975414,0.010087241003271538,0.23868920592964843,0.361687251800639,1.5,0.9162907318741551,9.0,0,1
2021-02-16,AMC,9.542857142857143,20.0,9.0,2.0,87.68234265477919,44.28064429410524,43.40169836067395,2.7674153968253976,31.4015548075905,2.669278499278499,18.294830313716393,86.4547619047619,4.483333333333333,1.476190476190476,3.6833333333333336,1.6666666666666665,0.5,466,0.28999861942781113,0.35812860214312414,0.2797148127986451,0.20864896807954092,0.469810379241517,0.15469061876247503,0.45,0.1,0.38597804391217566,0.1746506986027944,0.05239520958083833,4.640187276328393,4.548082163543677,9.542857142857143,2.3554485825511136,0.02047823421213979,4.485060801345279,262.0,0.03642311886586696,0.9806451612903225,-0.12041066004105244,-0.6679966833397489,0.7816378477601642,-1.3476195875090875,-0.0018268811341330404,0.040843377617947596,-0.1214557003452757,258.7083333333333,5.5595592064609045,12.0,0,1
2021-02-16,AMD,7.7,18.0,6.0,4.0,72.68774767457775,37.13021509320592,35.55753258137183,3.690421944444444,36.09686587984056,2.9183730158730157,27.732754949469754,72.79166666666667,4.991666666666666,1.375,10.1,0.5,0.9583333333333333,466,0.4792755772005772,0.496601793763728,0.3790094825809111,0.3815327319485671,0.6482683982683982,0.17857142857142858,0.3333333333333333,0.2222222222222222,1.3116883116883116,0.06493506493506493,0.12445887445887445,4.822105856260509,4.617861374204134,7.7,2.1633230256605382,0.01652360515021459,4.299836539439731,262.0,0.029389312977099236,0.9741935483870968,0.0688662977317136,1.4393896745668708,0.7164040427242129,1.0011704124529488,-0.0031106870229007655,0.13036420859045317,-0.04425972109878756,15.524999999999999,2.80487438573775,12.0,0,1
2021-02-16,AMZN,2.033333333333333,6.0,1.0,1.0,17.312077913904588,6.67662537449444,10.635452539410151,0.7480325,6.668450200013927,0.3551587301587301,4.493811870825741,9.816666666666666,0.6583333333333333,0.0,0.6000000000000001,0.0,0.0,466,0.36788483606557376,0.3851906301009661,0.17466822794691647,0.25957668935953865,0.3237704918032787,0.0,0.16666666666666666,0.16666666666666666,0.2950819672131148,0.0,0.0,3.283586249751364,5.230550429218107,2.033333333333333,1.1096621248546947,0.004363376251788269,2.9075608374415953,262.0,0.007760814249363868,0.8387096774193549,-0.04252444340328981,0.7047529395394686,0.29873190863836596,0.3615071202890102,-0.004739185750636133,0.012544489220696842,-0.13500949500780493,5.051190476190476,1.800255025609543,10.0,0,1
2021-02-16,APHA,4.0095238095238095,11.0,2.0,4.0,41.86720130182816,20.898972061363068,20.968229240465092,1.429610992063492,16.11831135457311,1.7256845006845007,17.805794622204402,31.948809523809526,1.926190476190476,0.0,2.7666666666666666,0.3333333333333333,0.3333333333333333,466,0.35655381037212985,0.3849865969873007,0.43039637190468544,0.42529221129062905,0.4804038004750593,0.0,0.18181818181818182,0.36363636363636365,0.6900237529691211,0.0831353919239905,0.0831353919239905,5.2123326993898385,5.2296058675744295,4.0095238095238095,1.6113408625801864,0.008604128346617617,3.7581069951065023,262.0,0.015303525990548891,0.9483870967741935,-0.05385546909673372,0.7535498473845849,-0.3753912809953819,0.5814083360954494,-0.04761314067611777,0.006690824864666989,0.0997569494092318,22.725,3.1665293444959914,10.0,0,1
2021-02-16,BB,5.8845238095238095,15.0,5.0,4.0,60.992523026325856,33.48158947190414,27.51093355442172,2.487492341269841,25.95334324243019,1.1454184704184704,7.863120907388827,23.446428571428573,3.3749999999999996,1.976190476190476,1.7499999999999998,1.6666666666666665,0.3333333333333333,466,0.42271769505698287,0.4255168003335113,0.1946493051085404,0.12891942351679586,0.573538337042282,0.3358284442646166,0.3333333333333333,0.26666666666666666,0.2973902488367388,0.2832288084159417,0.05664576168318834,5.689770413999489,4.675133357417407,5.8845238095238095,1.929275966320859,0.01262773349683221,4.127013781423184,262.0,0.022460014540167213,0.967741935483871,0.012308415588119292,-0.4117013223673319,1.2361287857609136,-0.717735701403853,0.012460014540167213,0.14027202021948848,-0.22642178292554915,55.8666666666667,4.04070934638947,12.0,0,1
2021-02-16,DKNG,2.2916666666666665,4.0,0.0,0.0,17.201190682662325,8.929430100012034,8.27176058265029,0.7735430555555556,5.803355408662814,1.005952380952381,7.413097593457514,18.458333333333336,1.2916666666666665,0.0,4.0,0.0,0.0,466,0.3375460606060606,0.33738102877449155,0.438961038961039,0.4309642123163852,0.5636363636363636,0.0,0.0,0.0,1.7454545454545456,0.0,0.0,3.8964785890961604,3.609495526974672,2.2916666666666665,1.1913940221190757,0.0049177396280400566,2.9014870140671194,262.0,0.008746819338422392,0.8580645161290322,-0.07286321886280295,1.9762213455755433,1.0736109864626924,0.8739027629326608,0.007496819338422392,0.18428736374736374,0.28719563449422025,4.125,1.634130525024472,7.0,0,1
2021-02-16,GME,72.62738095238095,105.0,37.0,12.0,738.5498051220095,381.20856567484685,357.3412394471623,20.267701388888895,211.88468208411564,26.477199064552007,287.6343439697051,472.9869047619048,44.36785714285715,4.392857142857143,41.45,13.666666666666666,1.8333333333333333,466,0.2790641920872469,0.2868928819893358,0.36456221768360497,0.3894582897116702,0.6108971101676858,0.06048486239284018,0.3523809523809524,0.11428571428571428,0.5707213926270757,0.18817512744439163,0.025243004901076928,5.248827104543272,4.920199995666339,72.62738095238095,4.299016980360655,0.1558527488248518,6.606041629608467,262.0,0.27720374409305704,1.0,-0.13134508738161665,-0.33514034774435264,1.4349131492851002,-0.7428689630724454,0.11187041075972368,0.019454069998582235,0.05370748351247995,1207.5416666666674,7.09716967755222,12.0,0,1
2021-02-16,HYLN,2.0,3.0,3.0,0.0,15.131273747655424,7.382337877120255,7.74893587053517,0.24298333333333327,1.4915387481519078,-1.1,-9.810407556906446,8.5,0.0,1.0,0.0,0.0,0.0,466,0.12149166666666664,0.0985732445943634,-0.55,-0.6483530547734991,0.0,0.5,1.0,0.0,0.0,0.0,0.0,3.6911689385601276,3.874467935267585,2.0,1.0986122886681098,0.004291845493562232,2.780759856635919,262.0,0.007633587786259542,0.832258064516129,-0.28891761280219697,3.0833474350436836,-0.08004270767353638,1.0079465197187525,-0.014866412213740458,0.07226631054131051,-0.565873015873016,2.25,1.1786549963416462,1.0,0,1
2021-02-16,IBM,2.3166666666666664,8.0,0.0,0.0,26.346653346815565,14.650763216822051,11.695890129993517,1.1471300000000002,12.697174417442639,-0.8976190476190476,-8.799276733505382,8.983333333333333,0.5333333333333333,1.3333333333333333,0.6000000000000001,0.0,0.0,466,0.49516402877697857,0.4819274102977221,-0.3874614594039055,-0.3339808140971697,0.2302158273381295,0.5755395683453237,0.0,0.0,0.25899280575539574,0.0,0.0,6.324070453304484,5.048585667623101,2.3166666666666664,1.1989602625023916,0.004971387696709585,3.308594157461923,262.0,0.008842239185750635,0.864516129032258,0.084754749308115,3.8603149879099967,0.5928244589320761,1.0089039089061889,0.0005089058524173021,0.3686281313410811,-0.6162326881751343,1.7416666666666667,1.0085660079833259,6.0,0,1
2021-02-16,INTC,2.825,9.0,3.0,1.0,24.941587856788534,11.846656863483886,13.094930993304649,1.618888611111111,14.443971552038409,1.8816666666666664,16.56032409476846,26.833333333333332,2.158333333333333,0.0,9.1,0.0,0.0,466,0.5730579154375613,0.5791119488852867,0.6660766961651916,0.6639643069180584,0.7640117994100294,0.0,0.3333333333333333,0.1111111111111111,3.221238938053097,0.0,0.0,4.193506854330579,4.635373802939698,2.825,1.3415584672784993,0.006062231759656653,3.2558473896898414,262.0,0.010782442748091604,0.9032258064516129,0.16264863596869777,7.0878910628784295,1.3415584672784993,1.2211339535477865,0.010782442748091604,0.2974693373489833,0.3867323845628155,1.25,0.8109302162163288,5.0,0,1
2021-02-16,MRO,2.4166666666666665,5.0,0.0,0.0,10.676793454568164,2.506645653975009,8.170147800593156,0.10751666666666665,1.263641030473567,0.7166666666666667,3.6123853978985614,9.583333333333334,1.1666666666666667,0.0,0.0,0.0,0.0,466,0.04448965517241379,0.11835398294915095,0.29655172413793107,0.3383399157499829,0.48275862068965525,0.0,0.0,0.0,0.0,0.0,0.0,1.037232684403452,3.3807508140385476,2.4166666666666665,1.2286654169163074,0.005185979971387696,2.4576034067096977,262.0,0.009223918575063612,0.8709677419354839,-0.3659196242964498,0.0,1.2286654169163074,1.2286654169163074,0.009223918575063612,0.04448965517241379,0.29655172413793107,0.0,0.0,0.0,1,1
2021-02-16,MVIS,3.1011904761904763,6.0,5.0,4.0,21.677437338616965,7.957317077413895,13.720120261203071,0.4663831349206348,5.2559585341002,-0.9067460317460317,-5.428561017110535,3.1011904761904763,0.625,1.4761904761904763,0.0,0.0,0.0,466,0.15038841970569414,0.24246217170408085,-0.2923864363403711,-0.25042448202306195,0.20153550863723607,0.4760076775431862,0.8333333333333334,0.6666666666666666,0.0,0.0,0.0,2.5658911113349987,4.424146264648975,3.1011904761904763,1.4112772916103997,0.0066549151849581035,3.121370480350988,262.0,0.011836604870956016,0.9354838709677419,-0.26002085976316947,2.483098849562549,1.4112772916103997,1.2422600164306905,0.011836604870956016,0.058620214577489005,-0.3895892335431683,5.5,1.8718021769015913,2.0,0,1
2021-02-16,NET,2.75,5.0,2.0,1.0,22.17868797032708,11.20377672310492,10.97491124722216,0.8208166666666667,6.277827891518661,1.0894736842105264,9.236058800201546,56.75,1.25,0.0,48.5,0.0,0.5,466,0.2984787878787879,0.2830567750408763,0.3961722488038278,0.4164384661779133,0.45454545454545453,0.0,0.4,0.2,17.636363636363637,0.0,0.18181818181818182,4.074100626583607,3.9908768171716944,2.75,1.3217558399823195,0.005901287553648069,3.143233234511867,262.0,0.01049618320610687,0.8903225806451613,-0.11193049159007568,2.8395269510725067,0.6286086594223742,1.111077235384707,0.0004961832061068702,0.12534651035239272,0.397990891248085,3.25,1.4469189829363254,4.0,0,1
2021-02-16,NOK,2.9761904761904763,8.0,4.0,1.0,32.161012299452175,17.403909961529113,14.757102337923062,1.4008142857142858,16.2176240704687,0.6212121212121211,6.777114762752971,11.904761904761903,1.1666666666666667,0.14285714285714285,0.16666666666666666,0.3333333333333333,0.3333333333333333,466,0.4706736,0.504263482736983,0.20872727272727268,0.21072454746296687,0.392,0.047999999999999994,0.5,0.125,0.055999999999999994,0.11199999999999999,0.11199999999999999,5.847713747073782,4.958386385542148,2.9761904761904763,1.3803241941333868,0.006386674841610464,3.5013748575288823,262.0,0.011359505634314796,0.9161290322580645,0.06026432053113645,-0.49478255820888956,1.3803241941333868,-0.885487771933309,0.011359505634314796,0.1211842097873207,-0.2119013092327284,30.19166666666666,3.440150965122383,11.0,0,1
2021-02-16,NVDA,3.0416666666666665,9.0,1.0,4.0,22.276858880867575,8.955088643272797,13.321770237594777,1.2427652777777778,9.647267638562022,0.5611111111111111,5.831988906820151,10.583333333333334,1.125,0.25,0.0,0.0,0.3333333333333333,466,0.4085803652968037,0.4330622952793203,0.18447488584474886,0.2617958365678269,0.36986301369863017,0.08219178082191782,0.1111111111111111,0.4444444444444444,0.0,0.0,0.1095890410958904,2.9441387320348924,4.379760078113351,3.0416666666666665,1.396657148155437,0.006527181688125894,3.1474596859618784,262.0,0.01160941475826972,0.9290322580645162,-0.0018289141720598812,3.944933836182671,1.1089750757036563,1.207820055526823,0.008276081424936386,0.3446158612822997,0.023430356422736,1.5333333333333334,0.9295359586241757,5.0,0,1
2021-02-16,OPEN,3.0,4.0,3.0,3.0,26.869730143231518,13.125387531351041,13.74434261188048,1.6993166666666664,14.812409585481294,0.19597069597069597,1.1261441012037452,41.5,0.5,0.5,4.5,0.0,0.0,466,0.5664388888888888,0.551267523213758,0.06532356532356533,0.041911254605116334,0.16666666666666666,0.16666666666666666,0.75,0.75,1.5,0.0,0.0,4.375129177117014,4.581447537293493,3.0,1.3862943611198906,0.006437768240343348,3.3275411587498684,262.0,0.011450381679389313,0.9225806451612903,0.15602960942002525,3.6034524921486883,1.3862943611198906,1.2484667096408093,0.011450381679389313,0.5261952991452991,0.019169719169719178,1.0,0.6931471805599453,2.0,0,1
2021-02-16,PLTR,16.766666666666666,27.0,12.0,5.0,200.286783430863,108.34128636166568,91.94549706919732,5.899204444444442,67.94927752922658,6.901252373357637,86.00922998622521,69.65,9.358333333333334,1.9583333333333333,12.183333333333334,0.0,3.1666666666666665,466,0.3518412193505632,0.3392599170313302,0.4116055093453859,0.42943038233930564,0.5581510934393639,0.11679920477137178,0.4444444444444444,0.18518518518518517,0.7266401590457257,0.0,0.18886679920477137,6.4617069400595835,5.483826862973995,16.766666666666666,2.8773240425036892,0.03597997138769671,5.304730674409133,262.0,0.06399491094147583,0.9935483870967742,-0.0585680601183004,1.551338026987777,1.9949348623052154,1.4871100466388547,0.04982824427480916,-0.07418109475272683,-0.013106311180800079,17.483333333333334,2.9168694251282665,12.0,0,1
2021-02-16,RKT,2.8333333333333335,4.0,2.0,3.0,25.504615776431418,11.698951461604159,13.805664314827261,1.2517833333333332,11.837806790868406,0.4666666666666667,-0.8964669923046258,14.166666666666666,1.3333333333333333,0.5,1.0,0.0,0.0,466,0.4418058823529411,0.46414370224732476,0.16470588235294117,-0.035149205938363626,0.4705882352941176,0.1764705882352941,0.5,0.75,0.3529411764705882,0.0,0.0,4.12904169233088,4.87258740523315,2.8333333333333335,1.3437347467010947,0.006080114449213162,3.2773188980672545,262.0,0.010814249363867686,0.9096774193548387,0.03139660288407753,1.736242193894915,-0.09134977858822801,0.9648198185748513,-0.021185750636132317,0.3227426131221719,0.029916774402068524,6.2,1.9740810260220096,5.0,0,1
2021-02-16,SLV,3.5595238095238093,7.0,2.0,5.0,42.113386681472946,20.81542440712781,21.29796227434513,1.3435440476190477,13.19781117656547,2.935388685388686,35.48893872922657,49.19047619047619,3.5595238095238093,0.0,10.833333333333332,0.0,0.6666666666666666,466,0.3774505016722408,0.31338755242811234,0.8246576908784269,0.8426997096588129,1.0,0.0,0.2857142857142857,0.7142857142857143,3.043478260869565,0.0,0.18729096989966557,5.847811539126208,5.98337401687288,3.5595238095238093,1.5172181903373323,0.007638463110566114,3.763833544742635,262.0,0.013585968738640493,0.9419354838709677,-0.03295877779662276,0.13513601268199715,1.5172181903373323,0.18694369872755767,0.013585968738640493,0.22120906167324852,0.5147692897636,3.7,1.547562508716013,8.0,0,1
2021-02-16,SNDL,4.685714285714286,9.0,4.0,2.0,40.89559564748148,17.84061450563087,23.054981141850604,1.5341533333333333,12.406774158164021,-0.2809141185611775,1.1343163935700913,23.328571428571433,1.342857142857143,1.6428571428571428,0.0,0.0,0.5,466,0.32741077235772353,0.30337678084236636,-0.05995118383927568,0.027736884024085542,0.28658536585365857,0.35060975609756095,0.4444444444444444,0.2222222222222222,0.0,0.0,0.10670731707317073,3.8074482176651245,4.9202703656388485,4.685714285714286,1.7379567632350787,0.010055180870631515,3.73518070559114,262.0,0.017884405670665213,0.9548387096774194,-0.08299850711114004,0.2792356922880829,-0.5966113756120177,0.39970346888920116,-0.07536559432933479,0.14199920504604194,-0.2221652549994429,22.841666666666665,3.171434750268064,9.0,0,1
2021-02-16,SPY,5.291666666666666,10.0,2.0,1.0,41.61348967085772,19.18275458753976,22.430735083317956,-0.33840138888888893,-0.5019026593518155,-1.3793884220354808,-8.764867077893754,41.958333333333336,0.625,2.166666666666667,0.3333333333333333,0.0,2.1666666666666665,466,-0.06394986876640421,-0.012061056722750707,-0.26067182778623266,-0.21062562037501664,0.11811023622047245,0.4094488188976379,0.2,0.1,0.06299212598425197,0.0,0.4094488188976378,3.625087481109876,4.238879070863236,5.291666666666666,1.8392260064669785,0.011355507868383404,3.7521708620897862,262.0,0.0201972010178117,0.9612903225806452,-0.4743591482352678,0.7285486725812056,0.5399430223367176,0.6546323013469844,-0.0064694656488549634,-0.22100132281926474,-0.47166701679892264,11.65,2.5376572151735295,11.0,0,1
2021-02-16,TLRY,2.819047619047619,9.0,3.0,2.0,27.611998109620785,13.946625287719998,13.665372821900785,0.712021111111111,7.394260212105969,-0.1051235801235801,-0.7631146726108808,34.35357142857143,0.46785714285714286,1.2678571428571428,2.6,0.0,0.0,466,0.2525750563063063,0.26779156592545195,-0.03729045916545916,-0.02763706811731928,0.16596283783783786,0.44974662162162166,0.3333333333333333,0.2222222222222222,0.9222972972972974,0.0,0.0,4.94728261895473,4.84751400776886,2.819047619047619,1.3400010771490458,0.006049458409973431,3.3538261441766815,262.0,0.010759723736822973,0.896774193548387,-0.1578342231625573,0.49934131412636795,-0.15477392696491465,0.40169004017306364,-0.023823609596510354,-0.039972598857407615,-0.18129383464537813,20.291666666666664,3.0583157598557587,10.0,0,1
2021-02-16,TSLA,10.67738095238095,28.0,6.0,3.0,95.40761991186102,46.69644257423914,48.711177337621876,4.804089761904763,45.39427850961149,4.027395641853846,40.387425032703256,80.07261904761904,7.33452380952381,1.4345238095238095,6.85,3.3333333333333335,1.5,466,0.44993147508083414,0.47579300847822636,0.37718946807417003,0.42331445926450906,0.6869216189095776,0.13435165570297694,0.21428571428571427,0.10714285714285714,0.64154309287546,0.3121864198907348,0.14048388895083067,4.373398568665502,4.56209041850846,10.67738095238095,2.4576537187269563,0.022912834661761698,4.568585243221479,262.0,0.04075336241366775,0.9870967741935484,0.03952219561197057,1.1665741162594718,1.3730276720335866,1.119974969114657,0.021170029080334416,0.19034612144826968,0.172499211276456,17.525000000000002,2.9191211711821508,11.0,0,1
2021-02-16,TSM,2.6250000000000004,7.0,1.0,3.0,19.34073191613312,9.275405844103899,10.06532607202922,1.1893166666666666,9.305018373841678,1.7166666666666668,11.654914083465794,9.041666666666668,2.166666666666667,0.125,0.5,0.0,0.0,466,0.45307301587301574,0.4811099401093437,0.6539682539682539,0.6026097737151208,0.8253968253968254,0.04761904761904761,0.14285714285714285,0.42857142857142855,0.19047619047619044,0.0,0.0,3.5334879406110087,3.834409932201607,2.6250000000000004,1.2878542883066382,0.00563304721030043,3.0126253740503435,262.0,0.01001908396946565,0.8774193548387097,0.042663736404152164,2.0438297793373312,0.1892419996385284,0.9649926000249607,-0.00998091603053435,0.2955288344134497,0.3661600685639146,3.6249999999999996,1.5314763709643884,5.0,0,1
2021-02-16,VIX,2.2,5.0,1.0,0.0,20.72018206060753,9.758946660697832,10.961235399909695,0.4863011111111111,4.367633358716088,-0.571111111111111,-5.5279661471718535,16.0,0.5333333333333333,1.6666666666666667,1.6,0.0,1.0,466,0.22104595959595957,0.2107912636066879,-0.25959595959595955,-0.26679138875335584,0.2424242424242424,0.7575757575757576,0.2,0.0,0.7272727272727273,0.0,0.45454545454545453,4.435884845771741,4.982379727231679,2.2,1.1631508098056809,0.0047210300429184554,3.0782418771948556,262.0,0.008396946564885497,0.8516129032258064,-0.189363319872904,2.3231439700832692,1.1631508098056809,0.8626311309732394,0.008396946564885497,0.06263308734534692,-0.30642293154978634,1.325,0.8437200390393196,7.0,0,1
2021-02-16,WKHS,2.125,3.0,1.0,0.0,23.89408665593681,12.290309650048943,11.603777005887867,0.5511750000000001,2.110008529759761,1.725877192982456,17.97406314832111,10.375,2.125,0.0,0.25,0.0,0.0,466,0.2593764705882353,0.0883067245943674,0.8121775025799792,0.752238970551118,1.0,0.0,0.3333333333333333,0.0,0.11764705882352941,0.0,0.0,5.783675129434797,5.460600943947232,2.125,1.1394342831883648,0.0045600858369098714,3.2146302915696263,262.0,0.008110687022900763,0.8451612903225807,-0.15103280888062826,1.525430039189106,1.1394342831883648,0.7745440902001178,0.008110687022900763,0.028559314411079145,0.6124261428286195,4.916666666666666,1.777773227253315,6.0,0,1
2021-02-17,AMC,2.95,6.0,2.0,0.0,34.20816174913914,19.193518495823387,15.014643253315748,0.1372261111111111,0.31932709226897044,-0.11810966810966811,-0.4287798054801666,11.283333333333333,0.7,1.0,1.8,0.0,0.0,167,0.046517325800376645,0.009334821748409397,-0.040037175630395966,-0.012534429900810353,0.23728813559322032,0.3389830508474576,0.3333333333333333,0.0,0.6101694915254237,0.0,0.0,6.5062774562113175,5.089709577395169,2.95,1.3737155789130306,0.017664670658682637,3.5612779236001217,79.0,0.03734177215189874,0.9206349206349206,-0.29507884378372173,-1.1327230707055715,-0.9817330036380829,-2.2330940491822355,0.00091865328603178,-0.20555530012505457,-0.43253228160679713,38.25119047619047,3.669981774372033,13.0,0,2
2021-02-17,DNN,2.0,2.0,0.0,0.0,23.918610908404386,12.569381536104945,11.349229372299439,1.3971333333333333,16.63801052557898,2.0,23.918610908404386,18.0,2.0,0.0,11.0,3.0,0.0,167,0.6985666666666667,0.695609397606481,1.0,1.0,1.0,0.0,0.0,0.0,5.5,1.5,0.0,6.284690768052473,5.674614686149719,2.0,1.0986122886681098,0.011976047904191617,3.21561495032726,79.0,0.02531645569620253,0.8809523809523809,0.3569704970825683,0.0,1.0986122886681098,1.0986122886681098,0.02531645569620253,0.6985666666666667,1.0,0.0,0.0,0.0,1,2
2021-02-17,GME,13.825000000000001,19.0,13.0,3.0,144.73241652608576,82.74012890720982,61.99228761887594,2.3750233333333326,31.798743164458838,5.914396061454885,63.62871817915157,57.2,7.116666666666667,0.125,12.8,1.0,0.0,167,0.17179192284508735,0.21970712524327687,0.4278044167417638,0.43963004077724005,0.5147679324894515,0.009041591320072331,0.6842105263157895,0.15789473684210525,0.9258589511754068,0.07233273056057865,0.0,5.984819450792753,4.48407143717005,13.825000000000001,2.696314944883789,0.08278443113772456,4.9817721766223935,79.0,0.17500000000000002,0.9841269841269841,-0.16980424673901104,-1.0718337837058516,-1.6027020354768657,-2.292508929758423,-0.10220374409305702,-0.08920777567204749,0.11311343374831878,223.22738095238094,5.4126606305334,13.0,0,2
2021-02-17,MO,2.0,2.0,2.0,2.0,10.48612207904855,3.367295829986474,7.118826249062077,1.4788999999999999,8.669044413580906,2.0,10.48612207904855,4.0,2.0,0.0,1.0,0.0,0.0,167,0.7394499999999999,0.8267159535460495,1.0,1.0,1.0,0.0,1.0,1.0,0.5,0.0,0.0,1.683647914993237,3.5594131245310385,2.0,1.0986122886681098,0.011976047904191617,2.4411395308941155,79.0,0.02531645569620253,0.8809523809523809,0.39785383041590155,3.9712484975276623,1.0986122886681098,0.9995912628738319,0.02531645569620253,0.6387142857142857,1.0119047619047619,1.0,0.6931471805599453,2.0,0,2
2021-02-17,MVIS,3.3333333333333335,4.0,4.0,2.0,35.74247357767139,20.683967233995517,15.058506343675877,1.1120999999999999,12.425950374319738,0.0,0.0,4.0,0.0,0.0,0.0,0.0,0.0,167,0.3336299999999999,0.34765222242711064,0.0,0.0,0.0,0.0,1.0,0.5,0.0,0.0,0.0,6.205190170198655,4.5175519031027624,3.3333333333333335,1.4663370687934272,0.01996007984031936,3.603933404076756,79.0,0.042194092827004225,0.9682539682539683,-0.00796616958409846,2.0688712019384115,0.05505977718302746,1.20858693529724,0.03035748795604821,0.23767463668768846,-0.06937499480685662,3.6011904761904763,1.5263150691841632,3.0,0,2
2021-02-17,PLTR,19.291666666666664,22.0,20.0,2.0,189.0649260635298,106.48727168383034,82.57765437969945,4.424240277777778,49.438273399153964,5.517857142857143,67.74930916901639,39.791666666666664,7.625,1.3333333333333333,5.0,5.5,0.0,167,0.22933426925845934,0.26148833857498066,0.28602283245911764,0.3583388552261205,0.3952483801295897,0.06911447084233262,0.9090909090909091,0.09090909090909091,0.2591792656587473,0.28509719222462204,0.0,5.519858575403734,4.280483164390469,19.291666666666664,3.010210292734644,0.11551896207584829,5.24736572991267,79.0,0.24419831223628688,1.0,-0.11226190032563904,1.5091111526519498,0.13288625023095468,1.5137741506813196,0.18020340129481105,-0.19138939521963588,-0.13775282298272545,22.958333333333332,3.176316210449405,13.0,0,2
2021-02-17,RIOT,3.0,3.0,2.0,1.0,31.21898749076169,17.166277430827062,14.052710059934627,-0.17356666666666665,2.0819951460223507,1.0,14.384685086654411,3.0,1.0,0.0,3.0,0.0,0.0,167,-0.05785555555555555,0.06669002787609475,0.3333333333333333,0.4607671882667918,0.3333333333333333,0.0,0.6666666666666666,0.3333333333333333,1.0,0.0,0.0,5.722092476942354,4.6842366866448755,3.0,1.3862943611198906,0.017964071856287425,3.4725559523873253,79.0,0.0379746835443038,0.9444444444444444,-0.39945172513965393,5.8762072679687565,1.1489661748137243,1.255303588923138,0.036952328037215466,-0.10724460317460316,0.16468253968253968,0.39285714285714285,0.3313571359544425,6.0,0,2
2021-02-17,SENS,3.0,3.0,1.0,0.0,21.57239224166983,10.681894577046897,10.890497664622936,1.8722333333333334,13.932939931991669,1.8343685300207038,13.465661326759736,36.0,3.0,0.0,2.0,0.0,0.0,167,0.6240777777777778,0.6458690244412678,0.6114561766735679,0.6242080700140938,1.0,0.0,0.3333333333333333,0.0,0.6666666666666666,0.0,0.0,3.560631525682299,3.6301658882076455,3.0,1.3862943611198906,0.017964071856287425,3.116727577311475,79.0,0.0379746835443038,0.9444444444444444,0.28248160819367946,3.0807294521393755,0.5753641449035618,1.127968593572933,0.033203691177891584,0.37412568986568995,0.34771991293730414,2.375,1.2163953243244932,6.0,0,2
2021-02-17,TSLA,2.875,5.0,3.0,0.0,22.869575694861446,11.920013863886304,10.949561830975144,1.3312791666666668,11.190824611478,1.325,12.308412491778759,3.125,1.375,0.0,0.0,0.0,0.0,167,0.4630536231884058,0.4893324109197383,0.4608695652173913,0.5382002996472003,0.4782608695652174,0.0,0.6,0.0,0.0,0.0,0.0,4.146091778743062,3.8085432455565718,2.875,1.3545456628053103,0.01721556886227545,3.172604664527121,79.0,0.03639240506329114,0.9047619047619048,0.12145745360430743,-0.06510109084422804,-1.103108055921646,-0.06313129888660729,-0.004360957350376608,0.1898721180238221,0.24385793618564472,16.844047619047615,2.8816699858932364,12.0,0,2
2021-02-18,AMC,4.783333333333332,10.0,5.0,0.0,49.54372238153762,28.966107181895843,20.57761519964178,0.9889866666666667,13.888722960267676,2.500952380952381,29.957589301098928,20.833333333333332,2.7833333333333337,0.0,10.75,1.5,0.0,248,0.20675679442508715,0.28033264947898395,0.5228471876555502,0.6046697313212495,0.5818815331010455,0.0,0.5,0.0,2.247386759581882,0.3135888501742161,0.0,6.055632163462547,4.301940459855425,4.783333333333332,1.7549802177247584,0.019287634408602147,3.9228387514349903,110.0,0.04348484848484847,0.9565217391304348,-0.2261814826002853,-0.8577840963719571,0.3812646388117278,-1.7029564737583587,0.0061430763329497345,-0.031612144825340416,0.1591875671196022,32.15952380952381,3.501329969775678,14.0,0,3
2021-02-18,BB,4.75,8.0,5.0,2.0,46.496932953763576,26.753472151376258,19.743460802387318,2.642322222222222,25.121494717368527,2.487012987012987,23.023603489099393,20.5,2.75,0.0,7.75,1.0,0.0,248,0.5562783625730994,0.5402828341892846,0.5235816814764183,0.49516391784365654,0.5789473684210527,0.0,0.625,0.25,1.631578947368421,0.21052631578947367,0.0,5.632309926605528,4.156518063660488,4.75,1.749199854809259,0.019153225806451613,3.8606651395614513,110.0,0.04318181818181818,0.9420289855072463,0.12334008554772691,-0.39647382006865545,1.5260563034950494,-0.6883715583944958,0.04001726121979286,0.2675664869323609,0.15520059436344746,16.376190476190473,2.8551009057189787,14.0,0,3
2021-02-18,CRSR,2.0,2.0,2.0,1.0,18.13248654038383,9.921818509220852,8.210668031162976,1.3098,12.292454121093975,1.0,9.72913416539135,2.0,1.0,0.0,1.0,0.0,0.0,248,0.6549,0.6779243483080378,0.5,0.5365581903906602,0.5,0.0,1.0,0.5,0.5,0.0,0.0,4.960909254610426,4.105334015581488,2.0,1.0986122886681098,0.008064516129032258,2.951387756206792,110.0,0.01818181818181818,0.8623188405797102,0.22196172297462757,-0.13468804518741997,0.6931471805599454,-0.08857500324519929,0.011852704257767549,0.3312773504845364,0.03148595687970773,9.041666666666666,2.3067431031427095,14.0,0,3
2021-02-18,GME,30.009523809523813,42.0,23.0,9.0,319.83760361827336,177.45101299722617,142.3865906210473,6.386028015873016,75.28823212376503,7.9579851143009055,100.24078572795209,186.87619047619046,12.75952380952381,3.833333333333333,16.75,2.5,0.5,248,0.21280004495927218,0.23539518578191213,0.2651819857193256,0.3134115081964834,0.42518248175182477,0.12773722627737225,0.5476190476190477,0.21428571428571427,0.5581561409076483,0.08330688670263407,0.016661377340526817,5.913156574011027,4.7447134291367705,30.009523809523813,3.4342943769649077,0.12100614439324119,5.770935087384286,110.0,0.27281385281385284,1.0,-0.22013823206610028,-0.6536609193796628,0.7379794320811186,-1.4016955690267423,0.09781385281385283,-0.04225246851305947,-0.057049892857340634,191.35238095238094,5.259329007350865,14.0,0,3
2021-02-18,PLTR,14.783333333333333,19.0,15.0,4.0,142.89758668984797,79.0482889994922,63.849297690355776,6.5218855555555555,64.76456352115532,5.082516339869281,58.295694106225234,42.56666666666666,8.283333333333333,3.333333333333333,5.416666666666667,2.0,0.25,248,0.4411647500939496,0.4532236339422831,0.343800428852488,0.40795436407721225,0.560315670800451,0.2254791431792559,0.7894736842105263,0.21052631578947367,0.3664036076662909,0.13528748590755355,0.016910935738444193,5.34712214201751,4.3190054807455995,14.783333333333333,2.7589545309639774,0.05961021505376344,4.969101843008064,110.0,0.1343939393939394,0.9855072463768116,0.008226473068577156,1.1141012548936593,-0.25125576177066655,1.161600112198565,-0.10980437284234748,0.033200378630496796,-0.07079170505717336,41.125,3.740641388672526,14.0,0,3
2021-02-18,RIOT,6.5,7.0,7.0,1.0,53.157783487830706,29.236074561337283,23.921708926493423,-1.8319999999999999,-12.923578905382682,0.0,2.9162134185446735,2.0,1.0,1.0,0.0,0.0,0.0,248,-0.2818461538461538,-0.24311733969008034,0.0,0.0548595751591538,0.15384615384615385,0.15384615384615385,1.0,0.14285714285714285,0.0,0.0,0.0,4.497857624821121,3.680262911768219,6.5,2.0149030205422647,0.02620967741935484,3.991901702504939,110.0,0.05909090909090909,0.9710144927536232,-0.7147844308715263,4.688526508699157,0.6286086594223741,1.8002253424173031,0.02111622554660529,-0.3240855612535612,-0.1796296296296296,3.392857142857143,1.4799798451972135,7.0,0,3
2021-02-18,RKT,2.333333333333333,3.0,3.0,1.0,21.259179238562538,10.971986366283144,10.287192872279393,1.3907444444444446,13.592465164363192,2.0994871794871797,18.906263249018252,35.33333333333333,2.333333333333333,0.0,28.0,0.0,0.0,248,0.5960333333333334,0.6393692349000705,0.8997802197802199,0.8893223504472706,1.0,0.0,1.0,0.3333333333333333,12.000000000000002,0.0,0.0,4.702279871264205,4.408796945262598,2.333333333333333,1.203972804325936,0.009408602150537633,3.1027544735846306,110.0,0.02121212121212121,0.8840579710144928,0.16309505630796095,1.3483824443195709,1.203972804325936,0.7859975501697852,0.02121212121212121,0.4633914411764707,0.7719826007326009,6.033333333333333,1.9506607518139112,6.0,0,3
2021-02-18,SNDL,2.5,3.0,3.0,0.0,22.207983962975227,11.738209248348461,10.469774714626764,0.4384,3.301440440664431,1.0,7.998335395952983,1.0,1.0,0.0,0.0,0.0,0.0,248,0.17536000000000002,0.14866006955735092,0.4,0.3601558524757435,0.4,0.0,1.0,0.0,0.0,0.0,0.0,4.6952836993393845,4.187909885850706,2.5,1.252762968495368,0.010080645161290322,3.144496355806077,110.0,0.022727272727272728,0.8985507246376812,-0.25757827702537245,-0.030998156161819782,0.9650808960435872,-0.04209914231684975,0.018507863444572305,-0.028939632049527847,0.3134112172504735,21.160714285714285,3.098321094469458,11.0,0,3
2021-02-18,TLRY,2.8666666666666667,5.0,3.0,2.0,22.9463110001867,13.019309484338077,9.927001515848621,1.2572355555555554,9.96950745924779,0.7,5.154847675491577,0.9,0.7,0.0,0.0,0.0,0.0,248,0.43857054263565887,0.4344710336736338,0.2441860465116279,0.224648209267696,0.2441860465116279,0.0,0.6,0.4,0.0,0.0,0.0,4.5416195875597944,3.4629075055285887,2.8666666666666667,1.3523928094442093,0.011559139784946236,3.1758142827734437,110.0,0.026060606060606062,0.9130434782608695,0.005632265610286402,0.5535914537726367,0.9750985783027413,0.42470355684565697,0.020258918296892983,0.14632080339658543,0.1473236971612742,22.15238095238095,3.1420976241585996,12.0,0,3
2021-02-18,TSLA,3.0595238095238093,6.0,4.0,3.0,26.9765054237589,13.933780996068634,13.042724427690267,0.0024452380952381045,-1.1145233534305286,0.3642857142857142,2.973847117684958,10.642857142857142,1.1428571428571428,0.0,0.0,4.0,0.5,248,0.0007992217898832716,-0.041314593418350594,0.11906614785992216,0.11023841194292773,0.3735408560311284,0.0,0.6666666666666666,0.5,0.0,1.3073929961089494,0.16342412451361868,4.554231920894028,4.262991641735341,3.0595238095238093,1.4010656784402031,0.01233678955453149,3.3313650659318417,110.0,0.02781385281385281,0.927536231884058,-0.4321390552354892,-0.013270280585159035,0.04652001563489283,-0.01240252999260738,-0.008578552249438327,-0.28504042457628864,-0.11420267691753407,19.719047619047615,3.0310534520032113,13.0,0,3
2021-02-18,TSM,2.0,2.0,2.0,0.0,14.906251952251814,7.959275960116397,6.946975992135418,1.3394,10.01467080978274,2.0,14.906251952251814,5.0,2.0,0.0,4.0,0.0,0.0,248,0.6697,0.6718436560620372,1.0,1.0,1.0,0.0,1.0,0.0,2.0,0.0,0.0,3.9796379800581985,3.473487996067709,2.0,1.0986122886681098,0.008064516129032258,2.766712236485677,110.0,0.01818181818181818,0.8623188405797102,0.2367617229746275,1.280396611300268,0.14953173397096386,0.6696698359570703,-0.0018603759110088214,0.46346397617976565,0.6508280048411628,6.208333333333333,1.9752377641498333,7.0,0,3
2021-02-19,AMC,7.392857142857143,11.0,6.0,2.0,71.19572778522749,39.964322513996024,31.231405271231466,0.6304190476190477,6.091537024933303,2.6976190476190474,23.189836173685496,15.428571428571429,3.892857142857143,0.0,1.75,2.0,0.0,344,0.08527407407407407,0.08556042917784802,0.36489533011272135,0.32571949041157483,0.5265700483091788,0.0,0.5454545454545454,0.18181818181818182,0.23671497584541062,0.27053140096618356,0.0,5.405802079187867,4.224537911084449,7.392857142857143,2.127381003968955,0.021490863787375417,4.279380872198294,124.0,0.05961981566820277,0.96,-0.2842659070064714,-0.6230692961048031,0.3724007862441967,-1.2241209079042643,0.016134967183354297,-0.15111910612476975,-0.008713513368201753,25.176190476190477,3.264850237143192,15.0,0,4
2021-02-19,CRSR,2.2,3.0,3.0,0.0,18.965582862276346,10.810579968352886,8.155002893923458,0.6603733333333333,5.753787695036918,0.9333333333333333,7.911664421952709,4.6,1.0,0.2,1.0,0.0,0.0,344,0.3001696969696969,0.3033804833112479,0.4242424242424242,0.4171590443281062,0.45454545454545453,0.09090909090909091,1.0,0.0,0.45454545454545453,0.0,0.0,4.913899985614948,3.706819497237935,2.2,1.1631508098056809,0.006395348837209303,2.994009934292716,124.0,0.017741935483870968,0.92,-0.06937028411084856,-0.029101834365994995,0.06453852113757108,-0.01850054440480342,-0.000439882697947213,-0.04415778695105027,-0.04623949118284981,7.041666666666666,2.08463635855694,15.0,0,4
2021-02-19,GME,46.892857142857146,53.0,32.0,4.0,474.94865793278126,271.29358507454964,203.6550728582315,11.550119047619049,121.85340401500801,12.541515446758412,126.9649285625144,240.92857142857142,19.892857142857142,5.0,32.75,6.0,1.0,344,0.24630870779385633,0.256561213469633,0.2674504436475518,0.2673234810582064,0.42421934501142416,0.10662604722010662,0.6037735849056604,0.07547169811320754,0.6984006092916983,0.12795125666412793,0.021325209444021324,5.785392522534188,4.342987083039209,46.892857142857146,3.8689663731064745,0.13631644518272426,6.1653099869281975,124.0,0.378168202764977,1.0,-0.12323127328668915,-0.41855235552477904,0.4346719961415668,-0.8794175998210041,0.10535434995112414,-0.006103026396409139,-0.05121581662553065,156.22023809523807,5.057647612772542,15.0,0,4
2021-02-19,NOK,2.25,3.0,2.0,0.0,19.912838542974317,11.999529804968233,7.913308738006082,-0.0006833333333333136,0.0746374722214771,0.15,1.4463184182602582,2.5,0.25,0.0,0.75,0.0,0.0,344,-0.00030370370370369493,0.003748208577114729,0.06666666666666667,0.07263245845834224,0.1111111111111111,0.0,0.6666666666666666,0.0,0.3333333333333333,0.0,0.0,5.333124357763659,3.517026105780481,2.25,1.1786549963416462,0.006540697674418605,3.0403632547282005,124.0,0.018145161290322582,0.94,-0.36984368478424917,-0.4931880539555954,0.8303483020734304,-0.8379694797596275,0.014357282502443794,-0.3996513712856937,-0.36303250987899377,5.8428571428571425,1.9232053553615562,14.0,0,4
2021-02-19,PLTR,33.2,38.0,35.0,6.0,306.98325086163993,168.9498377078042,138.03341315383588,11.397323333333333,106.49244142808872,11.541904761904762,115.56780278876067,94.6,14.5,3.2,27.0,3.0,0.0,344,0.34329287148594373,0.3468998426760612,0.34764773379231206,0.3764628932177414,0.43674698795180716,0.09638554216867469,0.9210526315789473,0.15789473684210525,0.8132530120481927,0.09036144578313252,0.0,5.088850533367595,4.157632926320358,33.2,3.5322256440685598,0.09651162790697675,5.730045401175561,124.0,0.267741935483871,0.98,-0.026247109594601747,1.7764572916619592,0.7732711131045824,1.8622712182907373,0.1333479960899316,-0.06674652364191513,-0.06251991855127603,55.45833333333333,4.033502902965855,15.0,0,4
2021-02-22,AAL,2.333333333333333,3.0,2.0,0.0,19.250209037844666,9.8197697447405,9.430439293104168,1.863777777777778,15.541656223417199,2.0,16.834515509649414,6.0,2.0,0.0,4.0,0.0,0.0,541,0.7987619047619049,0.8073499977513651,0.8571428571428572,0.8745107898077286,0.8571428571428572,0.0,0.6666666666666666,0.0,1.7142857142857144,0.0,0.0,4.208472747745929,4.041616839901787,2.333333333333333,1.203972804325936,0.004313000616142945,3.0081651163557948,264.0,0.008838383838383838,0.84,0.44922472281850145,0.7478581423024075,0.5978370007556204,0.7869467735299653,0.002117953730856957,0.6386500753242491,0.5850658897653449,0.8333333333333333,0.6061358035703155,7.0,0,0
2021-02-22,AAPL,2.7,6.0,2.0,1.0,17.075463565313004,7.878037543785896,9.197426021527109,0.8210483333333333,5.658054639978993,1.2555555555555555,9.869099623818613,7.95,1.2,0.0,0.6000000000000001,0.0,0.0,541,0.3040919753086419,0.33135584391821327,0.4650205761316872,0.577969645513264,0.4444444444444444,0.0,0.3333333333333333,0.16666666666666666,0.22222222222222224,0.0,0.0,2.917791682883665,3.4064540820470772,2.7,1.308332819650179,0.004990757855822551,2.894555414482927,264.0,0.010227272727272727,0.87,-0.04544520663476154,1.246159824853681,0.5198754592859087,0.7339535058980119,0.0005498533724340171,0.08854563350411385,0.273127917114915,4.158333333333333,1.6406135299025502,12.0,0,0
2021-02-22,AMC,15.916666666666666,26.0,16.0,3.0,149.86370243858764,81.59426621480391,68.26943622378369,1.7126611111111107,17.834623031139117,5.665707070707071,53.08554073466426,76.33333333333333,9.416666666666668,2.833333333333333,2.25,2.1666666666666665,0.0,541,0.10760174520069807,0.11900562138085126,0.35596065365698876,0.3542254720179363,0.5916230366492148,0.17801047120418848,0.6153846153846154,0.11538461538461539,0.14136125654450263,0.13612565445026178,0.0,5.126341332867262,4.289179239190598,15.916666666666666,2.828299329253787,0.029420825631546518,5.0163767963395465,264.0,0.06029040404040404,0.98,-0.24193543674270537,-0.2343500855908143,0.7009183252848317,-0.45119547038977004,0.0006705883722012695,-0.11990207581433576,-0.017135630214040076,28.49404761904762,3.3841884673608296,16.0,0,0
2021-02-22,APHA,3.5,4.0,4.0,1.0,38.21195853029832,21.93737756775426,16.274580962544057,0.20300000000000004,-0.6928216827817684,1.3333333333333333,11.812072720645828,12.0,1.5,0.0,0.0,0.0,0.0,541,0.05800000000000001,-0.01813101734192528,0.38095238095238093,0.3091197932521574,0.42857142857142855,0.0,1.0,0.25,0.0,0.0,0.0,6.267822162215503,4.649880275012587,3.5,1.5040773967762742,0.006469500924214418,3.6689817648221155,264.0,0.013257575757575758,0.93,-0.29153718194340345,0.7452572442531169,1.3862943611198908,0.5501445125876705,0.012249511241446725,-0.2689728993315185,0.10279303599087614,11.926190476190476,2.559255522628037,14.0,0,0
2021-02-22,BB,12.916666666666666,18.0,13.0,4.0,129.4844515985665,72.35480015489755,57.12965144366896,2.635936111111111,24.739958306290568,2.9318181818181817,27.537633485859583,14.75,3.583333333333333,0.8333333333333333,0.25,1.0,0.0,541,0.20407247311827958,0.1910650892895658,0.22697947214076247,0.21267135278321284,0.27741935483870966,0.06451612903225806,0.7222222222222222,0.2222222222222222,0.01935483870967742,0.07741935483870968,0.0,5.6016619474759395,4.4229407569292105,12.916666666666666,2.6330871626287546,0.023875539125077016,4.871254074825867,264.0,0.04892676767676767,0.97,-0.14546470882512386,0.19776652781873472,1.8221569464124259,0.3316929703298186,0.03884612251547735,-0.11753124240235818,-0.1829792330457658,13.13452380952381,2.648620301828433,16.0,0,0
2021-02-22,CAN,3.0,3.0,3.0,3.0,22.23449106698796,11.403891543946095,10.830599523041867,2.660833333333333,19.706902108659786,2.9047619047619047,21.627670891061115,29.0,3.0,0.0,19.0,2.0,0.0,541,0.8869444444444444,0.8863212586825996,0.9682539682539683,0.9727081598540475,1.0,0.0,1.0,1.0,6.333333333333333,0.6666666666666666,0.0,3.801297181315365,3.6101998410139555,3.0,1.3862943611198906,0.005545286506469501,3.1456378585737017,264.0,0.011363636363636364,0.9,0.537407262501041,0.0,1.3862943611198906,1.3862943611198906,0.011363636363636364,0.8869444444444444,0.9682539682539683,0.0,0.0,0.0,1,0
2021-02-22,GME,80.29166666666667,98.0,64.0,3.0,899.1802607483455,515.3355254731529,383.84473527519225,18.652681944444446,224.57477698170058,21.23298701298702,200.52139365528512,333.79166666666663,35.5,10.458333333333334,14.25,15.666666666666668,3.0,541,0.23231155509427434,0.24975501218720875,0.264448203586761,0.22300466592582957,0.4421380384016606,0.1302542812662169,0.6530612244897959,0.030612244897959183,0.17747794499221586,0.1951219512195122,0.037363777893098075,6.41829403806729,4.780629811419104,80.29166666666667,4.398043510275166,0.14841343191620457,6.8025950329893865,264.0,0.30413510101010105,1.0,-0.1172256268491291,-0.14598206256955126,0.5290771371686911,-0.29861001560401856,-0.07403310175487593,-0.019741177543261185,-0.05120536159070199,179.88809523809525,5.197878581712254,16.0,0,0
2021-02-22,NIO,2.1666666666666665,4.0,2.0,0.0,28.299280716111546,16.042200355770735,12.257080360340812,1.7466777777777778,23.245387875150815,1.7666666666666666,24.283548603877417,8.833333333333332,2.1666666666666665,0.0,1.0,0.3333333333333333,0.0,541,0.8061589743589744,0.8214126750549029,0.8153846153846154,0.8580977321466738,1.0,0.0,0.5,0.0,0.46153846153846156,0.15384615384615385,0.0,7.404092471894185,5.657114012464991,2.1666666666666665,1.1526795099383853,0.004004929143561306,3.377562966783519,264.0,0.008207070707070706,0.83,0.456621792415571,0.4459447928920636,0.45953232937844,0.3266270092739302,0.0001425545780384483,0.4232565637153372,0.6514423646604331,3.301190476190476,1.458891839310281,14.0,0,0
2021-02-22,NOK,2.8749999999999996,6.0,2.0,0.0,29.138333428862346,15.418085050883663,13.720248377978683,0.43335694444444445,5.602628705919075,1.4734848484848484,14.510748582619437,7.041666666666666,1.5833333333333333,0.125,0.25,1.0,0.0,541,0.15073285024154592,0.192276909714044,0.5125164690382082,0.49799514505679066,0.5507246376811595,0.04347826086956522,0.3333333333333333,0.0,0.08695652173913045,0.3478260869565218,0.0,5.3628121916117095,4.772260305383891,2.8749999999999996,1.3545456628053103,0.005314232902033271,3.405797897338518,264.0,0.010890151515151514,0.88,-0.19880433170185752,-0.3696739732098021,0.17589066646366414,-0.6127864909571616,-0.007255009775171068,-0.225105913147168,0.10417214601484154,7.592857142857143,2.1509312933653746,15.0,0,0
2021-02-22,PLTR,48.375,53.0,47.0,8.0,485.24425145544404,277.0210419757094,208.2232094797344,26.153626388888885,263.7934693956114,24.471258705063054,246.12799885793132,153.375,29.916666666666664,2.125,54.0,6.333333333333333,0.0,541,0.5406434395635945,0.5436302822844123,0.5058658130245592,0.5072249658181293,0.6184323858742463,0.04392764857881137,0.8867924528301887,0.1509433962264151,1.1162790697674418,0.13092161929371232,0.0,5.726533167456525,4.304355751519058,48.375,3.899444223221286,0.0894177449168207,6.186711072663172,264.0,0.18323863636363635,0.99,0.19110625762019107,1.9081841041787386,0.36721857915272604,2.119944431661655,-0.08450329912023463,0.1345303105323189,0.0993758029486933,85.45833333333334,4.459662602316853,16.0,0,0
2021-02-22,RKT,8.833333333333332,10.0,9.0,2.0,71.5655597438613,36.99808262183441,34.56747712202689,3.3413166666666667,26.135298709269883,1.4333333333333333,9.39191365171245,24.833333333333332,3.0,1.5,10.0,0.0,0.0,541,0.37826226415094344,0.3651937999620229,0.16226415094339625,0.131235103663366,0.339622641509434,0.169811320754717,0.9,0.2,1.1320754716981134,0.0,0.0,4.188462183603896,3.913299296833233,8.833333333333332,2.2857779746776643,0.01632778804682686,4.284490425581838,264.0,0.03345959595959595,0.96,0.028725082207539998,3.1369562255195076,2.2857779746776643,1.8461543501677704,0.03345959595959595,0.22616451616939787,-0.0034267023209864356,8.366666666666667,2.2371572876715904,7.0,0,0
2021-02-22,RYCEY,3.0,3.0,2.0,2.0,28.250605149010852,14.415056697310069,13.835548451700781,1.4677666666666667,13.89165587237128,0.8571428571428571,8.150619416740085,18.0,2.0,0.0,6.0,0.0,0.0,541,0.48925555555555555,0.4917294974425591,0.2857142857142857,0.288511321217679,0.6666666666666666,0.0,0.6666666666666666,0.6666666666666666,2.0,0.0,0.0,4.805018899103357,4.611849483900261,3.0,1.3862943611198906,0.005545286506469501,3.375900262318926,264.0,0.011363636363636364,0.9,0.1397183736121521,1.8103362092638957,1.3862943611198906,1.096931445428288,0.011363636363636364,0.34939310457516337,0.02521008403361341,1.5,0.9162907318741551,6.0,0,0
2021-02-22,SENS,2.5,3.0,3.0,0.0,22.140120385829192,12.42466184149467,9.715458544334524,0.6468833333333333,5.401617949329113,2.2777777777777777,20.22222663544625,10.5,2.5,0.0,0.0,0.0,0.0,541,0.2587533333333333,0.24397419052817906,0.9111111111111111,0.9133747370402515,1.0,0.0,1.0,0.0,0.0,0.0,0.0,4.969864736597868,3.8861834177338097,2.5,1.252762968495368,0.0046210720887245845,3.1415679242510985,264.0,0.00946969696969697,0.855,-0.09078384861007016,1.9996870595760814,1.252762968495368,0.9086363233680447,0.00946969696969697,-0.030358843640020172,0.6016825459280702,5.583333333333333,1.8845412026790211,8.0,0,0
2021-02-22,SNDL,4.625,6.0,4.0,1.0,39.73418416335987,17.965101511297835,21.769082652062036,1.5580125,12.328909949766276,0.8176406926406926,6.391413816255258,21.375,2.0,0.125,0.0,0.0,0.0,541,0.3368675675675676,0.3102847135121286,0.1767871767871768,0.16085428582044425,0.43243243243243246,0.02702702702702703,0.6666666666666666,0.16666666666666666,0.0,0.0,0.0,3.8843462727130453,4.706828681526926,4.625,1.7272209480904839,0.008548983364140481,3.7070676456587637,264.0,0.017518939393939392,0.94,-0.012669614375835858,0.3780716206277383,1.3217558399823195,0.4871527281618486,0.013486681329423263,0.12887612752386654,0.07685589789053573,17.34404761904762,2.909305141444494,13.0,0,0
2021-02-22,SPY,3.325,6.0,2.0,1.0,20.876269141363405,8.203433020335687,12.672836121027718,0.6055358333333334,2.8547482020828383,0.936111111111111,4.8592189558034296,16.175,2.0,0.125,0.0,0.0,0.6000000000000001,541,0.18211604010025062,0.13674609111196762,0.2815371762740183,0.23276280464192556,0.6015037593984962,0.03759398496240601,0.3333333333333333,0.16666666666666666,0.0,0.0,0.1804511278195489,2.467197900852838,3.811379284519614,3.325,1.4644121403838426,0.006146025878003697,3.085402448451604,264.0,0.012594696969696971,0.92,-0.16742114184315282,0.40695452416883426,1.3308807477593199,0.34403261101777804,0.011442623236978077,0.014487273399028139,0.11669802160468082,10.767857142857142,2.465371843767358,15.0,0,0
2021-02-22,TIGR,3.0,3.0,3.0,0.0,21.544911113318083,12.083656393082334,9.46125472023575,1.4100000000000001,9.091178672194335,3.0,21.544911113318083,15.0,3.0,0.0,8.0,2.0,0.0,541,0.47000000000000003,0.42196408350808107,1.0,1.0,1.0,0.0,1.0,0.0,2.6666666666666665,0.6666666666666666,0.0,4.027885464360778,3.153751573411917,3.0,1.3862943611198906,0.005545286506469501,3.1155093692313467,264.0,0.011363636363636364,0.9,0.12046281805659659,8.0,1.3862943611198906,1.3036098126514775,0.011363636363636364,0.33136427015250547,0.8371238553901093,0.75,0.5596157879354227,4.0,0,0
2021-02-22,TSLA,5.926190476190477,12.0,2.0,3.0,55.221071496458855,29.67535560921885,25.54571588724,1.5524828571428573,12.973030122820477,2.314880952380953,23.573905142420166,25.164285714285715,3.2833333333333337,1.1428571428571428,0.6000000000000001,1.0,0.0,541,0.2619697870630775,0.2349289822029693,0.39061872237846523,0.4269005382108872,0.554037766171153,0.19284853354760945,0.16666666666666666,0.25,0.10124548011249497,0.16874246685415825,0.0,5.007492710273971,4.31064711636834,5.926190476190477,1.9353099472177877,0.010954141360795706,4.029291624287496,264.0,0.022447691197691202,0.95,-0.08756739488032594,0.6424628206033715,1.616856216099253,0.586983915685382,0.019423497649304105,-0.006875606763995401,0.19739724083796922,18.945238095238093,2.9929904228763955,15.0,0,0
2021-02-22,UAL,2.0,2.0,2.0,1.0,17.0817240640877,8.531096096585228,8.550627967502475,-1.1055,-9.628932713904867,-1.2,-10.516238921367984,10.0,0.0,1.0,0.0,0.0,0.0,541,-0.55275,-0.5636979427708094,-0.6,-0.615642711585368,0.0,0.5,1.0,0.5,0.0,0.0,0.0,4.265548048292614,4.2753139837512375,2.0,1.0986122886681098,0.0036968576709796672,2.894901707944765,264.0,0.007575757575757576,0.82,-0.9022871819434034,4.6787544168149,1.0986122886681098,1.0213196032173242,0.007575757575757576,-0.6376783299526707,-0.5602240896358543,0.125,0.11778303565638346,4.0,0,0
2021-02-22,UWMC,2.5,3.0,3.0,0.0,19.965477109825784,9.552529797410227,10.412947312415557,1.7082833333333332,13.54730288738535,0.7857142857142857,6.302505590749086,9.5,1.0,0.5,3.0,0.0,0.0,541,0.6833133333333332,0.6785363962436037,0.3142857142857143,0.31567017187119356,0.4,0.2,1.0,0.0,1.2,0.0,0.0,3.8210119189640905,4.165178924966223,2.5,1.252762968495368,0.0046210720887245845,3.042877137808367,264.0,0.00946969696969697,0.855,0.3337761513899298,3.528333047308145,1.252762968495368,1.082741100383829,0.00946969696969697,0.5097113725490194,0.30466853408029876,0.7,0.5306282510621704,5.0,0,0
2021-02-23,AAL,2.0,2.0,2.0,0.0,13.51332379930961,7.02108396428914,6.492239835020471,0.6682,4.276507534861482,1.0,7.5600804650218265,1.0,1.0,0.0,0.0,0.0,0.0,273,0.3341,0.31646600039880396,0.5,0.5594538085003238,0.5,0.0,1.0,0.0,0.0,0.0,0.0,3.51054198214457,3.2461199175102355,2.0,1.0986122886681098,0.007326007326007326,2.675067110223258,125.0,0.016,0.8698630136986302,-0.06413029605908466,0.6147738903859403,-0.10536051565782611,0.6378669926760301,0.007161616161616162,0.13850761082210816,0.19541937207996857,3.166666666666666,1.4271163556401456,8.0,0,1
2021-02-23,AMC,13.283333333333333,18.0,16.0,2.0,157.0310796182041,93.33155367899762,63.699525939206545,7.415158333333334,84.54744345214273,2.4611111111111112,27.370391761482978,21.6,3.7833333333333337,1.5,9.45,3.7,0.0,273,0.5582302383939775,0.5384121643798558,0.18527812630698454,0.17429920133026977,0.2848180677540778,0.11292346298619825,0.8888888888888888,0.1111111111111111,0.7114178168130488,0.27854454203262236,0.0,7.0262148315431086,4.795447373089577,13.283333333333333,2.659093356375679,0.04865689865689866,5.06279172012712,125.0,0.10626666666666666,0.9863013698630136,0.1599999423348928,-0.3182170761016931,-0.16920597287810768,-0.595335028246224,0.04597626262626262,0.3373876438130734,-0.18686617810770878,40.58571428571429,3.7277567016962645,17.0,0,1
2021-02-23,BB,3.1166666666666663,7.0,5.0,1.0,25.19300706043755,14.186030330146782,11.006976730290768,1.3637472222222222,10.112709788723192,0.5064102564102564,4.357317129890744,6.833333333333333,0.5833333333333333,0.3333333333333333,1.25,0.0,0.0,273,0.437565953654189,0.4014093976341526,0.16248457424928014,0.17295740518143077,0.18716577540106952,0.10695187165775402,0.7142857142857143,0.14285714285714285,0.4010695187165776,0.0,0.0,4.5516674856085935,3.5316502877938296,3.1166666666666663,1.4150437744058764,0.011416361416361416,3.265492469051112,125.0,0.02493333333333333,0.9315068493150684,0.03933565759510432,-0.5554208584860623,-1.2180433882228783,-0.9047778051336051,-0.02399343434343434,0.12249175160034886,-0.2373086179902611,25.051190476190477,3.2600634668170008,17.0,0,1
2021-02-23,CRSR,2.0,3.0,3.0,1.0,15.690684717858405,8.564065268529294,7.126619449329111,0.3283166666666667,2.7269688969084025,0.1,0.7228388451573604,5.5,0.0,0.0,1.0,0.0,0.0,273,0.16415833333333335,0.17379540446725653,0.05,0.046068024318572855,0.0,0.0,1.0,0.3333333333333333,0.5,0.0,0.0,4.282032634264647,3.5633097246645553,2.0,1.0986122886681098,0.007326007326007326,2.8148507624678296,125.0,0.016,0.8698630136986302,-0.23407196272575131,-0.10497155422071433,0.2548922496287902,-0.06323729556593194,0.010981060606060605,-0.1788073553153608,-0.3889799225354446,7.941666666666666,2.1907219998486522,17.0,0,1
2021-02-23,GME,35.9,47.0,35.0,6.0,350.1819663217369,207.7723027183316,142.40966360340522,8.922355555555557,83.79977059113787,7.518531468531469,91.99199444778995,115.26666666666667,14.2,7.666666666666667,22.2,2.7,1.0,273,0.2485335809346952,0.23930350118071214,0.20942984592009664,0.26269769232853757,0.3955431754874652,0.2135561745589601,0.7446808510638298,0.1276595744680851,0.6183844011142061,0.07520891364902507,0.02785515320334262,5.787529323630406,3.966842997309338,35.9,3.6082115510464816,0.1315018315018315,5.861304511700363,125.0,0.2872,1.0,-0.14969671512438948,-0.5397860394201417,-0.789831959228684,-1.0718525295213674,-0.01693510101010104,-0.0024224196171035994,-0.10337897694677181,243.64642857142857,5.499814019514655,17.0,0,1
2021-02-23,NIO,2.033333333333333,4.0,2.0,0.0,13.313916822958456,7.672092653390345,5.64182416956811,0.7715888888888889,4.7530004571557996,0.0,0.0,4.333333333333333,0.0,0.0,0.0,0.0,0.0,273,0.3794699453551913,0.3569949039308814,0.0,0.0,0.0,0.0,0.5,0.0,0.0,0.0,0.0,3.773160321339514,2.7746676243777593,2.033333333333333,1.1096621248546947,0.007448107448107448,2.661232268412171,125.0,0.016266666666666665,0.8904109589041096,-0.01876035070389337,0.37141924959844186,-0.043017385083690574,0.2654636792305768,0.00805959595959596,-0.026946718828186833,-0.20013349320531745,4.9678571428571425,1.786387925426144,15.0,0,1
2021-02-23,NOK,3.0,3.0,3.0,1.0,25.401802999819026,14.18652913833807,11.215273861480958,2.4766,21.229399116435918,2.0,17.86490587025286,6.0,2.0,0.0,4.0,0.0,0.0,273,0.8255333333333333,0.8357437901784832,0.6666666666666666,0.703292828087051,0.6666666666666666,0.0,1.0,0.3333333333333333,1.3333333333333333,0.0,0.0,4.72884304611269,3.7384246204936527,3.0,1.3862943611198906,0.01098901098901099,3.273432303267933,125.0,0.024,0.9178082191780822,0.4273030372742487,-0.33877564086208206,0.03174869831458027,-0.5469940987005171,0.013109848484848486,0.46220045400835097,0.25253500219803093,10.467857142857142,2.439548090920264,16.0,0,1
2021-02-23,PLTR,9.15,14.0,11.0,1.0,74.08101554437421,40.04660693616726,34.034408608206945,2.4554300000000002,22.61551115579524,1.8858040652158299,13.98425630108693,21.55,3.483333333333334,1.0,9.7,1.0,0.0,273,0.2683530054644809,0.30528079278622533,0.20609880494162075,0.18876977047797652,0.38069216757741353,0.1092896174863388,0.7857142857142857,0.07142857142857142,1.0601092896174862,0.1092896174863388,0.0,4.376678353679481,3.7196074981646934,9.15,2.3174737054877963,0.033516483516483515,4.318567737790579,125.0,0.0732,0.9726027397260274,-0.1298772905946038,0.3537039323116828,-1.5819705177334895,0.4201992232802958,-0.11003863636363635,-0.14523402970747912,-0.2059120830758393,132.41666666666666,4.893477063208715,17.0,0,1
2021-02-23,RKT,6.5,7.0,6.0,2.0,50.36307006339598,27.51428542169109,22.848784641704896,1.8347166666666668,13.561163810104,0.6142857142857143,5.380120977137599,16.5,2.0,1.0,1.0,0.0,0.0,273,0.28226410256410256,0.2692680131102709,0.09450549450549452,0.10682670795019476,0.3076923076923077,0.15384615384615385,0.8571428571428571,0.2857142857142857,0.15384615384615385,0.0,0.0,4.232966987952475,3.5151976371853686,6.5,2.0149030205422647,0.023809523809523808,3.9389194329728765,125.0,0.052,0.958904109589041,-0.1159661934949821,2.0515242625742407,-0.27087495413539964,1.4727152654674946,0.018540404040404045,0.11760165923981267,-0.07099498640772224,14.0,2.70805020110221,8.0,0,1
2021-02-23,TSLA,4.483333333333333,8.0,4.0,1.0,36.67052637414384,18.819159660073613,17.85136671407023,0.8889472222222221,7.021313625301585,-0.4801587301587301,-4.331801089799494,17.233333333333334,0.65,1.0,3.6500000000000004,0.2,2.0,273,0.1982781908302354,0.19147021653477736,-0.10709860152239334,-0.11812759505011686,0.1449814126394052,0.22304832713754646,0.5,0.125,0.8141263940520447,0.0446096654275093,0.44609665427509293,4.197582080313817,3.9817174826922446,4.483333333333333,1.7017131885432712,0.016422466422466423,3.628877994904541,125.0,0.035866666666666665,0.9452054794520548,-0.19995210522884926,0.3575709336662827,-0.23359675867451646,0.32077693947278885,0.013418975468975462,-0.07018522484328221,-0.31128659644277656,22.913095238095234,3.1744262267971886,16.0,0,1
2021-02-23,VIAC,2.5,3.0,3.0,0.0,11.358626594295725,6.286744843000404,5.07188175129532,0.7193666666666667,2.5156762669984127,1.2692307692307692,4.387785656833493,13.5,1.5,0.0,3.0,0.0,0.0,273,0.2877466666666667,0.22147715184701813,0.5076923076923077,0.3862954398938538,0.6,0.0,1.0,0.0,1.2,0.0,0.0,2.514697937200162,2.028752700518128,2.5,1.252762968495368,0.009157509157509158,2.514354328889232,125.0,0.02,0.9041095890410958,-0.11048362939241796,3.5774396522708702,1.252762968495368,1.1004940782773014,0.02,0.20870904483430802,0.49903504361708695,0.0,0.0,4.0,0,1
2021-02-24,AMC,9.976190476190476,12.0,9.0,2.0,104.8003994718161,61.23034750844437,43.57005196337174,2.5218833333333333,31.654562840870692,4.364468864468864,43.97265531521612,34.69047619047618,4.642857142857143,0.3333333333333333,0.0,0.0,0.0,232,0.25279021479713604,0.30204620402600213,0.43748852579401504,0.41958480632549167,0.4653937947494034,0.03341288782816229,0.75,0.16666666666666666,0.0,0.0,0.0,6.1376481989371445,4.367403776758026,9.976190476190476,2.39572842471328,0.0430008210180624,4.661554295143121,103.0,0.09685621821544152,0.9701492537313433,-0.0970700625950437,-0.45378470291137657,-0.26336493166239894,-0.8273665373693477,-0.009410448451225142,0.014190375805017585,0.07517928338499058,44.326190476190476,3.8138850216283746,18.0,0,2
2021-02-24,BB,2.833333333333333,4.0,3.0,1.0,23.980205159787037,14.84758066864863,9.132624491138408,1.01315,7.554815295874816,1.3333333333333333,9.001743762806708,1.3333333333333333,1.3333333333333333,0.0,0.0,0.3333333333333333,0.0,232,0.3575823529411765,0.3150438140764392,0.4705882352941177,0.3753822664495774,0.4705882352941177,0.0,0.75,0.25,0.0,0.11764705882352942,0.0,5.240322588934811,3.2232792321664974,2.833333333333333,1.3437347467010947,0.012212643678160919,3.2180837176255563,103.0,0.027508090614886727,0.9253731343283582,0.007722075548996787,-0.5815099108478499,-0.07130902770478165,-0.9284669483576704,0.0025747572815533956,0.03606121659258121,0.08328497031722176,22.28333333333333,3.147737797034861,18.0,0,2
2021-02-24,GME,28.166666666666668,31.0,24.0,5.0,309.6625227704641,175.94437394125393,133.7181488292102,11.091583333333336,119.18500499776631,9.907109557109555,118.7464054396836,99.16666666666666,13.833333333333334,1.8333333333333333,32.0,5.333333333333333,0.0,232,0.3937840236686391,0.38488675972620573,0.35173170025241024,0.3834703805203571,0.4911242603550296,0.0650887573964497,0.7741935483870968,0.16129032258064516,1.136094674556213,0.18934911242603547,0.0,6.246545820399548,4.747389899261901,28.166666666666668,3.373026504695459,0.1214080459770115,5.738707187206837,103.0,0.27346278317152106,1.0,0.0439237462764594,-0.6428767197337397,-0.23518504635102255,-1.2506242848449496,-0.013737216828478949,0.1429555188861616,0.04436387617221399,206.91904761904763,5.337148809806428,18.0,0,2
2021-02-24,PLTR,10.7,13.0,10.0,4.0,94.46516756042757,53.578094386168914,40.88707317425866,4.760691666666666,41.79562591435321,3.73228021978022,32.6031907930073,35.7,5.45,1.25,15.0,0.0,0.0,232,0.44492445482866044,0.44244483965602815,0.34881123549347853,0.34513452561391644,0.5093457943925234,0.11682242990654207,0.7692307692307693,0.3076923076923077,1.4018691588785048,0.0,0.0,5.0072985407634505,3.821221791986791,10.7,2.4595888418037104,0.04612068965517241,4.558761443366606,103.0,0.10388349514563106,0.9850746268656716,0.09506417743648071,0.4662740295746122,0.1421151363159141,0.5401986110025103,0.030683495145631054,0.03898131595709409,-0.05236217446735841,124.8,4.8346933442663405,18.0,0,2
2021-02-24,TSLA,6.517857142857143,9.0,7.0,1.0,54.73099066266415,30.76882356137186,23.962167101292284,1.8637333333333332,14.125621630024128,-0.6547619047619048,-4.149823155568099,11.857142857142858,1.1428571428571428,1.25,0.0,0.0,1.0,232,0.2859426484018264,0.25809183168431493,-0.1004566210045662,-0.07582218237461916,0.17534246575342463,0.1917808219178082,0.7777777777777778,0.1111111111111111,0.0,0.0,0.15342465753424656,4.720696217635134,3.6763872812941583,6.517857142857143,2.0172811429472324,0.0280942118226601,4.020536377534418,103.0,0.06328016643550624,0.9402985074626866,-0.0639176289903533,0.7080170839577709,0.3155679544039611,0.6194618970623926,0.027413499768839576,0.021173191930586865,-0.2882611108490138,16.719047619047622,2.874640197629154,17.0,0,2
2021-02-24,WKHS,7.0,7.0,6.0,2.0,58.99774123362009,29.40561714377148,29.59212408984861,0.8056333333333333,7.146315367061245,-1.4,-10.822536270422475,9.0,1.0,2.0,0.0,0.0,0.0,232,0.11509047619047619,0.12112862658187479,-0.19999999999999998,-0.1834398409858988,0.14285714285714285,0.2857142857142857,0.8571428571428571,0.2857142857142857,0.0,0.0,0.0,4.200802449110212,4.227446298549801,7.0,2.0794415416798357,0.03017241379310345,4.094306915407136,103.0,0.06796116504854369,0.9552238805970149,-0.23476980120170354,3.555171605465573,2.0794415416798357,1.7109026802110767,0.06796116504854369,-0.10788961449970738,-0.3894432299907288,1.5,0.9162907318741551,9.0,0,2
2021-02-25,AAL,2.0,2.0,2.0,1.0,14.927504906125641,7.355001921105257,7.572502985020384,1.7162,12.801274544790935,0.7272727272727273,5.493846298013562,14.0,1.0,1.0,2.0,2.0,0.0,540,0.8581,0.8575629098964699,0.36363636363636365,0.3680351359830477,0.5,0.5,1.0,0.5,1.0,1.0,0.0,3.6775009605526283,3.786251492510192,2.0,1.0986122886681098,0.003703703703703704,2.768047483037066,130.0,0.015384615384615385,0.85,0.6115524275289052,0.613697826297899,0.6931471805599454,0.6087376524364244,0.010530246452576551,0.6482618497398973,0.06451379850833533,5.666666666666666,1.8971199848858813,10.0,0,3
2021-02-25,AMC,21.491666666666667,29.0,25.0,2.0,200.29765273175832,114.39211561920247,85.90553711255583,10.031236666666665,89.12437063981929,13.316744366744368,131.0931988586677,96.19999999999999,15.833333333333334,3.3333333333333335,27.0,14.5,0.0,540,0.4667500581620782,0.4449596359432929,0.6196236231133478,0.6544919377274466,0.7367196587824738,0.15509887553315238,0.8620689655172413,0.06896551724137931,1.2563008918185343,0.6746801085692129,0.0,5.322626550718998,3.99715566246867,21.491666666666667,3.1131448702359585,0.03979938271604938,5.304784672030112,130.0,0.16532051282051283,0.9833333333333333,0.2202024856909834,-0.038437388617310324,0.7174164455226784,-0.06858176497820212,0.06846429460507131,0.22744070037970887,0.25355541653507385,51.35238095238095,3.9579974177031367,19.0,0,3
2021-02-25,BB,2.9583333333333335,5.0,4.0,3.0,32.01789785467392,17.983934748532363,14.033963106141558,0.6512055555555556,7.567361465428892,1.3333333333333335,15.447935448060932,12.666666666666666,1.5,0.0,1.5,0.0,0.5,540,0.22012582159624414,0.23634785455860965,0.4507042253521127,0.48247812889458225,0.5070422535211268,0.0,0.8,0.6,0.5070422535211268,0.0,0.16901408450704225,6.079076534715164,4.743874852780245,2.9583333333333335,1.3758230612525952,0.0054783950617283955,3.497049773675412,130.0,0.02275641025641026,0.9166666666666666,-0.026421750874850658,-0.5421082897593198,0.03208831455150052,-0.8499552863882867,-0.0047516803584764684,-0.10319837558198022,0.05923671185935564,24.866666666666667,3.2529551385210635,19.0,0,3
2021-02-25,GE,2.0,2.0,2.0,0.0,11.484937428430062,6.617402977974478,4.867534450455583,0.5739,3.4362206698534474,0.14285714285714285,0.7705182209074802,7.0,0.0,0.0,0.0,0.0,0.0,540,0.28695,0.29919367791655116,0.07142857142857142,0.06708945744886018,0.0,0.0,1.0,0.0,0.0,0.0,0.0,3.308701488987239,2.4337672252277915,2.0,1.0986122886681098,0.003703703703703704,2.524522911979495,130.0,0.015384615384615385,0.85,0.04040242752890519,1.5020701729039572,1.0986122886681098,0.7760707997606767,0.015384615384615385,0.11895378205128204,-0.029682014064367004,0.6428571428571428,0.49643688631389105,10.0,0,3
2021-02-25,GM,3.5833333333333335,6.0,1.0,0.0,29.41768200020399,14.80427936031166,14.613402639892332,1.2595555555555553,9.996271279327377,-0.033333333333333395,-0.3318773040679216,24.666666666666668,1.25,0.0,2.5,0.0,0.5,540,0.3515038759689922,0.3398048588348348,-0.009302325581395366,-0.01128155862401464,0.3488372093023256,0.0,0.16666666666666666,0.0,0.6976744186046512,0.0,0.13953488372093023,4.13142679822651,4.078158876249023,3.5833333333333335,1.5224265354444706,0.006635802469135803,3.4150240840659882,130.0,0.027564102564102567,0.9333333333333333,0.10495630349789739,1.4986364212783292,1.2992829841302609,0.8566733055587897,0.02513691809808315,0.02379232930069336,-0.31418167811810027,2.45,1.2383742310432684,17.0,0,3
2021-02-25,GME,47.991666666666674,56.0,47.0,6.0,490.43108640448526,280.3075452760888,210.12354112839654,16.713186666666665,158.52286149529195,19.39911053858422,209.89456721856556,180.2,24.333333333333336,2.3333333333333335,35.5,12.0,0.5,540,0.3482518492793887,0.3232316749280234,0.40421831301095784,0.4279797366789553,0.5070324709150894,0.04861955200555652,0.8392857142857143,0.10714285714285714,0.7397117555131097,0.2500434103142906,0.01041847542976211,5.8407545464717225,4.378333900921615,47.991666666666674,3.891650215620209,0.08887345679012347,6.197321718982581,130.0,0.3691666666666667,1.0,0.10170427680829389,-0.3497731574946508,0.51862371092475,-0.6694693596779526,0.09570388349514564,0.09027556855260305,0.09463229512215088,221.2607142857143,5.403851081491715,19.0,0,3
2021-02-25,MRO,2.0,2.0,2.0,1.0,11.031270218504018,4.595119850134591,6.436150368369427,0.4620666666666666,2.129254427167957,1.0,4.969813299576001,1.0,1.0,0.0,0.0,0.0,0.0,540,0.2310333333333333,0.19301987758366337,0.5,0.45052049321025256,0.5,0.0,1.0,0.5,0.0,0.0,0.0,2.2975599250672953,3.2180751841847135,2.0,1.0986122886681098,0.003703703703703704,2.487509111985681,130.0,0.015384615384615385,0.85,-0.015514239137761482,2.8887879601085626,0.750305594399894,0.9739491465151758,0.01133930794124969,0.21504307279693485,0.4723152709359606,1.9166666666666665,1.0704414117014134,3.0,0,3
2021-02-25,NOK,2.5,3.0,3.0,2.0,29.870628447207004,17.328967890062994,12.54166055714401,1.0899666666666668,10.974269026643203,0.8333333333333333,7.65762152775177,3.5,1.5,0.0,0.5,0.0,0.0,540,0.4359866666666667,0.36739330898373956,0.3333333333333333,0.2563595721223529,0.6,0.0,1.0,0.6666666666666666,0.2,0.0,0.0,6.931587156025198,5.016664222857604,2.5,1.252762968495368,0.004629629629629629,3.4298051961690783,130.0,0.019230769230769232,0.9,0.1894390941955719,-0.3499550350783715,1.252762968495368,-0.5565113633989931,0.019230769230769232,0.06771040860751593,-0.07271849802177216,8.541666666666668,2.255668173206294,17.0,0,3
2021-02-25,PLTR,7.666666666666666,9.0,7.0,1.0,65.37587463253246,37.96817695278535,27.407697679747116,2.7621888888888892,25.192047249293523,2.595238095238095,20.576848975069392,19.0,4.333333333333334,1.0,3.0,0.0,0.0,540,0.36028550724637687,0.38534164767804746,0.3385093167701863,0.31474682504407986,0.5652173913043479,0.13043478260869565,0.7777777777777778,0.1111111111111111,0.391304347826087,0.0,0.0,4.952370906885046,3.5749170886626676,7.666666666666666,2.159484249353372,0.01419753086419753,4.195333656613251,130.0,0.05897435897435897,0.9666666666666667,0.11373793477528207,0.18788922012689932,-0.30010459245033827,0.21308408800204637,-0.04490913617127208,-0.047606697423044186,-0.06004598446728271,116.20833333333334,4.763952978141911,19.0,0,3
2021-02-25,RIOT,2.0,2.0,2.0,1.0,15.073789712861531,8.925321416943884,6.148468295917647,-0.9331,-7.251831448621269,0.0,0.0,0.0,0.0,0.0,0.0,0.0,0.0,540,-0.46655,-0.4810888029327974,0.0,0.0,0.0,0.0,1.0,0.5,0.0,0.0,0.0,4.462660708471942,3.0742341479588235,2.0,1.0986122886681098,0.003703703703703704,2.7771899772650808,130.0,0.015384615384615385,0.85,-0.7130975724710948,1.4042908795874625,1.0986122886681098,0.764512929900459,0.015384615384615385,-0.4735066923076923,-0.1523148148148148,8.625,2.264363880173848,10.0,0,3
2021-02-25,SPY,2.0,3.0,1.0,0.0,13.02311258057167,7.00582641688777,6.017286163683901,0.9066666666666667,5.5707977877124915,-0.3,-2.684769362770198,7.5,0.0,0.5,1.0,0.0,0.0,540,0.45333333333333337,0.42776239192028487,-0.15,-0.2061542005538238,0.0,0.25,0.3333333333333333,0.0,0.5,0.0,0.0,3.502913208443885,3.0086430818419503,2.0,1.0986122886681098,0.003703703703703704,2.640706866992375,130.0,0.015384615384615385,0.85,0.20678576086223857,0.0009076425626832532,0.057158413839948796,0.0007231325409464695,-0.002414737366193676,0.28915807963228174,-0.2768757003366189,6.801190476190477,2.054276347202138,18.0,0,3
2021-02-25,TSLA,5.875,9.0,6.0,4.0,51.034378710179446,28.244270910848524,22.79010779933092,1.4904000000000002,10.084663757157035,1.2333333333333334,8.515523380978319,22.0,2.75,1.0,5.0,0.0,0.5,540,0.25368510638297875,0.19760530081941652,0.2099290780141844,0.16685856860014622,0.46808510638297873,0.1702127659574468,0.6666666666666666,0.4444444444444444,0.851063829787234,0.0,0.0851063829787234,4.807535474186983,3.879167284992497,5.875,1.927891643552635,0.01087962962962963,3.9519046291738116,130.0,0.04519230769230769,0.95,0.007137533911883959,0.5784772655961107,-0.0893894993945974,0.4990993028146755,-0.01808785874319855,-0.012143009684790207,0.036537643712187484,20.361904761904764,3.061609184362685,18.0,0,3
2021-02-26,AAPL,3.142857142857143,4.0,1.0,0.0,22.418052974831966,11.954631542997017,10.463421431834949,1.5142380952380952,10.41629351389913,2.6,18.212469338168468,8.285714285714285,3.0,0.0,0.0,0.0,0.0,565,0.4818030303030303,0.4646386341219361,0.8272727272727273,0.8124019226208016,0.9545454545454546,0.0,0.25,0.0,0.0,0.0,0.0,3.8037464000445054,3.3292704555838473,3.142857142857143,1.4213856809311607,0.005562579013906448,3.153507219565573,216.0,0.01455026455026455,0.9069767441860465,0.03561080234225972,1.4335535207617762,0.7282385003712154,0.8128160088259042,0.006857956857956857,0.2558215410037493,0.5909129383018866,5.4,1.8562979903656263,15.0,0,4
2021-02-26,AMC,20.5,30.0,19.0,4.0,192.0524703981079,108.03989436555014,84.01257603255777,11.165822222222221,104.66935643073666,10.517782217782218,104.47710330577799,108.5,13.166666666666666,1.75,26.0,2.5,0.0,565,0.5446742547425474,0.5450039575839158,0.5130625472088887,0.5440029127936034,0.6422764227642276,0.08536585365853659,0.6333333333333333,0.13333333333333333,1.2682926829268293,0.12195121951219512,0.0,5.270238749539031,4.098174440612574,20.5,3.068052935133617,0.036283185840707964,5.262962019303364,216.0,0.09490740740740741,0.9767441860465116,0.09848202678177681,-0.16621985110103102,-0.04509193510234155,-0.26933094359234167,-0.07041310541310541,0.28202739405207417,0.11601315947494728,68.06071428571428,4.234986034881342,20.0,0,4
2021-02-26,BB,2.892857142857143,6.0,3.0,2.0,28.68008902355703,17.086266266808753,11.593822756748283,2.1692246031746025,22.052461712395598,1.2335164835164836,11.073206438382442,11.440476190476192,1.6428571428571428,0.0,0.0,0.0,0.0,565,0.7498554183813441,0.768911898923407,0.4264007597340931,0.386093865653179,0.5679012345679012,0.0,0.5,0.3333333333333333,0.0,0.0,0.0,5.906363647785742,4.007741199863604,2.892857142857143,1.3591433720539399,0.005120101137800253,3.3904764177406728,216.0,0.013392857142857142,0.8604651162790697,0.3036631904205735,-0.6263352631447087,-0.016679689198655367,-0.9354261286495718,-0.009363553113553117,0.4155249301233075,0.012398034973730432,23.075,3.181173957684189,20.0,0,4
2021-02-26,GME,140.03571428571428,156.0,118.0,16.0,1378.2417876464335,802.5673715992082,575.6744160472257,55.67721269841274,512.5355513849265,45.32820456042963,447.4417084353528,690.8928571428571,64.55952380952381,17.75,125.75,41.25,1.0,565,0.3975929496443654,0.37187636884828623,0.3236903156572379,0.32464674373241176,0.4610218481679844,0.1267533792399898,0.7564102564102564,0.10256410256410256,0.897985207855139,0.29456771231828616,0.007141035450140271,5.731162051715845,4.110911412732038,140.03571428571428,4.949013151111445,0.24785082174462705,7.229289197917981,216.0,0.648313492063492,1.0,-0.04859927831640515,0.12100316240405265,1.057362935491236,0.19331106503227247,0.2791468253968253,0.12220407645361037,-0.006106617882116971,239.24285714285713,5.481650316473391,20.0,0,4
2021-02-26,PLTR,13.25,16.0,14.0,2.0,101.6932807000691,55.179540304992855,46.51374039507624,5.878477777777778,44.43367367419185,2.6346153846153846,18.542484974868056,41.91666666666667,4.75,1.5,22.75,0.25,0.0,565,0.44365870020964365,0.43693814742040926,0.1988388969521045,0.18233736631584016,0.3584905660377358,0.11320754716981132,0.875,0.125,1.7169811320754718,0.018867924528301886,0.0,4.164493607923989,3.5104709732133013,13.25,2.6567569067146595,0.023451327433628318,4.631746688309872,216.0,0.061342592592592594,0.9534883720930233,-0.0025335277511269183,0.5804781257455811,0.49727265736128734,0.6023825328956653,0.0023682336182336214,0.017752220177903733,-0.21664187012387376,109.09166666666667,4.701313352096308,20.0,0,4
2021-02-26,RKT,8.5,9.0,7.0,3.0,79.9748006061327,44.066023656369545,35.90877694976315,6.027950000000001,56.75941828005782,2.5075757575757573,23.464599742640004,90.0,4.0,0.0,48.0,2.0,1.0,565,0.7091705882352942,0.7097162837528268,0.29500891265597146,0.293399915533402,0.47058823529411764,0.0,0.7777777777777778,0.3333333333333333,5.647058823529412,0.23529411764705882,0.11764705882352941,5.184238077219947,4.2245619940897825,8.5,2.2512917986064953,0.01504424778761062,4.394138002641674,216.0,0.03935185185185185,0.9302325581395349,0.26297836027452365,2.1399847727773262,1.9636097261547145,1.6007395366546426,0.03678774928774929,0.47889995604505275,0.11648502697114982,17.25,2.9041650800285006,11.0,0,4
2021-02-26,VIX,2.5833333333333335,5.0,3.0,0.0,25.917805618735866,14.289364781416747,11.628440837319113,0.35596666666666665,4.306824638424949,0.08566433566433568,-4.186871647793168,19.25,0.5,0.75,1.0,0.0,0.0,565,0.13779354838709676,0.16617242608346305,0.03316038799909768,-0.16154421826385243,0.1935483870967742,0.29032258064516125,0.6,0.0,0.3870967741935484,0.0,0.0,5.531367012161321,4.5013319370267535,2.5833333333333335,1.2762934659055623,0.004572271386430678,3.292787986548207,216.0,0.011959876543209878,0.8372093023255814,-0.30839867957367384,2.503709798881691,1.2762934659055623,0.9526959982697898,0.011959876543209878,-0.03831378322226611,-0.08096401245775842,1.4761904761904763,0.9067212808580044,12.0,0,4
2021-02-26,WKHS,3.0,3.0,3.0,0.0,19.487221804879518,9.86609716331757,9.621124641561947,2.2841666666666667,15.07043411758139,1.0,7.606879299438654,3.0,2.0,1.0,0.0,1.0,0.0,565,0.7613888888888889,0.7733495450751127,0.3333333333333333,0.3903521690061496,0.6666666666666666,0.3333333333333333,1.0,0.0,0.0,0.3333333333333333,0.0,3.28869905443919,3.2070415471873157,3.0,1.3862943611198906,0.005309734513274336,3.0198013652043336,216.0,0.013888888888888888,0.8837209302325582,0.3151966609281183,1.4947257758878063,0.6325225587435104,0.8945217755217587,0.005235042735042734,0.5293262418866537,0.11891782039769652,8.875,2.2900063107871858,11.0,0,4
2021-03-01,AMC,25.999999999999996,37.0,27.0,5.0,285.89514892429264,160.74155946191823,125.15358946237448,13.281988888888892,151.82072891172913,10.150876298673783,128.24871921443437,164.25,16.166666666666664,3.0,12.666666666666668,4.666666666666666,0.0,586,0.5108457264957267,0.5310363938771571,0.39041831917976094,0.44858655243708134,0.6217948717948718,0.1153846153846154,0.7297297297297297,0.13513513513513514,0.4871794871794873,0.1794871794871795,0.0,6.182367671612241,4.813599594706711,25.999999999999996,3.295836866004329,0.04436860068259385,5.659116814250058,268.0,0.09701492537313432,0.9903846153846154,0.10167645310128659,-0.02651875949286162,0.22778393087071214,-0.04296220152977259,0.0021075179657269044,0.23538851850642872,-0.01797754360546,81.16785714285714,4.408764193263719,20.0,0,0
2021-03-01,AMD,4.333333333333333,8.0,3.0,1.0,33.93552339096652,17.97375500020935,15.961768390757173,2.1330680555555555,16.827818591094008,0.7981601731601732,4.838017656387622,14.958333333333332,2.083333333333333,1.0,1.0,0.0,0.0,586,0.4922464743589744,0.49587620609893096,0.1841908091908092,0.14256499305018763,0.4807692307692307,0.23076923076923078,0.375,0.125,0.23076923076923078,0.0,0.0,4.147789615432927,3.6834850132516554,4.333333333333333,1.6739764335716716,0.007394766780432309,3.55350417374324,268.0,0.01616915422885572,0.9519230769230769,0.0830772009645343,0.9190641704205222,1.2845116668099483,0.5599670997120656,0.01396456869093685,0.04384184125054452,-0.191701295122298,4.584523809523808,1.7199991664910985,20.0,0,0
2021-03-01,BB,6.75,8.0,7.0,3.0,68.524383168514,39.3972641490954,29.12711901941861,0.6930583333333336,9.981956099373027,2.4916666666666667,25.115364401291142,21.25,3.0,0.5,0.0,0.0,0.0,586,0.10267530864197534,0.14567013430570502,0.3691358024691358,0.36651719052366893,0.4444444444444444,0.07407407407407407,0.875,0.375,0.0,0.0,0.0,5.836631725791911,4.315128743617572,6.75,2.0476928433652555,0.01151877133105802,4.241677527998888,268.0,0.025186567164179104,0.9615384615384616,-0.30649396475246476,-0.14548785114890125,0.6885494713113156,-0.21911039477992844,0.011793710021321962,-0.25881862776855785,-0.03676127069374052,24.71785714285714,3.2471855810796173,20.0,0,0
2021-03-01,BYND,2.75,5.0,3.0,1.0,18.70099918108243,6.748251260547135,11.952747920535296,1.4371583333333333,10.001884792671245,0.17499999999999996,2.0796633164141807,12.75,1.5,0.125,3.0,0.0,0.0,586,0.5226030303030303,0.5348315721434264,0.06363636363636362,0.11120600007928602,0.5454545454545454,0.045454545454545456,0.6,0.2,1.0909090909090908,0.0,0.0,2.4539095492898673,4.346453789285563,2.75,1.3217558399823195,0.00469283276450512,2.9806693543096348,268.0,0.010261194029850746,0.9230769230769231,0.11343375690859026,4.326689840041522,1.3217558399823195,1.1529018012311445,0.010261194029850746,0.4023211784511785,-0.2002525252525253,0.5,0.4054651081081644,8.0,0,0
2021-03-01,GME,140.125,159.0,106.0,13.0,1494.7402514172418,838.0493199414733,656.690931475768,55.10854027777776,583.0011207893788,44.163596468736884,462.2995184948261,938.75,71.66666666666667,15.0,97.16666666666666,40.666666666666664,0.0,586,0.3932812865497075,0.39003507146917654,0.31517285615512497,0.30928418369445504,0.5114481118049361,0.10704727921498662,0.6666666666666666,0.08176100628930817,0.6934284864704132,0.2902170680939637,0.0,5.980726636513636,4.686465166642412,140.125,4.949646022469826,0.2391211604095563,7.310376514727419,268.0,0.5228544776119403,1.0,-0.015887986844732582,0.10827141875673421,0.000632871358381415,0.17293022905765998,-0.12545901445155172,0.11122867460941888,-0.01794920520194826,332.38571428571424,5.809300120825525,20.0,0,0
2021-03-01,NIO,2.0,2.0,2.0,0.0,14.137478108382606,6.0867747269123065,8.0507033814703,1.3514,9.398292249748785,1.1428571428571428,7.5252799842262466,12.0,1.0,0.0,0.0,0.0,0.0,586,0.6757,0.6647785536924162,0.5714285714285714,0.5322929539862025,0.5,0.0,1.0,0.0,0.0,0.0,0.0,3.0433873634561532,4.02535169073515,2.0,1.0986122886681098,0.0034129692832764505,2.717173662693696,268.0,0.007462686567164179,0.8894230769230769,0.2665307266055599,0.3609185536191393,0.9650808960435872,0.24333599046310517,0.006801310905788518,0.24882539385608898,0.3760306497660079,5.8428571428571425,1.9232053553615562,18.0,0,0
2021-03-01,OCGN,2.0,2.0,2.0,0.0,7.67786350067821,4.787491742782046,2.8903717578961645,0.25,0.17328679513998632,0.0,0.0,0.0,0.0,0.0,0.0,0.0,0.0,586,0.125,0.022569663438882358,0.0,0.0,0.0,0.0,1.0,0.0,0.0,0.0,0.0,2.393745871391023,1.4451858789480823,2.0,1.0986122886681098,0.0034129692832764505,2.1607753578998596,268.0,0.007462686567164179,0.8894230769230769,-0.2841692733944401,2.851447351929175,1.0986122886681098,0.9573206268301802,0.007462686567164179,-0.010440833333333316,-0.16666666666666666,1.0,0.6931471805599453,4.0,0,0
2021-03-01,PLTR,11.958333333333332,15.0,11.0,2.0,104.40526483883995,54.06003649973241,50.34522833910755,2.431504166666666,23.711780448546005,5.075396825396826,47.92282286084825,32.0,5.583333333333333,0.0,6.25,0.0,0.0,586,0.2033313588850174,0.22711288061140908,0.42442342790774856,0.459007722788903,0.46689895470383275,0.0,0.7333333333333333,0.13333333333333333,0.5226480836236934,0.0,0.0,4.52069991635393,4.210053937765092,11.958333333333332,2.5617390818312886,0.020406712172923776,4.657812585892388,268.0,0.04462064676616915,0.9807692307692307,-0.20583791450942268,0.42303733440233376,-0.09501782488337085,0.43345961249364384,-0.016721945826423446,-0.20469583393498242,0.03491458843649903,89.14166666666665,4.501382506848244,20.0,0,0
2021-03-01,RKT,11.791666666666668,19.0,14.0,5.0,99.7692063533639,52.60013012411459,47.16907622924929,7.598370833333334,66.64812953415152,2.7812972158560396,26.058657057565057,91.75,4.666666666666666,1.125,31.5,3.0,0.0,586,0.6443848056537103,0.6680230500992089,0.23586972855316235,0.2611893790682283,0.39575971731448756,0.09540636042402825,0.7368421052631579,0.2631578947368421,2.6713780918727914,0.254416961130742,0.0,4.460788420419612,4.000204344529975,11.791666666666668,2.5487939172392515,0.020122298065984076,4.612832816438769,268.0,0.04399875621890548,0.9711538461538461,0.23521553225927017,2.2000596452207906,0.2975021186327562,1.7856770653570742,0.004646904367053624,0.37865564405170404,0.04259539723554212,25.75,3.2865344733420154,12.0,0,0
2021-03-01,SENS,2.0,2.0,2.0,2.0,18.00992595009219,8.89918494333876,9.110741006753429,0.8649333333333333,7.647049560640623,1.0,8.431199478249262,26.0,1.0,0.0,3.0,0.0,0.0,586,0.43246666666666667,0.42460194349669045,0.5,0.4681418181070369,0.5,0.0,1.0,1.0,1.5,0.0,0.0,4.44959247166938,4.5553705033767145,2.0,1.0986122886681098,0.0034129692832764505,2.944961261179347,268.0,0.007462686567164179,0.8894230769230769,0.023297393272226574,1.5513798660377092,1.0986122886681098,0.7434664918851165,0.007462686567164179,0.17378364957264958,0.1914301640388597,2.5,1.252762968495368,9.0,0,0
2021-03-01,SPCE,3.333333333333333,4.0,3.0,3.0,20.969309001216864,9.486052822702613,11.483256178514253,-0.19806666666666667,3.2718332861167183,0.380952380952381,3.3155914416848526,8.0,1.0,0.3333333333333333,0.0,0.0,0.0,586,-0.05942000000000001,0.15602961861675324,0.11428571428571431,0.15811639007715736,0.30000000000000004,0.1,0.75,0.75,0.0,0.0,0.0,2.845815846810784,3.444976853554276,3.333333333333333,1.466337068793427,0.005688282138794084,3.0896464339773115,268.0,0.01243781094527363,0.9326923076923077,-0.4685892733944401,0.6213463995647571,0.7731898882334817,0.6473576710870256,0.007808181315644001,-0.38297212379210993,-0.16714750312344656,2.0,1.0986122886681098,12.0,0,0
2021-03-01,SPY,3.5,5.0,4.0,0.0,28.311532729717513,14.17256008099047,14.138972648727044,0.38211666666666655,2.3688079107180995,-1.8333333333333335,-14.670007412021373,15.5,1.0,2.5,0.5,0.0,0.0,586,0.10917619047619044,0.08366936305895067,-0.5238095238095238,-0.5181636597379569,0.2857142857142857,0.7142857142857143,0.8,0.0,0.14285714285714285,0.0,0.0,4.049302880282991,4.03970647106487,3.5,1.5040773967762742,0.005972696245733789,3.37798104710229,268.0,0.013059701492537313,0.9423076923076923,-0.29999308291824966,0.5095487925607869,1.2809338454620645,0.39838802822528185,0.011902294085129906,-0.04517676762737695,-0.6125677284343074,7.908333333333335,2.1869871682429993,19.0,0,0
2021-03-01,TSLA,2.1666666666666665,4.0,1.0,1.0,18.8363915513173,9.985501377900505,8.850890173416792,1.0305166666666667,8.530841898587015,0.40235690235690236,3.8579743626412664,23.666666666666664,0.6666666666666666,0.0,0.6666666666666666,0.6666666666666666,0.0,586,0.475623076923077,0.45289151456348986,0.18570318570318572,0.20481493773001677,0.3076923076923077,0.0,0.25,0.25,0.3076923076923077,0.3076923076923077,0.0,4.608692943646387,4.0850262338846735,2.1666666666666665,1.1526795099383853,0.0036973833902161544,2.987518207861252,268.0,0.00808457711442786,0.9134615384615384,0.06645380352863689,-0.4675390139873731,0.5728610146854433,-0.3735175483430817,0.004447010976861723,0.18080489745535105,-0.02148527580009371,23.58809523809524,3.20226239239399,19.0,0,0
2021-03-01,UWMC,2.0,2.0,2.0,1.0,11.518390504401287,5.988961416889863,5.529429087511423,1.0090999999999999,5.834526885901015,1.0,6.2766434893416445,2.0,1.0,0.0,1.0,1.0,0.0,586,0.5045499999999999,0.506540118054826,0.5,0.544923658122485,0.5,0.0,1.0,0.5,0.5,0.5,0.0,2.9944807084449314,2.7647145437557117,2.0,1.0986122886681098,0.0034129692832764505,2.527198803446625,268.0,0.007462686567164179,0.8894230769230769,0.09538072660555985,2.0691023037268756,1.0986122886681098,0.8221408342925386,0.007462686567164179,0.27458266666666664,0.4761111111111111,4.5,1.7047480922384253,8.0,0,0
2021-03-02,AAL,2.0,2.0,2.0,0.0,11.804460106737498,3.6635616461296463,8.140898460607852,0.4634333333333333,4.462822257540596,0.6666666666666667,5.99551500448471,4.0,1.0,1.0,1.0,0.0,0.0,360,0.23171666666666665,0.3780623778798152,0.33333333333333337,0.507902517376692,0.5,0.5,1.0,0.0,0.5,0.0,0.0,1.8317808230648231,4.070449230303926,2.0,1.0986122886681098,0.005555555555555556,2.5497935560712857,163.0,0.012269938650306749,0.8703703703703703,-0.0918940208522824,1.7217556940429282,0.9808292530117263,0.740801506754103,0.011803520739858988,0.006485619390202091,0.1010145130648728,5.625,1.890850371872286,11.0,0,1
2021-03-02,AMC,17.041666666666664,24.0,19.0,2.0,136.63290853486578,81.1774064335166,55.45550210134919,5.485583333333333,46.87116406116061,3.990925925925926,36.001961227654206,36.041666666666664,5.541666666666666,1.0,5.666666666666666,1.6666666666666665,0.5,360,0.3218924205378973,0.3430444726952446,0.23418636240152135,0.2634940704527803,0.3251833740831296,0.058679706601467,0.7916666666666666,0.08333333333333333,0.332518337408313,0.097799511002445,0.0293398533007335,4.7634663921867935,3.254112592744207,17.041666666666664,2.892683897654544,0.04733796296296296,4.924590057768693,163.0,0.10455010224948874,0.9629629629629629,-0.0017182669810517637,-0.18750273429171574,-0.4031529683497852,-0.2525031548709715,0.007535176876354424,0.03142220344987795,-0.1673587961487284,91.25119047619047,4.524515187728323,20.0,0,1
2021-03-02,BB,2.5,3.0,2.0,0.0,22.567614828315705,13.092660620985901,9.474954207329807,1.3381166666666666,12.214777214372742,2.1666666666666665,20.178859503604492,4.5,2.5,0.0,2.0,0.0,0.0,360,0.5352466666666666,0.5412524676310407,0.8666666666666666,0.8941511833269137,1.0,0.0,0.6666666666666666,0.0,0.8,0.0,0.0,5.23706424839436,3.7899816829319226,2.5,1.252762968495368,0.006944444444444444,3.159873516592654,163.0,0.015337423312883436,0.9074074074074074,0.2116359791477176,-0.6935623851789374,-0.7949298748698874,-0.7958971785316331,-0.009849143851295669,0.18117845736171873,0.46990829544928736,18.551190476190477,2.9730361785002017,20.0,0,1
2021-03-02,CRM,2.0,2.0,2.0,0.0,13.396438797799831,5.60947179518496,7.786967002614871,0.3887,2.576346478089338,0.2,1.3082059998379807,7.0,0.0,0.0,0.0,0.0,0.0,360,0.19435,0.19231577264492597,0.1,0.09765326588532128,0.0,0.0,1.0,0.0,0.0,0.0,0.0,2.80473589759248,3.8934835013074354,2.0,1.0986122886681098,0.005555555555555556,2.6669808702885107,163.0,0.012269938650306749,0.8703703703703703,-0.12926068751894906,5.5013407470836215,0.8754687373539001,0.9977226062223367,0.011337102829411227,0.0551237777777778,0.0303405017921147,0.75,0.5596157879354227,7.0,0,1
2021-03-02,CRSR,2.0,3.0,2.0,1.0,14.01706419443138,8.176633844547329,5.840430349884052,1.6122333333333332,11.168942927544176,1.5404040404040404,10.712287244651716,18.5,2.0,0.0,1.5,0.0,0.0,360,0.8061166666666666,0.7968104285333379,0.7702020202020202,0.764231874525297,1.0,0.0,0.6666666666666666,0.3333333333333333,0.75,0.0,0.0,4.088316922273664,2.920215174942026,2.0,1.0986122886681098,0.005555555555555556,2.70918716747301,163.0,0.012269938650306749,0.8703703703703703,0.48250597914771753,0.08265700555832961,0.287682072451781,0.05523998226374327,0.007605759545829137,0.4608337091635436,0.4280746353746655,3.25,1.4469189829363254,17.0,0,1
2021-03-02,GME,68.29166666666667,81.0,61.0,6.0,607.572096642345,355.3729789260413,252.19911771630362,26.225133333333336,228.26949341540765,26.79884121325298,217.58094201491187,288.0416666666667,34.541666666666664,5.75,50.66666666666667,22.666666666666664,1.5,360,0.38401659548505185,0.37570766445151843,0.3924174430250589,0.3581154289628177,0.5057962172056131,0.08419768151311775,0.7530864197530864,0.07407407407407407,0.7419158023184869,0.33190970103721773,0.02196461256863941,5.203753199649171,3.6929706071941957,68.29166666666667,4.238324648844982,0.18969907407407408,6.411115387976611,163.0,0.4189672801635992,1.0,0.06040590796610279,-0.27223346486579403,-0.7113213736248447,-0.37651199247237255,-0.10388719744834107,0.09331767333918528,0.06750974483677424,392.2190476190476,5.974366829671039,20.0,0,1
2021-03-02,NOK,4.166666666666666,6.0,5.0,2.0,28.656489523412503,14.922870965110455,13.733618558302044,1.6093166666666667,13.018255326544816,2.4259259259259256,17.194174497641825,14.166666666666666,3.1666666666666665,0.0,2.6666666666666665,0.6666666666666666,0.0,360,0.3862360000000001,0.4542864650573767,0.5822222222222222,0.6000097982550896,0.7600000000000001,0.0,0.8333333333333334,0.3333333333333333,0.64,0.16,0.0,3.58148903162651,3.296068453992491,4.166666666666666,1.642227735257091,0.011574074074074072,3.389680972436384,163.0,0.025562372188139056,0.9259259259259259,0.06262531248105102,0.07989924551261685,0.6931471805599452,0.09226305473685992,0.01965441198913408,0.004806411852180836,0.1811223206025237,8.416666666666666,2.24248116892434,18.0,0,1
2021-03-02,PLTR,7.25,9.0,6.0,1.0,59.457482869343906,33.28546905794305,26.172013811400863,3.4737499999999994,30.601011405004485,3.0712454212454214,27.683401061030754,35.0,4.75,0.5,4.5,0.0,0.0,360,0.47913793103448266,0.5146704826413409,0.4236200581028168,0.46559995016715094,0.6551724137931034,0.06896551724137931,0.6666666666666666,0.1111111111111111,0.6206896551724138,0.0,0.0,4.591099180405937,3.609932939503567,7.25,2.1102132003465894,0.02013888888888889,4.1019403554933005,163.0,0.04447852760736196,0.9444444444444444,0.1555272435155336,0.01744827092092584,-0.4515258814846992,0.017359161297267445,-0.00014211915880718573,0.0724014214888648,0.04453422538056956,52.724999999999994,3.983878442528574,20.0,0,1
2021-03-02,RKT,33.5,39.0,37.0,7.0,331.61036356332687,187.85602970504053,143.75433385828651,18.064866666666664,179.71221973407143,13.066969619388972,134.73476801720537,144.0,18.25,2.75,54.5,2.0,0.0,360,0.539249751243781,0.5419378869917381,0.390058794608626,0.40630445493141343,0.5447761194029851,0.08208955223880597,0.9487179487179487,0.1794871794871795,1.626865671641791,0.05970149253731343,0.0,5.607642677762404,4.291174145023478,33.5,3.5409593240373143,0.09305555555555556,5.806971725513698,163.0,0.20552147239263804,0.9814814814814815,0.215639063724832,3.0009456755377606,0.9921654067980628,2.7073744904525925,0.16152271617373257,0.2324513493590894,0.20613943624710118,28.708333333333336,3.39142759006635,12.0,0,1
2021-03-03,AMC,14.575,22.0,15.0,3.0,125.31889945096937,68.88068050252254,56.43821894844686,6.0669575,51.27374490214174,5.185714285714285,47.815942485461385,77.975,7.075,1.5,5.0,4.0,0.0,580,0.4162578044596913,0.4091461473630515,0.3557951482479784,0.38155412068687394,0.4854202401372213,0.10291595197255575,0.6818181818181818,0.13636363636363635,0.3430531732418525,0.274442538593482,0.0,4.725947204289711,3.8722620204766285,14.575,2.745667064673517,0.025129310344827585,4.838809657520021,346.0,0.042124277456647395,0.9701492537313433,0.021778354895387375,-0.22698449842232007,-0.14701683298102708,-0.28620962862876764,-0.062425824792841346,0.1304986183127138,-0.03209737854346373,95.0095238095238,4.564447392896418,20.0,0,2
2021-03-03,AMRS,2.0,2.0,2.0,1.0,14.784653668222656,7.9355873855892,6.849066282633458,1.1942,8.725618156782097,0.0,0.0,0.0,0.0,0.0,0.0,0.0,0.0,580,0.5971,0.5901807612535743,0.0,0.0,0.0,0.0,1.0,0.5,0.0,0.0,0.0,3.9677936927946,3.424533141316729,2.0,1.0986122886681098,0.0034482758620689655,2.7590381812068663,346.0,0.005780346820809248,0.8432835820895522,0.20262055043569605,6.864560989051151,1.0986122886681098,1.0639549296401125,0.005780346820809248,0.55885,-0.05,0.0,0.0,1.0,0,2
2021-03-03,BB,3.158333333333333,6.0,4.0,2.0,27.828662324421522,15.877759860102806,11.950902464318714,1.9836825,18.03922511654814,1.9916666666666665,17.759479916370232,6.308333333333333,2.158333333333333,0.0,2.3333333333333335,0.0,0.0,580,0.6280788918205805,0.6482246579533758,0.6306068601583114,0.6381722451957418,0.683377308707124,0.0,0.6666666666666666,0.3333333333333333,0.7387862796833774,0.0,0.0,5.027259058607749,3.783926901631255,3.158333333333333,1.4251143529694728,0.005445402298850575,3.3613701118371764,346.0,0.009128131021194604,0.9104477611940298,0.2335994422562766,-0.45795841269017734,0.1723513844741047,-0.47047409301039234,-0.006209292291688831,0.2700120937951509,0.21924327670841515,17.93452380952381,2.940986912345885,20.0,0,2
2021-03-03,F,2.0,2.0,2.0,2.0,14.22870571213435,7.064759027791801,7.163946684342547,1.673,11.88857382679181,1.0,7.038783541388542,4.0,1.0,0.0,4.0,0.0,0.0,580,0.8365,0.8355344517845458,0.5,0.49468895371037247,0.5,0.0,1.0,1.0,2.0,0.0,0.0,3.5323795138959007,3.5819733421712736,2.0,1.0986122886681098,0.0034482758620689655,2.723182180507539,346.0,0.005780346820809248,0.8432835820895522,0.4420205504356961,3.1336091837113456,1.0986122886681098,0.9112211891807405,0.005780346820809248,0.5253252777777778,0.2901960784313725,0.6428571428571428,0.49643688631389105,8.0,0,2
2021-03-03,GM,2.583333333333333,4.0,2.0,1.0,17.733695480652365,8.323214888839868,9.410480591812501,0.9359944444444444,6.8924260610996155,-0.2692307692307693,-1.9650563379927706,8.833333333333332,0.3333333333333333,1.0,2.333333333333333,0.0,0.0,580,0.3623204301075269,0.3886627053351243,-0.10421836228287844,-0.1108091847035868,0.12903225806451613,0.38709677419354843,0.5,0.25,0.9032258064516129,0.0,0.0,3.2218896343896266,3.6427666807016137,2.583333333333333,1.276293465905562,0.004454022988505746,2.9303237997521023,346.0,0.0074662813102119455,0.8955223880597015,-0.032159019456777016,1.131150122967572,1.1585104302491787,0.5920762710873794,0.006699410144567774,-0.027013205320984945,-0.43510883185885213,5.601190476190476,1.8872500079471082,19.0,0,2
2021-03-03,GME,84.30833333333335,116.0,89.0,26.0,770.7721527919947,437.64734505766364,333.12480773433094,30.67509583333333,267.9621389427878,42.71845264940063,400.5766811846288,336.275,52.97500000000001,6.25,73.16666666666667,19.5,0.5,580,0.36384417317386564,0.3476541517128496,0.5066931222623381,0.5197082947711668,0.6283483246021547,0.0741326480181872,0.7672413793103449,0.22413793103448276,0.8678461994662447,0.23129386181674405,0.005930611841454976,5.1910330539606235,3.9512678588632704,84.30833333333335,4.446272144137725,0.14535919540229889,6.648689367592255,346.0,0.24366570327552992,0.9850746268656716,-0.030635276390438282,-0.026836371110674013,0.2079474952927436,-0.03415736917305434,-0.17530157688806927,0.07044906182023208,0.1819438053305697,424.6107142857143,6.0535251122540625,20.0,0,2
2021-03-03,NIO,2.0,2.0,2.0,0.0,14.822380295266852,8.196987927258895,6.625392368007956,0.04979999999999998,0.3889007153472761,0.5,3.7604367724384344,5.0,1.0,1.0,0.0,0.0,0.0,580,0.02489999999999999,0.026237399634892758,0.25,0.25369992521641305,0.5,0.5,1.0,0.0,0.0,0.0,0.0,4.098493963629448,3.312696184003978,2.0,1.0986122886681098,0.0034482758620689655,2.7614254121633914,346.0,0.005780346820809248,0.8432835820895522,-0.36957944956430394,0.551703796133872,0.4265185173059969,0.3200648300920411,-9.899878246273468e-05,-0.38529393220809577,0.07086094936977577,4.601190476190476,1.7229791601821207,18.0,0,2
2021-03-03,NOK,2.325,4.0,3.0,2.0,16.1920502998555,8.028587295080461,8.16346300477504,0.9235325000000001,6.880536389157509,0.15833333333333333,1.7848442817560675,2.475,0.325,0.0,0.0,0.0,0.0,580,0.3972182795698925,0.4249329925326944,0.06810035842293906,0.1102296650950989,0.13978494623655913,0.0,0.75,0.5,0.0,0.0,0.0,3.4531558258410584,3.51116688377421,2.325,1.2014696741078175,0.0040086206896551724,2.8444470851069563,346.0,0.0067196531791907516,0.8805970149253731,0.002738830005588555,-0.23143743007391632,-0.44075806114927363,-0.23375319370597247,-0.018842719008948305,0.013254579442598224,-0.33542498866110365,9.583333333333332,2.359280436670591,18.0,0,2
2021-03-03,PLTR,12.333333333333334,14.0,13.0,2.0,95.30864853347121,51.451803825848316,43.85684470762291,3.188988888888889,27.035390098865395,4.516666666666667,33.28480284085155,14.333333333333332,5.833333333333334,1.0,4.5,2.0,0.0,580,0.25856666666666667,0.2836614569072491,0.3662162162162162,0.34923171562087924,0.47297297297297297,0.08108108108108107,0.9285714285714286,0.14285714285714285,0.36486486486486486,0.16216216216216214,0.0,4.171767877771485,3.5559603816991547,12.333333333333334,2.5902671654458267,0.021264367816091954,4.567558123011138,346.0,0.03564547206165703,0.9552238805970149,-0.13591278289763725,0.5229036418441118,0.48005396509923726,0.5176527004264395,-0.008833055545704932,-0.151363237475641,-0.0028509652170354838,50.825,3.9478726583218435,20.0,0,2
2021-03-03,QQQ,2.0,3.0,3.0,1.0,13.612033975406261,6.882319113795258,6.729714861611002,0.06611666666666649,0.36940374779929464,-0.26190476190476186,-1.7005180827325204,10.0,0.5,1.0,0.0,0.0,0.0,580,0.033058333333333245,0.02713802716528038,-0.13095238095238093,-0.124927552032632,0.25,0.5,1.0,0.3333333333333333,0.0,0.0,0.0,3.441159556897629,3.364857430805501,2.0,1.0986122886681098,0.0034482758620689655,2.6818454341018536,346.0,0.005780346820809248,0.8432835820895522,-0.3614211162309707,2.252524283578699,1.0986122886681098,0.8733908578587818,0.005780346820809248,-0.0479198683261184,-0.1351381553056194,3.0,1.3862943611198906,8.0,0,2
2021-03-03,RKT,163.99166666666667,194.0,172.0,56.0,1222.5081762537448,626.6766555250321,595.8315207287121,77.25116583333336,570.9406688700327,60.89076337960609,402.4414330250845,410.14166666666665,79.90833333333333,13.75,124.66666666666666,13.5,0.5,580,0.47106763046902805,0.4670240084770834,0.37130400963223387,0.3291932445460827,0.4872706946491183,0.08384572386808273,0.8865979381443299,0.28865979381443296,0.7602012297372833,0.08232125616139031,0.0030489354133848264,3.8213932955436682,3.6333036479214114,163.99166666666667,5.1058949675746526,0.28274425287356325,7.109477565536118,346.0,0.4739643545279384,1.0,0.07658818090472413,3.806223435212643,1.5649356435373383,4.129919526816062,0.2684428821353003,0.16816840768881397,0.18454837820694442,55.708333333333336,4.037921172303521,12.0,0,2
2021-03-03,TSLA,3.825,8.0,3.0,3.0,29.12203633442437,15.499325997597834,13.622710336826536,2.296151388888889,17.963737734837693,2.291666666666667,18.967283770286564,21.275,2.6583333333333337,0.16666666666666666,11.0,1.0,0.0,580,0.6003010167029775,0.6168434627493149,0.599128540305011,0.6513034855281,0.6949891067538126,0.04357298474945533,0.375,0.375,2.8758169934640523,0.26143790849673204,0.0,4.0521113719210025,3.5614928985167413,3.825,1.5738107347909494,0.0065948275862068965,3.4052570080310236,346.0,0.011054913294797688,0.9253731343283582,0.2058215671386736,0.3037829537409517,1.0883029190092486,0.22510233992664874,0.007220557466576828,0.2822726494960215,0.3834374419627804,15.970238095238095,2.831461109509413,19.0,0,2
2021-03-03,UWMC,9.666666666666666,14.0,13.0,6.0,91.95723037926015,52.126849622170816,39.830380757089344,4.508900000000001,42.26491211672969,3.941798941798942,41.57133374230672,26.333333333333332,4.833333333333334,0.0,6.5,0.0,0.0,580,0.46643793103448283,0.45961488773004666,0.4077723043240285,0.45207248598999383,0.5000000000000001,0.0,0.9285714285714286,0.42857142857142855,0.6724137931034483,0.0,0.0,5.392432719534912,4.120384216250622,9.666666666666666,2.367123614131617,0.016666666666666666,4.532139498977103,346.0,0.0279383429672447,0.9402985074626866,0.07195848147017891,4.716973164104384,1.6739764335716716,2.0357215453226405,0.021803373642091325,0.18152476436781617,0.30888341543513964,4.0,1.6094379124341003,9.0,0,2
2021-03-04,AMC,12.188095238095237,23.0,9.0,4.0,106.18765564125822,59.90242034718908,46.285235294069125,5.2473647619047625,47.33925290163122,3.9995684940642926,36.68647175839203,55.95238095238095,5.402380952380953,1.3333333333333333,8.6,5.342857142857143,0.14285714285714285,477,0.4305319789021294,0.44580749632105066,0.3281536955473731,0.34548716173123467,0.44325063488962696,0.1093963664778277,0.391304347826087,0.17391304347826086,0.7056065637819887,0.4383668685290097,0.01172103926548154,4.914830346907485,3.797577422056854,12.188095238095237,2.5793145467556897,0.02555156234401517,4.674581089405929,277.0,0.044000343819838396,0.9550561797752809,0.05725127262773272,-0.304197397330596,-0.16635251791782713,-0.3719086655939261,0.0018760663631910007,0.1458580556804555,-0.04761646597554903,99.60833333333333,4.611235090550341,20.0,0,3
2021-03-04,AMD,4.05952380952381,7.0,3.0,1.0,22.666839929940267,10.826157363907525,11.840682566032736,1.6952757936507936,9.270985626171285,1.0465811965811964,5.084404790974043,23.869047619047617,2.5833333333333335,0.3333333333333333,7.0,2.0,0.0,477,0.4176045943304007,0.4090109452762927,0.2578088578088577,0.2243102614519342,0.6363636363636362,0.08211143695014661,0.42857142857142855,0.14285714285714285,1.724340175953079,0.49266862170087966,0.0,2.666854013396575,2.9167663799024917,4.05952380952381,1.6212723700811034,0.008510532095437758,3.164074909329799,277.0,0.014655320611999315,0.9213483146067416,0.04432388805600401,1.1101726686314386,0.7049816382069483,0.6301448715287317,0.01032006049639238,-0.033184844953928816,-0.10378134244066145,7.3095238095238075,2.1174023039190586,19.0,0,3
2021-03-04,ASO,2.8333333333333335,4.0,4.0,1.0,23.399692894304618,13.243366594735129,10.15632629956949,1.7595611111111111,14.507869245063539,1.0,7.470837716781319,11.666666666666666,1.3333333333333333,1.0,5.0,0.0,0.0,477,0.621021568627451,0.6200025492041689,0.3529411764705882,0.31927075925854087,0.4705882352941176,0.3529411764705882,1.0,0.25,1.7647058823529411,0.0,0.0,4.674129386377104,3.584585752789231,2.8333333333333335,1.3437347467010947,0.005939902166317261,3.194570545920957,277.0,0.01022864019253911,0.898876404494382,0.24774086235305426,6.06710464225566,0.7841189587656721,1.2608233428709181,0.008061010134735643,0.5368710130718954,0.3140522875816993,0.75,0.5596157879354227,3.0,0,3
2021-03-04,BNGO,2.0,2.0,1.0,0.0,12.060306715237308,6.9363427358340495,5.123963979403259,0.6463666666666666,3.913091066966384,1.0,7.22402480828583,1.0,1.0,0.0,0.0,0.0,0.0,477,0.3231833333333333,0.3244603275323406,0.5,0.5989917983726573,0.5,0.0,0.5,0.0,0.0,0.0,0.0,3.4681713679170247,2.5619819897016294,2.0,1.0986122886681098,0.0041928721174004195,2.569577608659598,277.0,0.007220216606498195,0.8314606741573034,-0.05009737294106337,3.2087956891133573,1.0986122886681098,0.9499493177830132,0.007220216606498195,0.23578666666666667,0.35333333333333333,0.0,0.0,5.0,0,3
2021-03-04,GME,70.43809523809524,97.0,57.0,16.0,661.2901464601536,379.46556873590026,281.82457772425323,25.631367539682547,242.53054247642189,28.589476176680947,253.70698963943042,422.5357142857143,39.73571428571429,8.166666666666668,66.1,20.426190476190474,2.892857142857143,477,0.3638850178024158,0.36675360093398235,0.4058808813617495,0.3836545743158411,0.5641224986479177,0.11594104921579233,0.5876288659793815,0.16494845360824742,0.9384126554894536,0.28998783126014055,0.04106949702541914,5.387220756796853,4.001024967691534,70.43809523809524,4.268831273812113,0.1476689627633024,6.495703747621167,277.0,0.25428915248409834,1.0,-0.009395688471980912,-0.11278718809437244,-0.1774408703256123,-0.13845903689137273,0.01062344920856842,0.07017953799303944,0.07515032021411466,480.752380952381,6.177430249580926,20.0,0,3
2021-03-04,NCLH,2.5,3.0,3.0,1.0,13.53560765497042,6.6523424670991425,6.883265187871277,1.3392833333333334,6.836269581059359,1.1666666666666667,5.890837277203772,7.5,1.5,0.0,1.0,1.0,0.0,477,0.5357133333333334,0.5050581957839926,0.4666666666666667,0.4352104040959398,0.6,0.0,1.0,0.3333333333333333,0.4,0.4,0.0,2.660936986839657,2.753306075148511,2.5,1.252762968495368,0.005241090146750524,2.676601339464493,277.0,0.009025270758122744,0.8764044943820225,0.16243262705893668,4.086289960396168,0.8472978603872037,1.0860193909978437,0.007580184052920431,0.3770436030701755,0.2930006835269993,1.7678571428571428,1.0180734261840974,7.0,0,3
2021-03-04,OCGN,2.1666666666666665,3.0,3.0,1.0,16.505001315159266,9.805625301874963,6.699376013284302,0.714238888888889,4.424114223162232,0.0,0.0,0.0,0.0,0.0,0.0,0.0,0.0,477,0.32964871794871803,0.26804688704258617,0.0,0.0,0.0,0.0,1.0,0.3333333333333333,0.0,0.0,0.0,4.5256732162499835,3.0920196984389086,2.1666666666666665,1.1526795099383853,0.004542278127183787,2.8624866295371185,277.0,0.007821901323706377,0.8651685393258427,-0.04363198832567866,2.5395285007024104,0.45953232937844,0.9420731300444611,0.004931727913301752,0.18000871794871803,-0.16666666666666666,4.0,1.6094379124341003,6.0,0,3
2021-03-04,PLTR,15.75,17.0,15.0,5.0,138.97342907144258,80.23899441697984,58.73443465446274,6.5187583333333325,54.68795666842355,8.473809523809525,74.3184307727335,26.25,8.75,0.0,9.0,1.0,0.0,477,0.4138894179894179,0.3935137603916351,0.5380196523053666,0.5347671944867127,0.5555555555555556,0.0,0.8823529411764706,0.29411764705882354,0.5714285714285714,0.06349206349206349,0.0,5.094539328062212,3.7291704542516024,15.75,2.8183982582710754,0.0330188679245283,4.941452612249619,277.0,0.05685920577617329,0.9662921348314607,0.04060871171502123,0.6967545040501274,0.22813109282524868,0.6833483583433217,0.021213733714516257,0.0171722424606795,0.1671397637275494,52.45833333333333,3.9789025342676907,20.0,0,3
2021-03-04,PRPL,2.0,2.0,1.0,0.0,13.22587258043997,4.127134385045092,9.09873819539488,0.9863666666666667,7.21633456922475,2.0,13.22587258043997,13.0,2.0,0.0,0.0,0.0,0.0,477,0.49318333333333336,0.5456225685931031,1.0,1.0,1.0,0.0,0.5,0.0,0.0,0.0,0.0,2.063567192522546,4.54936909769744,2.0,1.0986122886681098,0.0041928721174004195,2.655062319462549,277.0,0.007220216606498195,0.8314606741573034,0.11990262705893667,2.4081520421348843,1.0986122886681098,0.82082496887667,0.007220216606498195,0.35121805555555563,0.8821071936319614,0.5,0.4054651081081644,11.0,0,3
2021-03-04,RIG,2.0,2.0,2.0,1.0,9.948699895357676,3.4339872044851463,6.51471269087253,-0.03509999999999999,-0.6214848790270218,-0.3333333333333333,-2.243274690163158,11.0,0.0,1.0,0.0,0.0,0.0,477,-0.017549999999999996,-0.06246895429190933,-0.16666666666666666,-0.22548420534927674,0.0,0.5,1.0,0.5,0.0,0.0,0.0,1.7169936022425731,3.257356345436265,2.0,1.0986122886681098,0.0041928721174004195,2.393220718195861,277.0,0.007220216606498195,0.8314606741573034,-0.3908307062743967,8.0,1.0986122886681098,1.0842281850455207,0.007220216606498195,-0.007709999999999998,-0.16666666666666666,0.0,0.0,1.0,0,3
2021-03-04,RKT,56.72023809523809,80.0,53.0,23.0,475.3459795798593,238.92378665340598,236.4221929264535,24.32486468253969,211.33632506619736,21.632609401017188,173.40371813288886,277.20238095238096,30.476190476190474,5.833333333333333,68.71428571428572,5.833333333333333,1.1428571428571428,477,0.42885688599713173,0.4445947460268617,0.38139137153645586,0.36479475073325324,0.5373071675936615,0.10284395004722427,0.6625,0.2875,1.211459754433834,0.10284395004722427,0.020149018784762305,4.2123198822302665,4.168215805608583,56.72023809523809,4.055607858901287,0.11891035240091842,6.166144438062294,277.0,0.20476620250988478,0.9887640449438202,0.05557617972273504,2.0193022089092385,-1.0502871086733654,2.8243376697639646,-0.26919815201805364,0.10240428169346627,0.17607053962955468,218.11666666666667,5.3896043124745034,13.0,0,3
2021-03-04,SKT,7.319047619047619,12.0,12.0,8.0,60.33839283917914,35.077159870562824,25.261232968616305,4.411437777777778,36.21648286072135,3.6129406850459485,31.131458637984625,40.33333333333333,4.3428571428571425,0.0,16.48095238095238,0.2,0.14285714285714285,477,0.6027338538278031,0.6002228623697304,0.4936353570980151,0.5159477601758433,0.5933636955107352,0.0,1.0,0.6666666666666666,2.251789199739753,0.027325959661678598,0.01951854261548471,4.792585278346254,3.451437165523373,7.319047619047619,2.1185477794165877,0.015343915343915344,4.116405957481741,277.0,0.026422554581399346,0.9325842696629213,0.2294531475534064,7.468889898131697,1.307617563200259,1.99368132092726,0.022809837818393568,0.5093985204944698,0.4610712545339125,2.25,1.1786549963416462,5.0,0,3
2021-03-04,SNDL,2.125,3.0,2.0,2.0,16.705842602481468,8.331420162435416,8.374422440046052,0.7242999999999999,5.646072172375229,1.3333333333333333,10.379642224249132,11.5,2.0,0.0,0.0,0.0,0.0,477,0.3408470588235294,0.3379699130851722,0.6274509803921569,0.6213180903971495,0.9411764705882353,0.0,0.6666666666666666,0.6666666666666666,0.0,0.0,0.0,3.9206683117343135,3.94090467766873,2.125,1.1394342831883648,0.004454926624737945,2.8738946756475645,277.0,0.007671480144404332,0.8539325842696629,-0.0324336474508673,0.24960750509932345,0.29213642280116126,0.1809440531574943,0.003817915597198166,0.11405142850570552,0.493744057489747,3.6999999999999993,1.5475625087160128,18.0,0,3
2021-03-04,SPY,3.8511904761904763,9.0,2.0,3.0,23.31785998204936,10.310618121131577,13.00724186091778,1.1547630952380952,8.049592191591763,0.5042735042735043,2.4647702946688064,27.392857142857142,2.392857142857143,1.3333333333333333,7.5,1.0,0.0,477,0.2998457496136012,0.34521144726782516,0.13093964253160542,0.10570310897167429,0.6213292117465223,0.3462132921174652,0.2222222222222222,0.3333333333333333,1.947449768160742,0.2596599690880989,0.0,2.6772547826122177,3.3774600195273368,3.8511904761904763,1.5792241338376038,0.008073774583208546,3.1912110590670983,277.0,0.013903214715489083,0.9101123595505618,-0.07343495666079547,1.195274337401872,0.8860769532776586,0.6517260779788159,0.011013041305084459,0.14551216236442305,0.08163337545210092,7.750000000000001,2.169053700369523,19.0,0,3
2021-03-04,TSLA,8.619047619047619,13.0,7.0,3.0,51.41394215435515,24.971410941679757,26.442531212675387,2.198676984126984,11.448927130222618,2.0391156462585034,1.1544278552645935,15.619047619047619,3.9761904761904763,2.0,1.7857142857142856,1.1428571428571428,0.0,477,0.2550951197053407,0.22268137105399546,0.2365824782951855,0.022453595404117534,0.4613259668508288,0.23204419889502764,0.5384615384615384,0.23076923076923078,0.20718232044198895,0.13259668508287292,0.0,2.8972355236203033,3.067917986001012,8.619047619047619,2.2637452596777816,0.018069282220225615,3.959172627584212,277.0,0.03111569537562317,0.9438202247191011,-0.11818558656905598,1.1994074596356803,0.6899345248868323,0.8813205087518223,0.020060782080825484,-0.06530339357485948,0.0053907352506295525,13.277380952380954,2.658676533394362,19.0,0,3
2021-03-04,UWMC,26.25,34.0,31.0,14.0,269.008261140518,151.9501254742621,117.05813566625586,11.323944444444445,119.05868949630715,8.880555555555555,94.19607546221482,61.0,10.75,1.0,16.833333333333332,2.833333333333333,0.0,477,0.4313883597883598,0.442583766727209,0.3383068783068783,0.3501605306203253,0.4095238095238095,0.0380952380952381,0.9117647058823529,0.4117647058823529,0.6412698412698412,0.10793650793650793,0.0,5.788576208543319,4.4593575491907,26.25,3.305053521109253,0.055031446540880505,5.598452555347035,277.0,0.09476534296028881,0.9775280898876404,0.05810765351396313,4.608650287794873,0.9379299069776361,2.8552952715936954,0.06682699999304412,0.12315329656996898,0.21902937420178795,12.666666666666666,2.614959778036198,10.0,0,3
2021-03-04,XL,2.7,4.0,3.0,1.0,16.656687262437117,8.361505116071918,8.295182146365198,-0.0353033333333333,-0.4826810337386429,-0.7761904761904762,-5.664250117160827,5.7,0.5,1.2,0.0,0.0,0.0,477,-0.013075308641975295,-0.028978213142486508,-0.2874779541446208,-0.3400586219766765,0.18518518518518517,0.4444444444444444,0.75,0.25,0.0,0.0,0.0,3.0968537466933026,3.072289683838962,2.7,1.308332819650179,0.0056603773584905665,2.871114593346232,277.0,0.009747292418772565,0.8876404494382022,-0.386356014916372,3.00611214148373,1.308332819650179,1.132383798784252,0.009747292418772565,-0.11068518959435626,-0.413668430335097,0.125,0.11778303565638346,5.0,0,3
2021-03-05,AAPL,2.642857142857143,4.0,3.0,0.0,18.322973220906256,8.57640681759081,9.746566403315445,0.5138547619047619,4.269717828406884,1.1785714285714286,7.719238074087284,3.571428571428571,1.5,0.14285714285714285,0.0,0.0,0.0,427,0.19443153153153153,0.23302538168506387,0.44594594594594594,0.42128741776906276,0.5675675675675675,0.05405405405405405,0.75,0.0,0.0,0.0,0.0,3.2451269039532793,3.687889990443682,2.642857142857143,1.292768303109067,0.006189360990297758,2.961294710365643,213.0,0.012407780013413815,0.8552631578947368,-0.17851873844747856,1.3765163101849163,0.40301712646952437,0.6800728815458745,0.007228993697443385,-0.038763796007110274,0.15021275071898965,7.277380952380952,2.1135266082616586,16.0,0,4
2021-03-05,AMC,13.366666666666667,21.0,13.0,2.0,131.4004924263143,72.78416007950825,58.616332346806026,4.038140555555556,39.37151417467492,4.04764939309057,36.4463385632164,87.08333333333333,6.75,1.0,7.5,0.25,0.0,427,0.30210527847049046,0.2996298830215828,0.3028166628247309,0.2773683560101914,0.5049875311720698,0.07481296758104738,0.6190476190476191,0.09523809523809523,0.5610972568578554,0.018703241895261846,0.0,5.445199008442014,4.385261771581498,13.366666666666667,2.6649107084415924,0.03130366900858704,4.885831362727973,213.0,0.06275430359937402,0.9736842105263158,-0.07084499150851964,-0.14797362089809957,0.08559616168590267,-0.16697890412443916,0.018753959779535624,0.010981006644960434,-0.06555771074201083,90.3047619047619,4.514202942919473,20.0,0,4
2021-03-05,AMD,2.0,2.0,0.0,0.0,12.212074597725808,6.431331081933479,5.780743515792329,0.46086666666666665,2.8289595439062647,0.0,-0.16034265007517945,7.0,1.0,1.0,0.0,0.0,0.0,427,0.23043333333333332,0.23165265829878628,0.0,-0.013129845284849409,0.5,0.5,0.0,0.0,0.0,0.0,0.0,3.2156655409667394,2.8903717578961645,2.0,1.0986122886681098,0.00468384074941452,2.5811311537225494,213.0,0.009389671361502348,0.8026315789473685,-0.14251693664567677,0.1263612769104013,-0.5226600814129936,0.0738751993465403,-0.005265649250496968,-0.23090370408856875,-0.3637066493319125,10.369047619047617,2.4308945416374166,19.0,0,4
2021-03-05,ASO,2.6666666666666665,4.0,4.0,2.0,22.787811889638085,12.751600278298536,10.036211611339553,1.6383444444444444,13.5025900602236,1.768421052631579,14.447666674759173,30.666666666666664,2.6666666666666665,0.0,14.666666666666666,0.0,0.0,427,0.6143791666666667,0.5925356118269259,0.6631578947368422,0.6340085105463203,1.0,0.0,1.0,0.5,5.5,0.0,0.0,4.7818501043619515,3.7635793542523324,2.6666666666666665,1.2992829841302609,0.00624512099921936,3.1691733440292436,213.0,0.012519561815336462,0.868421052631579,0.2414288966876566,3.2936189339918513,-0.04445176257083383,1.1491848429650295,0.0022909216227973515,0.4991775326797386,0.6066219470244238,3.5833333333333335,1.5224265354444706,4.0,0,4
2021-03-05,BB,5.333333333333333,7.0,5.0,3.0,42.869942449656065,24.21081217707107,18.65913027258499,2.9789666666666665,24.263684540309686,3.25,24.831604861161722,20.166666666666664,3.833333333333333,0.5,3.3333333333333335,0.3333333333333333,0.0,427,0.55855625,0.565983604218819,0.609375,0.5792311219060416,0.71875,0.09375,0.7142857142857143,0.42857142857142855,0.6250000000000001,0.0625,0.0,4.539527283200826,3.4985869261096854,5.333333333333333,1.8458266904983307,0.01249024199843872,3.7812294033390144,213.0,0.025039123630672924,0.9078947368421053,0.18560598002098988,0.18941346496359526,1.2475136126092243,0.17896109303759733,0.02208227302039271,0.17905846921197133,0.19764542345472735,16.120238095238093,2.84026127804902,20.0,0,4
2021-03-05,BNGO,2.0,2.0,2.0,1.0,13.558065374953042,6.893656354602635,6.664409020350408,-0.3412,-2.3401423898708136,0.0,0.0,0.0,0.0,0.0,0.0,0.0,1.0,427,-0.1706,-0.17260149771765787,0.0,0.0,0.0,0.0,1.0,0.5,0.0,0.0,0.5,3.4468281773013176,3.332204510175204,2.0,1.0986122886681098,0.00468384074941452,2.678145161340815,213.0,0.009389671361502348,0.8026315789473685,-0.5435502699790101,2.474746968348541,0.0,0.8950187033496076,0.0021694547550041524,-0.2741558333333333,-0.17166666666666666,2.0,1.0986122886681098,6.0,0,4
2021-03-05,CRSR,2.0,2.0,2.0,1.0,16.041730672141746,8.13739583005665,7.904334842085095,-0.2169666666666667,-1.678741482218932,1.0,8.091933455979893,4.0,1.0,0.0,0.0,0.0,0.0,427,-0.10848333333333335,-0.10464840212872129,0.5,0.5044302027855658,0.5,0.0,1.0,0.5,0.0,0.0,0.0,4.068697915028325,3.9521674210425477,2.0,1.0986122886681098,0.00468384074941452,2.8356650815103017,213.0,0.009389671361502348,0.8026315789473685,-0.4814336033123434,0.30614961036043703,0.4054651081081645,0.17988734000293716,0.00577956305825325,-0.4904887624391919,0.12357236134572191,5.25,1.8325814637483102,17.0,0,4
2021-03-05,FUBO,2.142857142857143,3.0,2.0,1.0,12.399541613297668,6.166726269366826,6.232815343930842,0.9467523809523809,5.589350487265652,2.071428571428571,11.86273128678478,6.142857142857142,2.142857142857143,0.0,0.0,0.0,0.0,427,0.44181777777777775,0.45077073504648374,0.9666666666666666,0.9567072442470619,1.0,0.0,0.6666666666666666,0.3333333333333333,0.0,0.0,0.0,2.877805592371186,2.9086471605010593,2.142857142857143,1.1451323043030026,0.005018400802944128,2.5952204984088993,213.0,0.01006036217303823,0.8355263157894737,0.06886750779876766,2.4722475895786853,0.2288415724288475,0.9133246912916839,0.004645199718164583,0.2898261749249249,0.8134318597476491,2.1166666666666667,1.136764054632486,7.0,0,4
2021-03-05,GME,72.84285714285716,94.0,66.0,7.0,682.3036624844992,391.7210042437209,290.58265824077813,24.78145087301587,226.89292598973796,28.632875979517912,259.44881175667945,348.6547619047619,39.08333333333333,4.642857142857142,58.66666666666667,29.083333333333332,0.0,427,0.3402042677213396,0.3325395105802947,0.3930773325291731,0.3802541683741492,0.5365431130286983,0.06373798784075307,0.7021276595744681,0.07446808510638298,0.8053866771262338,0.3992612930639994,0.0,5.3776172380977565,3.9891716173474143,72.84285714285716,4.30193928314668,0.17059217129474744,6.526939361767244,213.0,0.34198524480214626,1.0,-0.03274600225767049,-0.0009888532687730583,0.03310800933456726,-0.0011262903607107688,0.08769609231804792,0.04466635323507351,0.06451470458448982,503.19880952380953,6.222970653632051,20.0,0,4
2021-03-05,NIO,2.142857142857143,4.0,1.0,0.0,17.725337222066894,8.727574860296931,8.997762361769965,-0.36861190476190486,-4.960619157783428,1.2006302521008403,11.527032534458002,18.071428571428573,2.0,0.14285714285714285,0.5,0.5,0.0,427,-0.17201888888888894,-0.27986035445394963,0.5602941176470588,0.6503138637107335,0.9333333333333333,0.06666666666666667,0.25,0.0,0.23333333333333334,0.23333333333333334,0.0,4.072868268138568,4.198955768825984,2.142857142857143,1.1451323043030026,0.005018400802944128,2.929877538430273,213.0,0.01006036217303823,0.8355263157894737,-0.5449691588678991,0.6369321337885012,0.5435523172685478,0.3710763244082814,0.007082022822857724,-0.5481709006100642,0.3975610869228545,5.926190476190476,1.9353099472177875,18.0,0,4
2021-03-05,NOK,3.333333333333333,4.0,4.0,2.0,24.16154642970382,12.74785778213845,11.41368864756537,2.4422666666666664,17.36838756498909,1.8333333333333333,12.989194607216396,20.666666666666664,2.333333333333333,0.0,6.333333333333333,3.3333333333333335,0.0,427,0.73268,0.7188442021093762,0.55,0.5375978166384122,0.7,0.0,1.0,0.5,1.9000000000000001,1.0000000000000002,0.0,3.8243573346415354,3.4241065942696114,3.333333333333333,1.466337068793427,0.007806401249024199,3.2253168937631234,213.0,0.015649452269170576,0.881578947368421,0.3597297300209899,0.22656428348883478,0.4944764857644611,0.2032287351998492,0.009718560056689916,0.31206901550451405,0.13686156167231822,11.051190476190476,2.489163449761392,18.0,0,4
2021-03-05,PLTR,12.319047619047618,16.0,13.0,0.0,98.80273086962643,52.792544642399335,46.010186227227095,6.028537777777778,47.61936672908102,5.801904761904762,48.380814741968585,13.404761904761903,5.833333333333333,0.14285714285714285,3.0,1.0,0.0,427,0.4893671949491046,0.48196407437276606,0.47097023579435643,0.48967082504843634,0.4735214534209509,0.011596443757247778,0.8125,0.0,0.24352531890220336,0.08117510630073445,0.0,4.285440423233035,3.7348817579117477,12.319047619047618,2.589195162484491,0.028850228616036575,4.603195546366157,213.0,0.05783590431477755,0.9605263157894737,0.11641692497009448,0.41457417115900347,-0.2292030957865845,0.41099479429367625,0.0009766985386042634,0.09173209613994288,0.08738954780300207,60.541666666666664,4.119714452183434,20.0,0,4
2021-03-05,RKT,26.833333333333332,39.0,25.0,15.0,193.87186221131373,90.42055145887804,103.4513107524356,11.920813888888889,83.79740229595761,3.6284159210242795,32.13207550985983,144.58333333333331,9.5,4.25,10.916666666666666,7.583333333333333,0.0,427,0.444253933747412,0.4322308629017103,0.1352204691064949,0.16573872630798256,0.35403726708074534,0.15838509316770186,0.6410256410256411,0.38461538461538464,0.40683229813664595,0.2826086956521739,0.0,3.3697099922563245,3.855328351022445,26.833333333333332,3.3262343431887,0.06284153005464481,5.272342225702774,213.0,0.12597809076682315,0.9868421052631579,0.07130366376840191,1.2606047641133542,-0.7293735157125871,1.8921837611063128,-0.07878811174306163,0.09635848514388995,-0.08916993137722906,274.50357142857143,5.618600591952035,14.0,0,4
2021-03-05,SPY,6.0,7.0,5.0,2.0,44.11991952574448,24.16716088305749,19.95275864268699,1.2149666666666668,4.841597428157741,0.9067990832696715,-2.4276643999517447,39.0,4.0,2.0,0.0,0.0,0.0,427,0.20249444444444445,0.10973722255618834,0.15113318054494526,-0.05502422547564201,0.6666666666666666,0.3333333333333333,0.7142857142857143,0.2857142857142857,0.0,0.0,0.0,4.0278601471762485,3.3254597737811653,6.0,1.9459101490553132,0.01405152224824356,3.8093238236275853,213.0,0.028169014084507043,0.9210526315789473,-0.17045582553456565,1.7468685644361044,0.3666860152177094,0.985927684435854,0.01426579936901796,0.035730308845020986,0.10407910318151059,9.601190476190478,2.360966303886403,19.0,0,4
2021-03-05,TSLA,6.619047619047619,10.0,9.0,2.0,55.67430365453282,30.327507551541963,25.346796102990858,1.9601071428571426,17.145199498563002,2.8666666666666663,23.768806220682976,17.380952380952383,3.142857142857143,0.14285714285714285,4.5,1.0,0.0,427,0.29613129496402874,0.30795534695775395,0.43309352517985605,0.42692597231519747,0.47482014388489213,0.02158273381294964,0.9,0.2,0.6798561151079137,0.1510791366906475,0.0,4.581853658866052,3.829372073113727,6.619047619047619,2.030651377510404,0.015501282480205197,4.037320909675549,213.0,0.031075340934495863,0.9342105263157895,-0.07681897501498136,0.8934222748286897,-0.2330938821673776,0.6520093169063936,-4.035444112730768e-05,-0.021976033560697772,0.20544036864631574,16.021428571428572,2.834473054489438,19.0,0,4
2021-03-05,UWMC,10.583333333333334,16.0,15.0,6.0,98.20028830176928,54.58436877212576,43.61591952964349,6.119647222222222,56.476064115443016,4.398993808049536,41.73028744616349,32.916666666666664,5.666666666666666,1.0,5.25,2.583333333333333,0.0,427,0.5782343832020996,0.5751109807528486,0.415652958240901,0.42495076305607576,0.5354330708661417,0.09448818897637795,0.9375,0.375,0.4960629921259842,0.24409448818897633,0.0,5.157578151696922,4.121189246895447,10.583333333333334,2.4495672833426916,0.024785323965651834,4.597140920554439,213.0,0.04968701095461659,0.9473684210526315,0.20528411322308954,2.085879402899925,-0.8554862377665615,1.8345563577716715,-0.04507833200567222,0.24842990199429082,0.27946011022046674,38.916666666666664,3.686793947622915,11.0,0,4
2021-03-05,XL,4.0,4.0,3.0,1.0,20.909413066513405,10.280553186122594,10.62885988039081,0.5820333333333334,3.9569810991939427,-2.25,-11.952268485051725,10.0,0.0,3.0,0.0,0.0,0.0,427,0.14550833333333335,0.18924400635286506,-0.5625,-0.5716214246201573,0.0,0.75,0.75,0.25,0.0,0.0,0.0,2.5701382965306485,2.6572149700977024,4.0,1.6094379124341003,0.00936768149882904,3.0869163648648725,213.0,0.018779342723004695,0.8947368421052632,-0.22744193664567675,3.0345209188586444,0.3011050927839214,1.3680722505856644,0.00903205030423213,0.04855221781305116,-0.6743165784832451,2.825,1.3415584672784993,6.0,0,4
2021-03-08,AMC,23.876190476190473,33.0,25.0,4.0,217.79112331900237,118.42175777927125,99.36936553973109,8.564158412698413,76.33898672222588,7.905815668442442,72.23354618668455,173.21190476190478,12.700000000000001,3.5,14.0,9.0,0.0,697,0.35869032043611226,0.3505146837890673,0.3311171301102738,0.3316643262860757,0.5319106501794976,0.14658954926206624,0.7575757575757576,0.12121212121212122,0.586358197048265,0.3769445552453132,0.0,4.959826313052845,4.161860144264765,23.876190476190473,3.2139111402387983,0.03425565348090455,5.388117499884822,313.0,0.07628175870987372,0.9904761904761905,-0.02517813701294408,0.46824409858076305,0.5490004317972059,0.48526691677834677,0.0135274551104997,0.07140710733234829,-0.025464972254161167,83.17142857142856,4.432855535533162,20.0,0,0
2021-03-08,AMD,2.5,3.0,2.0,1.0,17.75246133117429,9.381431360184775,8.371029970989513,1.0533000000000001,7.728582386807467,0.375,2.7531409709055272,8.0,1.0,0.5,0.0,0.0,0.0,697,0.42132000000000003,0.43535272335648784,0.15,0.15508502846705893,0.4,0.2,0.6666666666666666,0.3333333333333333,0.0,0.0,0.0,3.75257254407391,3.3484119883958052,2.5,1.252762968495368,0.003586800573888092,2.931325014797099,313.0,0.007987220447284345,0.8285714285714286,0.037451542550943684,0.3875227336566532,0.15415067982725827,0.2266173353254637,-0.001402450914218003,-0.034459646117554366,-0.1802415636929138,11.892857142857142,2.556673448157677,19.0,0,0
2021-03-08,ARKK,2.833333333333333,6.0,2.0,0.0,22.443931869796792,11.4241670036227,11.01976486617409,0.6623111111111112,5.299267643491848,0.5666666666666667,2.904896898992153,19.833333333333332,0.8333333333333333,0.0,1.0,0.0,1.5,697,0.23375686274509808,0.23611137630582316,0.2,0.12942905529406484,0.29411764705882354,0.0,0.3333333333333333,0.0,0.35294117647058826,0.0,0.5294117647058824,4.032058942455071,3.889328776296738,2.833333333333333,1.3437347467010947,0.004065040650406504,3.1546116925272436,313.0,0.009052183173588923,0.8571428571428571,-0.15011159470395827,2.471026746898646,0.49643688631389116,1.0417261449059834,0.002792402265920692,-0.007268775552774248,0.08921630379077189,2.7,1.308332819650179,11.0,0,0
2021-03-08,ASO,4.476190476190476,6.0,5.0,2.0,29.549606554286882,16.814012719329362,12.735593834957523,1.954931746031746,13.699401090524711,-1.4329670329670332,-7.671132293339959,14.761904761904761,1.0,3.3333333333333335,4.0,0.0,0.0,697,0.4367400709219858,0.46360688645234377,-0.3201309328968904,-0.25960184204980813,0.22340425531914893,0.7446808510638298,0.8333333333333334,0.3333333333333333,0.8936170212765957,0.0,0.0,3.7563219904884746,2.8451858567458297,4.476190476190476,1.7004096906398272,0.006422081027532964,3.4193518067879256,313.0,0.01430092803894721,0.9238095238095239,0.05287161347292946,3.4476058109686925,0.4011267065095663,1.4853474002680829,0.0017813662236107475,0.29081947860172436,-0.4098247753461508,6.25,1.9810014688665833,5.0,0,0
2021-03-08,BB,5.783333333333333,12.0,6.0,5.0,53.84613042870971,29.793292109281587,24.05283831942811,1.9447733333333335,19.392051625202406,1.0988505747126436,11.550175538465695,27.549999999999997,1.45,0.0,6.666666666666666,0.0,1.5,697,0.3362720461095101,0.36013825823337053,0.19000298121832454,0.21450335328659692,0.2507204610951009,0.0,0.5,0.4166666666666667,1.1527377521613833,0.0,0.25936599423631124,5.15157788633111,4.158992216615811,5.783333333333333,1.9144686232204944,0.008297465327594452,4.004531635986646,313.0,0.01847710330138445,0.9428571428571428,-0.04759641133954623,0.35813033018602974,0.06864193272216368,0.31417964846810764,-0.006562020329288473,-0.048315652568898027,-0.22102047489600973,18.560714285714283,2.9735231816144716,20.0,0,0
2021-03-08,BP,2.783333333333333,6.0,0.0,1.0,23.845431284954266,12.62332875652441,11.222102528429854,1.1570855555555557,9.910512972930693,0.4277777777777778,1.9090794289412227,12.35,1.5333333333333332,1.25,0.4,0.0,0.0,697,0.4157193612774452,0.41561475045259183,0.1536926147704591,0.08006059551314525,0.5508982035928144,0.44910179640718567,0.0,0.16666666666666666,0.14371257485029942,0.0,0.0,4.535327696954878,4.031893123986774,2.783333333333333,1.3306054552593019,0.003993304638928742,3.212673883927738,313.0,0.008892438764643237,0.8476190476190476,0.031850903828388843,2.7107167711910103,1.1074619039450921,1.0174038139173949,0.007718729844455444,0.18571736632795022,-0.1058301125022682,1.7500000000000002,1.01160091167848,11.0,0,0
2021-03-08,CRSR,3.5,4.0,4.0,1.0,25.3849732261448,13.627607312443045,11.757365913701758,2.5167333333333337,19.23449216048887,0.875,6.940852910144219,20.0,1.0,0.5,4.0,0.0,0.0,697,0.7190666666666667,0.7577117371421391,0.25,0.2734236844888854,0.2857142857142857,0.14285714285714285,1.0,0.25,1.1428571428571428,0.0,0.0,3.8936020892694416,3.359247403914788,3.5,1.5040773967762742,0.005021520803443328,3.272794652119379,313.0,0.011182108626198083,0.9047619047619048,0.3351982092176104,1.2859805753146412,0.4054651081081644,0.6429864236080207,0.001792437264695735,0.3740566787372787,-0.14417273669349379,7.25,2.1102132003465894,17.0,0,0
2021-03-08,DASH,3.25,5.0,4.0,4.0,29.763624554622076,14.956931556840773,14.806692997781303,0.9466,9.461252911790044,-2.1964285714285716,-21.648592014369356,8.5,0.0,2.25,0.0,0.0,0.0,697,0.29126153846153846,0.31787972914477514,-0.6758241758241759,-0.7273506616991473,0.0,0.6923076923076923,0.8,0.8,0.0,0.0,0.0,4.602132786720238,4.555905537778862,3.25,1.4469189829363254,0.004662840746054519,3.4263329710708663,313.0,0.010383386581469648,0.8904761904761904,-0.09260691898751788,3.1205468776486356,0.7537718023763801,1.1678147059523913,0.005688550900718474,0.26326931623931626,-0.6997743922743923,4.625,1.7272209480904839,8.0,0,0
2021-03-08,GILD,3.0,3.0,3.0,3.0,17.107513714315267,7.878155336503324,9.229358377811945,1.0930666666666666,6.793133614045091,1.0,5.8971538676367405,4.0,1.0,0.0,0.0,0.0,0.0,697,0.36435555555555554,0.39708479721169043,0.3333333333333333,0.3447113336347704,0.3333333333333333,0.0,1.0,1.0,0.0,0.0,0.0,2.6260517788344413,3.0764527926039817,3.0,1.3862943611198906,0.00430416068866571,2.8963269744702007,313.0,0.009584664536741214,0.8714285714285714,-0.0195129018935008,8.0,0.6931471805599453,1.3516370020918933,0.00488982885599004,0.32877388888888887,0.3261904761904762,1.0,0.6931471805599453,1.0,0,0
2021-03-08,GM,2.0,2.0,1.0,2.0,15.648884027992793,8.227108234348146,7.421775793644647,0.8078,7.138802127101371,-0.2,-1.3411278189720006,15.0,0.0,0.0,0.0,0.0,0.0,697,0.4039,0.45618602031502375,-0.1,-0.08570117949452404,0.0,0.0,0.5,1.0,0.0,0.0,0.0,4.113554117174073,3.7108878968223236,2.0,1.0986122886681098,0.0028694404591104736,2.812343188834376,313.0,0.006389776357827476,0.8,0.020031542550943637,0.8476232547599704,1.0986122886681098,0.46268436232386956,0.006389776357827476,0.0632329449028094,-0.3920679857226044,4.408333333333333,1.687940973922044,18.0,0,0
2021-03-08,GME,135.75119047619046,159.0,107.0,24.0,1393.8159050861325,799.6340224040683,594.1818826820636,50.14883424603175,511.71413871403416,45.69347656531783,494.20188089862734,787.1869047619049,75.98333333333333,19.0,78.5,17.166666666666664,2.5,697,0.3694172704498485,0.367131797568641,0.3365972438623443,0.3545675430272031,0.559724987064921,0.1399619401741632,0.6729559748427673,0.1509433962264151,0.5782638054564111,0.12645684068367374,0.018416044759758315,5.890438379207562,4.376992058764139,135.75119047619046,4.918163146757364,0.19476497916239663,7.240517717866774,313.0,0.4337098737258481,1.0,-0.014451186999207832,0.6550149420967895,0.616223863610684,0.6994392805574643,0.09172462892370187,0.07310197291963744,0.01018619238624291,436.0059523809524,6.079946816011869,20.0,0,0
2021-03-08,NIO,4.833333333333333,6.0,5.0,1.0,42.99054616793549,21.416533173176195,21.574012994759293,1.6035055555555555,10.676338062851066,1.1666666666666665,10.135828320352655,19.5,2.0,0.5,0.0,0.0,0.0,697,0.33175977011494256,0.24834153120887809,0.24137931034482757,0.2357687729939208,0.4137931034482759,0.10344827586206898,0.8333333333333334,0.16666666666666666,0.0,0.0,0.0,4.431006863415765,4.46358889546744,4.833333333333333,1.7635885922613586,0.006934481109516977,3.783974751012935,313.0,0.015441959531416399,0.9333333333333333,-0.05210868733411378,1.856923375981429,0.6184562879583559,1.0175134017634084,0.005381597358378169,-0.005954260124751254,0.08322416633086288,7.926190476190476,2.188989705458498,18.0,0,0
2021-03-08,PLTR,18.876190476190477,27.0,20.0,6.0,167.39089541722151,91.44647175655716,75.94442366066438,7.933211428571429,76.57396263896713,3.7939033189033187,39.36410808405364,52.978571428571435,5.9595238095238106,1.25,7.4,0.6666666666666666,0.5,697,0.4202760847628658,0.45745595928683375,0.2009888236553221,0.2351627786322468,0.31571644803229065,0.0662209889001009,0.7407407407407407,0.2222222222222222,0.3920282542885974,0.035317860746720484,0.026488395560040363,4.84454063291549,4.023291869005933,18.876190476190477,2.9895225569196775,0.027082052333128374,5.12628803512825,313.0,0.06030731781530504,0.9809523809523809,0.036407627313809476,0.7783518068517546,0.4003273944351866,0.7021356860100467,0.002471413500527486,0.019932626206248916,-0.1561403761257501,59.61071428571428,4.104471680842016,20.0,0,0
2021-03-08,RKT,14.351190476190476,23.0,16.0,6.0,116.62821522545126,59.18076839898386,57.44744682646741,6.732441468253968,54.906485455061876,7.040067690929758,55.365339811240936,67.2202380952381,8.583333333333332,1.8333333333333333,19.0,0.0,0.0,697,0.46912076593391394,0.47078218035767283,0.49055635507100764,0.47471651438903956,0.5980920779759435,0.12774782248029862,0.6956521739130435,0.2608695652173913,1.323931978432186,0.0,0.0,4.123753252189667,4.002974312254884,14.351190476190476,2.7311930264780857,0.020589943294390928,4.767528932073525,313.0,0.045850448805720374,0.9714285714285714,0.0852523084848576,0.7449796492537701,-0.5950413167106143,1.1308307272362634,-0.08012764196110278,0.0990126206430213,0.25940493113195895,292.83690476190475,5.683024867702544,15.0,0,0
2021-03-08,SAVA,2.0,2.0,2.0,1.0,12.353802757554508,6.579251212010101,5.7745515455444085,1.3219,7.7892419872891985,0.0,0.0,0.0,0.0,0.0,0.0,0.0,0.0,697,0.66095,0.6305137082204083,0.0,0.0,0.0,0.0,1.0,0.5,0.0,0.0,0.0,3.2896256060050506,2.8872757727722043,2.0,1.0986122886681098,0.0028694404591104736,2.591801195037132,313.0,0.006389776357827476,0.8,0.2770815425509437,2.325961243689833,1.0986122886681098,0.9145867284459388,0.006389776357827476,0.6005421212121212,-0.05454545454545454,0.0,0.0,4.0,0,0
2021-03-08,SPCE,2.1666666666666665,4.0,4.0,0.0,24.125644665905458,13.185503540176123,10.940141125729335,0.24195,2.418654379015573,-0.2857142857142857,-4.2191614223692255,9.0,0.3333333333333333,1.5,0.0,0.6666666666666666,0.0,697,0.11166923076923077,0.1002524248578374,-0.13186813186813187,-0.17488284689576714,0.15384615384615385,0.6923076923076924,1.0,0.0,0.0,0.3076923076923077,0.0,6.085617018542827,5.04929590418277,2.1666666666666665,1.1526795099383853,0.0031085604973696795,3.223889024394566,313.0,0.006922257720979765,0.819047619047619,-0.27219922667982555,0.7100412265150993,1.1526795099383853,0.5882655957498362,0.006922257720979765,-0.17390279594957012,-0.36018013866910303,3.533333333333333,1.5114575040738967,10.0,0,0
2021-03-08,SPY,4.416666666666666,8.0,2.0,0.0,37.39653227750404,20.42148367744337,16.975048600060674,1.0610666666666666,8.386660896654478,0.16547619047619055,-1.0335416615148918,31.333333333333332,1.0,0.75,0.0,0.0,1.0,697,0.24024150943396227,0.22426306360227657,0.03746630727762806,-0.027637366316358183,0.22641509433962267,0.169811320754717,0.25,0.0,0.0,0.0,0.22641509433962267,4.623732153383405,3.843407230202417,4.416666666666666,1.6894806201076367,0.006336681013868962,3.6479671502425823,313.0,0.014110756123535675,0.9142857142857143,-0.14362694801509407,1.1122449868073596,-0.25642952894767657,0.6716255160536253,-0.014058257960971368,0.10732626272342771,0.007807214987526394,15.351190476190478,2.794300706692015,19.0,0,0
2021-03-08,TSLA,10.926190476190477,18.0,11.0,2.0,99.25366870627786,53.27035983380126,45.98330887247661,2.6693292063492065,24.384041985564945,1.7468031968031967,22.424592605661438,49.11190476190477,3.926190476190476,1.5,2.4,0.5,1.0,697,0.24430557129367325,0.2456739615109324,0.159873031740541,0.2259321282321836,0.35933754630638476,0.13728481150577465,0.6111111111111112,0.1111111111111111,0.21965569840923946,0.04576160383525822,0.09152320767051644,4.8754742057521305,4.208539927313178,10.926190476190477,2.478736862080203,0.015676026508164242,4.6077036610909206,313.0,0.03490795679294082,0.9619047619047619,-0.1395628861553831,1.425264175036438,0.4480854845697988,1.0332195916286695,0.0038326158584449585,-0.06928457197925464,-0.05307116468835574,21.854761904761904,3.1291594940861227,19.0,0,0
2021-03-08,UWMC,6.0,6.0,6.0,1.0,56.52163715091841,31.470073072976938,25.051564077941464,2.244866666666667,20.470415813802568,2.8,25.77730043701091,14.0,3.0,0.0,4.0,0.0,0.0,697,0.37414444444444445,0.3621695486127643,0.4666666666666666,0.4560607536576293,0.5,0.0,1.0,0.16666666666666666,0.6666666666666666,0.0,0.0,5.24501217882949,4.175260679656911,6.0,1.9459101490553132,0.00860832137733142,4.052161175297706,313.0,0.019169329073482427,0.9523809523809523,-0.009724013004611898,1.2938416346723938,-0.5036571342873783,1.2542353959108663,-0.030517681881134164,0.051004910743197296,0.2819133929564096,49.5,3.9219733362813143,11.0,0,0
2021-03-08,VIAC,2.0,2.0,2.0,0.0,11.44336100158432,6.049733455231958,5.393627546352361,0.3505666666666667,0.4581572619799541,1.0,4.477336814478207,9.0,1.0,0.0,8.0,0.0,0.0,697,0.17528333333333335,0.04003694910232429,0.5,0.39126064570175884,0.5,0.0,1.0,0.0,4.0,0.0,0.0,3.024866727615979,2.6968137731761805,2.0,1.0986122886681098,0.0028694404591104736,2.5211872277960383,313.0,0.006389776357827476,0.8,-0.208585124115723,1.9739864535762335,1.0986122886681098,0.7933726270473606,0.006389776357827476,-0.01789899999999997,0.42613053613053614,2.0,1.0986122886681098,8.0,0,0
2021-03-08,XL,3.25,4.0,3.0,3.0,22.70040996650778,11.321744222357164,11.378665744150616,-0.36143333333333333,-2.3233683320792218,-2.1785714285714284,-14.644502042901015,15.25,0.0,3.25,0.0,0.0,0.0,697,-0.1112102564102564,-0.10234917939839513,-0.6703296703296703,-0.6451205975798471,0.0,1.0,0.75,0.75,0.0,0.0,0.0,3.4836136068791275,3.5011279212771127,3.25,1.4469189829363254,0.004662840746054519,3.165492346156359,313.0,0.010383386581469648,0.8904761904761904,-0.49507871385931274,2.3585242659338332,-0.1625189294977749,1.1852800656824813,-0.008395956141535047,-0.19420274097815765,-0.7361641059557725,6.825,2.057323736426217,6.0,0,0
2021-03-08,XLE,3.0,3.0,1.0,0.0,26.454459566796395,14.160376043943508,12.294083522852887,0.6194333333333333,5.4123938476655145,1.2,13.690052158424379,11.0,1.0,0.0,0.0,0.0,0.0,697,0.20647777777777776,0.20459287153454972,0.39999999999999997,0.5174950606667119,0.3333333333333333,0.0,0.3333333333333333,0.0,0.0,0.0,0.0,4.72012534798117,4.098027840950962,3.0,1.3862943611198906,0.00430416068866571,3.3125286162098853,313.0,0.009584664536741214,0.8714285714285714,-0.17739067967127858,8.0,1.3862943611198906,1.360753079931591,0.009584664536741214,0.19020444444444443,0.345,0.3333333333333333,0.2876820724517809,2.0,0,0
2021-03-08,XOM,2.7,7.0,1.0,1.0,20.552082299873238,10.546252375927706,10.005829923945532,1.2367474999999999,9.398227081070825,1.2621212121212122,9.378078932671606,7.7,1.825,0.25,1.0,1.0,0.0,697,0.45805462962962956,0.45728831482583115,0.4674523007856341,0.4563079689851888,0.6759259259259258,0.09259259259259259,0.14285714285714285,0.14285714285714285,0.37037037037037035,0.37037037037037035,0.0,3.906019398491743,3.705862934794641,2.7,1.308332819650179,0.0038737446197991392,3.0704724383259565,313.0,0.008626198083067093,0.8380952380952381,0.07418617218057322,3.4831314314781974,1.308332819650179,1.0502186774649092,0.008626198083067093,0.15538024354186114,0.2609159464064841,1.1666666666666667,0.7731898882334818,10.0,0,0
2021-03-09,AMC,6.583333333333333,9.0,7.0,1.0,55.56235790936259,31.073749456859378,24.48860845250321,1.9424583333333336,19.32102502736077,0.9083333333333334,14.301970618299862,29.333333333333332,3.583333333333333,1.0,1.75,0.5,0.0,342,0.2950569620253165,0.3477358728885957,0.1379746835443038,0.25740395397960414,0.5443037974683544,0.1518987341772152,0.7777777777777778,0.1111111111111111,0.2658227848101266,0.0759493670886076,0.0,4.7200632086368675,3.7197886256966903,6.583333333333333,2.02595285672885,0.0192495126705653,4.035343709357322,134.0,0.049129353233830844,0.9347826086956522,-0.15073356104584046,-0.6962781166281584,-1.1879582835099485,-0.6021623534481724,-0.027152405476042876,0.004158123692939497,-0.20973100387836485,81.04761904761904,4.407299798804506,20.0,0,1
2021-03-09,ASO,6.333333333333333,7.0,6.0,2.0,52.78868355319264,30.52643738717883,22.262246166013814,4.279733333333334,35.84943842354171,0.7142857142857143,7.573077161328601,16.0,2.0,1.0,6.0,0.0,0.0,342,0.6757473684210527,0.6791121886458475,0.11278195488721805,0.14346023904342248,0.31578947368421056,0.15789473684210528,0.8571428571428571,0.2857142857142857,0.9473684210526316,0.0,0.0,4.819963797975605,3.515091499896918,6.333333333333333,1.992430164690206,0.018518518518518517,3.985063102165113,134.0,0.0472636815920398,0.9130434782608695,0.2299568453498957,3.223474682290136,0.2920204740503789,1.7270047488144675,0.03296275355309259,0.5299431058880253,0.08909465908280216,10.726190476190476,2.461824842328775,5.0,0,1
2021-03-09,BB,3.3333333333333335,6.0,5.0,4.0,30.195343366360554,16.296372382578145,13.898970983782405,1.7899083333333334,17.45715409164241,2.795238095238095,27.23872271493597,19.083333333333332,3.0833333333333335,0.25,7.25,0.0,0.0,342,0.5369725,0.5781406053189889,0.8385714285714285,0.9020835558797309,0.925,0.075,0.8333333333333334,0.6666666666666666,2.175,0.0,0.0,4.888911714773443,4.169691295134721,3.3333333333333335,1.4663370687934272,0.009746588693957116,3.440268832598199,134.0,0.024875621890547265,0.8695652173913043,0.091181976928843,-0.08357164977919265,-0.4481315544270672,-0.06592828467992673,0.006398518589162815,0.14467703316831637,0.44512409553672344,17.59404761904762,2.922841509020363,20.0,0,1
2021-03-09,DASH,2.5,3.0,3.0,3.0,22.528990441996662,11.687729828897469,10.841260613099193,1.0397,9.347160355860028,-1.9545454545454546,-17.61268317051914,8.5,0.0,2.0,0.0,0.0,1.5,342,0.41588,0.41489477213483267,-0.7818181818181819,-0.7817786250060743,0.0,0.8,1.0,1.0,0.0,0.0,0.6,4.675091931558987,4.336504245239677,2.5,1.252762968495368,0.007309941520467836,3.158233296676306,134.0,0.018656716417910446,0.8260869565217391,-0.029910523071156936,2.0043023963766338,-0.19415601444095731,0.9013127423646177,0.008273329836440798,0.3733247008547009,-0.7719771894771895,6.75,2.0476928433652555,9.0,0,1
2021-03-09,GME,65.94999999999999,72.0,59.0,8.0,660.2996776702632,396.007229599178,264.29244807108546,27.404851666666666,272.3996419815671,28.225532363688288,275.88810820436163,240.9,34.91666666666667,3.0,50.25,10.5,0.5,342,0.41553982815264096,0.4125394138350564,0.4279838114281773,0.4178225698636992,0.5294414960828913,0.04548900682335103,0.8194444444444444,0.1111111111111111,0.7619408642911297,0.1592115238817286,0.007581501137225172,6.004658523111115,4.007466991221918,65.94999999999999,4.203946072137182,0.1928362573099415,6.494207107262175,134.0,0.4921641791044775,1.0,-0.030250694918516008,0.07472669188895603,-0.7142170746201826,0.06930473901259049,0.05845430537862939,0.11292596902064894,0.1061896052509127,431.63214285714287,6.06988781232402,20.0,0,1
2021-03-09,PLTR,7.333333333333333,8.0,8.0,0.0,61.62591818407405,31.992645562874568,29.633272621199488,1.485088888888889,13.612533762713163,3.8333333333333335,32.671626693312,11.333333333333334,4.333333333333334,0.0,0.0,0.0,0.0,342,0.20251212121212123,0.2208897516472386,0.5227272727272728,0.5301604853289684,0.590909090909091,0.0,1.0,0.0,0.0,0.0,0.0,4.3626334858465325,4.040900811981748,7.333333333333333,2.120263536200091,0.021442495126705652,4.1371792209194895,134.0,0.05472636815920398,0.9782608695652174,-0.24327840185903574,-0.2731585461853437,-0.8692590207195865,-0.24386288642186793,-0.005580949656101057,-0.19541580994135307,0.18422883480911978,66.52857142857144,4.212550788743878,20.0,0,1
2021-03-09,RKT,6.95,9.0,6.0,1.0,53.434653159637,27.07137162030701,26.363281539329993,4.017485,29.509745520225053,2.929761904761905,17.107371915455452,15.4,4.25,1.5,5.75,1.5,0.0,342,0.5780553956834532,0.5522585770710282,0.42154847550531005,0.32015500997726826,0.6115107913669064,0.2158273381294964,0.6666666666666666,0.1111111111111111,0.8273381294964028,0.2158273381294964,0.0,3.8951613842168356,3.7932779193280566,6.95,2.0731719286662407,0.020321637426900584,3.99700095767028,134.0,0.051865671641791046,0.9565217391304348,0.13226487261229625,0.2258286924291452,-0.658021097811845,0.3362499781005144,0.006015222836070672,0.18449121209586483,0.16586923381271096,295.3964285714286,5.6916978439951835,16.0,0,1
2021-03-09,TSLA,3.0833333333333335,5.0,3.0,1.0,26.631833912277038,14.354864377926056,12.276969534350982,1.429352777777778,12.95963107215348,0.25000000000000006,1.3069370481748028,6.083333333333333,1.5,1.5833333333333333,0.5,0.0,0.0,342,0.4635738738738739,0.48662180437296904,0.0810810810810811,0.04907424146905319,0.48648648648648646,0.5135135135135135,0.6,0.2,0.16216216216216214,0.0,0.0,4.65563169013818,3.9817198489786967,3.0833333333333335,1.4069136483226263,0.009015594541910333,3.3189685106840665,134.0,0.02300995024875622,0.8478260869565217,0.017783350802716924,-0.08741212961973163,-1.0718232137575765,-0.06590404461525456,-0.0118980065441846,0.15757420897091207,-0.11761467545791339,30.614285714285714,3.4536090980016905,19.0,0,1
2021-03-09,UWMC,3.75,5.0,5.0,2.0,34.92638112802614,19.047188031157216,15.879193096868919,0.9763583333333334,8.881594931554385,-1.0416666666666667,-9.04315037546218,6.0,0.25,1.5,1.75,0.5,0.0,342,0.2603622222222223,0.2542947378085927,-0.2777777777777778,-0.2589203371031659,0.06666666666666667,0.4,1.0,0.4,0.4666666666666667,0.13333333333333333,0.0,5.079250141641924,4.234451492498378,3.75,1.55814461804655,0.010964912280701754,3.5814718759867517,134.0,0.027985074626865673,0.8913043478260869,-0.1854283008489347,0.7740801150841938,-0.3877655310087633,0.7691743574493373,0.008815745553383245,-0.08148453370124709,-0.4858643848213682,53.5,3.9982007016691985,12.0,0,1
2021-03-09,VIAC,2.0,2.0,2.0,0.0,12.521525514927312,6.992096427415888,5.5294290875114225,0.7087,4.654461354520859,1.0,5.4116460518550396,1.0,1.0,0.0,0.0,0.0,0.0,342,0.35435,0.3717167967251376,0.5,0.4321874395738477,0.5,0.0,1.0,0.0,0.0,0.0,0.0,3.496048213707944,2.7647145437557112,2.0,1.0986122886681098,0.005847953216374269,2.6042828981938753,134.0,0.014925373134328358,0.7934782608695652,-0.09144052307115696,1.709542968299478,0.0,0.738442012613955,0.008535596776500882,0.15240350000000003,0.4011305361305361,3.0,1.3862943611198906,9.0,0,1
2021-03-09,WKHS,2.0,2.0,2.0,1.0,7.832014180505469,2.4849066497880004,5.347107530717469,1.1199666666666668,3.5103008510675817,0.26666666666666666,-0.461591973374047,8.0,1.0,1.0,3.0,0.0,0.0,342,0.5599833333333334,0.4481989907276995,0.13333333333333333,-0.05893655996218541,0.5,0.5,1.0,0.5,1.5,0.0,0.0,1.2424533248940002,2.6735537653587347,2.0,1.0986122886681098,0.005847953216374269,2.1783830951160446,134.0,0.014925373134328358,0.7934782608695652,0.11419281026217643,0.8411513609354186,0.6931471805599454,0.48015486237210636,0.013327929044871489,0.27015519060460247,-0.07546679498691883,3.325,1.4644121403838426,15.0,0,1
2021-03-10,AAPL,2.5,5.0,4.0,1.0,17.091739965042027,9.372580455691095,7.719159509350936,1.5054555555555553,9.774732083254618,1.1111111111111112,6.467761882032812,6.0,1.5,0.5,0.0,0.3333333333333333,0.0,585,0.6021822222222222,0.5718980105739389,0.4444444444444445,0.3784144794656024,0.6,0.2,0.8,0.2,0.0,0.13333333333333333,0.0,3.749032182276438,3.0876638037403743,2.5,1.252762968495368,0.004273504273504274,2.8954554785873676,236.0,0.01059322033898305,0.8727272727272727,0.10835171016983841,1.393182601313216,1.252762968495368,0.6863685977580122,0.01059322033898305,0.36585834809626594,0.14555674136728314,7.235714285714286,2.1084800976597546,15.0,0,2
2021-03-10,AMC,22.75,28.0,27.0,5.0,193.34512231286203,118.38895515421042,74.95616715865161,12.139408333333332,104.0860399586327,9.49047619047619,85.40214574728031,76.0,13.0,3.0,13.75,1.0,0.0,585,0.5336003663003662,0.5383432419371074,0.41716378859236003,0.4417083023645487,0.5714285714285714,0.13186813186813187,0.9642857142857143,0.17857142857142858,0.6043956043956044,0.04395604395604396,0.0,5.20391011666859,3.2947765784022685,22.75,3.1675825304806504,0.03888888888888889,5.269635559544963,236.0,0.09639830508474577,0.9818181818181818,0.03976985424798246,1.256725812807559,1.1416296737518006,0.7102905629932756,0.047268951850914925,0.2419785970164819,0.08276846230208301,70.58928571428571,4.270945421907357,20.0,0,2
2021-03-10,BB,2.75,4.0,3.0,0.0,20.57198214253813,12.379740542589541,8.19224159994859,0.3415916666666666,2.069693448470724,-0.16666666666666666,-1.187144443099847,2.5,0.0,0.5,0.25,0.0,0.0,585,0.1242151515151515,0.10060739087416734,-0.0606060606060606,-0.05770685755385259,0.0,0.18181818181818182,0.75,0.0,0.09090909090909091,0.0,0.0,4.501723833668924,2.978996945435851,2.75,1.3217558399823195,0.004700854700854701,3.0713953496672084,236.0,0.011652542372881356,0.8909090909090909,-0.36961536053723226,-0.16105615088877964,-0.1445812288111077,-0.09298655915644938,-0.013223079517665909,-0.2734069993605809,-0.4667812549031614,18.42738095238095,2.9666834602935754,20.0,0,2
2021-03-10,GME,143.25,155.0,124.0,19.0,1253.6471814118113,760.6309543341009,493.01622707771065,60.08135277777778,518.7481041067264,51.179071746119796,409.98202447506924,585.3333333333334,72.5,13.0,80.08333333333334,44.333333333333336,0.0,585,0.4194160752375412,0.4137911461839936,0.35727100695371583,0.3270314252319082,0.506108202443281,0.09075043630017451,0.8,0.12258064516129032,0.5590459569517162,0.3094822571262362,0.0,5.309814689941367,3.441649054643704,143.25,4.971547905388209,0.24487179487179486,7.134609681692186,236.0,0.6069915254237288,1.0,-0.07441443681484256,1.5061164100814175,0.7676018332510273,0.9749132924278832,0.11482734631925129,0.1101854887064953,0.03181793483121703,429.29047619047617,6.06446050664697,20.0,0,2
2021-03-10,NIO,2.0,2.0,2.0,0.0,11.256431933974465,6.6120410348330925,4.6443908991413725,1.1814,6.674037255428814,0.2,1.1486006375618965,5.0,0.0,0.0,0.0,0.0,0.0,585,0.5907,0.5929087738082488,0.1,0.10203949566781985,0.0,0.0,1.0,0.0,0.0,0.0,0.0,3.3060205174165462,2.3221954495706862,2.0,1.0986122886681098,0.003418803418803419,2.5060508550318024,236.0,0.00847457627118644,0.8272727272727273,0.09686948794761624,0.897558463524312,0.2513144282809062,0.412172578772521,-0.0014756724850324646,0.23212758284272994,-0.05386585182505679,11.13452380952381,2.4960545973310535,18.0,0,2
2021-03-10,NOK,2.0,2.0,2.0,1.0,15.367806527011023,7.81399567500279,7.553810852008231,0.021199999999999997,0.5863371358106613,0.0,0.0,0.0,0.0,0.0,0.0,0.0,0.0,585,0.010599999999999998,0.0381535995250912,0.0,0.0,0.0,0.0,1.0,0.5,0.0,0.0,0.0,3.906997837501395,3.7769054260041157,2.0,1.0986122886681098,0.003418803418803419,2.7953163889421377,236.0,0.00847457627118644,0.8272727272727273,-0.48323051205238376,0.33774275480858307,1.0986122886681098,0.17385195303557754,0.00847457627118644,-0.41095238919253596,-0.38767725659669333,8.751190476190477,2.277389377678243,17.0,0,2
2021-03-10,PLTR,6.666666666666667,8.0,5.0,0.0,49.8545875262579,28.50348187305715,21.35110565320075,2.7837,20.514237080684154,1.3,10.192650864356393,21.166666666666668,2.0,0.0,0.0,0.0,0.0,585,0.417555,0.41148143227299827,0.195,0.2044476019180387,0.3,0.0,0.625,0.0,0.0,0.0,0.0,4.2755222809585725,3.2026658479801124,6.666666666666667,2.03688192726104,0.011396011396011397,3.9289703352641716,236.0,0.02824858757062147,0.9272727272727272,-0.07627551205238375,-0.34443770684333497,-0.08338160893905089,-0.30781159587132967,-0.026477780588582512,0.029385761678908606,-0.14647982000470117,66.61190476190477,4.213784073489424,20.0,0,2
2021-03-10,RIOT,2.0,2.0,2.0,1.0,12.411133689293617,6.674561391814426,5.736572297479192,1.0608,6.695444004171836,2.0,12.411133689293617,6.0,2.0,0.0,5.0,0.0,0.0,585,0.5304,0.5394707825883478,1.0,1.0,1.0,0.0,1.0,0.5,2.5,0.0,0.0,3.337280695907213,2.868286148739596,2.0,1.0986122886681098,0.003418803418803419,2.5960852343088696,236.0,0.00847457627118644,0.8272727272727273,0.03656948794761622,1.2838193026961189,0.4054651081081645,0.7344788322560665,0.0010118897040222617,0.5211424743589743,0.9485185185185185,1.0,0.6931471805599453,9.0,0,2
2021-03-10,RKT,5.666666666666666,10.0,5.0,5.0,52.459731935746646,28.221034283481032,24.238697652265607,2.608494444444444,25.40061835094946,3.8853386809269157,35.85971833137448,46.83333333333333,4.333333333333333,0.5,10.833333333333334,1.0,0.0,585,0.4603225490196078,0.48419268291459183,0.6856480025165146,0.6835665568267852,0.7647058823529412,0.08823529411764706,0.5,0.5,1.9117647058823533,0.17647058823529413,0.0,4.9801825206143,4.277417232752755,5.666666666666666,1.8971199848858813,0.009686609686609686,3.9789286964024035,236.0,0.024011299435028246,0.9090909090909091,-0.03350796303277598,0.08018847364807954,-0.17605194378035938,0.11917758631161135,-0.0278543722067628,0.0667485956478468,0.43389133704865,268.8464285714286,5.59785301411114,16.0,0,2
2021-03-10,SNDL,2.0,2.0,2.0,1.0,16.49403472428808,8.731013415269564,7.763021309018518,0.4665333333333333,4.145225222499171,0.23076923076923078,2.050422483483882,13.0,1.0,0.0,0.0,0.0,0.0,585,0.23326666666666665,0.2513166300295932,0.11538461538461539,0.12431297240235334,0.5,0.0,1.0,0.5,0.0,0.0,0.0,4.365506707634782,3.881510654509259,2.0,1.0986122886681098,0.003418803418803419,2.8618599499212722,236.0,0.00847457627118644,0.8272727272727273,-0.2605638453857171,0.394405878668708,0.8109302162163289,0.2586809528602222,0.005987014082131714,-0.022801658294674704,-0.08066701809525231,5.991666666666666,1.94471896368516,18.0,0,2
2021-03-10,TSLA,10.666666666666666,15.0,10.0,6.0,75.19892191162083,44.52849141475792,30.67043049686291,4.927488888888889,30.303762383702118,2.577777777777778,20.013159361097657,18.666666666666668,4.0,1.0,8.0,0.3333333333333333,0.0,585,0.4619520833333334,0.40298134086705756,0.2416666666666667,0.2661362537167562,0.375,0.09375,0.6666666666666666,0.4,0.75,0.03125,0.0,4.174546070133555,2.875352859080898,10.666666666666666,2.456735772821304,0.018233618233618232,4.333347314451056,236.0,0.04519774011299435,0.9636363636363636,-0.03187842871905039,1.4576638665951462,1.0498221244986776,1.039288927435086,0.02218778986423813,0.14983826496656288,0.04297701843078969,33.07261904761905,3.5284941012636524,19.0,0,2
2021-03-10,UWMC,6.75,10.0,9.0,4.0,66.56041803050888,38.21315263952816,28.34726539098072,4.919091666666667,46.579993788255784,5.34367201426025,49.87929843211693,37.5,6.0,0.0,5.25,2.5,0.0,585,0.7287543209876544,0.69981522301896,0.7916551132237407,0.7493837915689482,0.8888888888888888,0.0,0.9,0.4,0.7777777777777778,0.37037037037037035,0.0,5.661207798448617,4.199594872737884,6.75,2.0476928433652555,0.011538461538461539,4.213022279464993,236.0,0.028601694915254237,0.9454545454545454,0.2349238089352706,1.2058336911638714,0.48954822531870557,1.2154727108937124,0.0006166202883885648,0.4157794539530739,0.6141240617357059,56.25,4.047427642434349,12.0,0,2
2021-03-11,AMC,34.2,45.0,33.0,6.0,300.9484960372826,181.26674954724254,119.68174649004014,10.469961111111113,88.65175206303519,10.759776334776332,93.70311434004356,115.11666666666667,17.78333333333333,5.416666666666666,16.0,4.0,0.0,565,0.3061392137751787,0.2945744977308432,0.3146133431221149,0.3113593042459839,0.519980506822612,0.1583820662768031,0.7333333333333333,0.13333333333333333,0.4678362573099415,0.11695906432748537,0.0,5.30019735518253,3.4994662716386005,34.2,3.5610460826040513,0.060530973451327436,5.710256459907867,226.00000000000003,0.15132743362831858,0.9777777777777777,-0.07433252469234669,1.811525613646395,0.3934635521234009,1.0607121437497793,0.054929128543572805,-0.0027556844228022737,-0.023876951180180794,78.7642857142857,4.379075856836487,20.0,0,3
2021-03-11,BA,2.0,2.0,2.0,1.0,6.80239476332431,2.70805020110221,4.0943445622221,1.7227000000000001,5.760374959420174,1.6,5.80843210340911,7.0,2.0,0.0,3.0,0.0,0.0,565,0.8613500000000001,0.8468157406091346,0.8,0.8538804796695667,1.0,0.0,1.0,0.5,1.5,0.0,0.0,1.354025100551105,2.04717228111105,2.0,1.0986122886681098,0.0035398230088495575,2.0544307075132764,226.00000000000003,0.008849557522123892,0.8222222222222222,0.48087826153247465,2.494979968022873,1.0986122886681098,0.8562064704381858,0.008849557522123892,0.734031090909091,0.7625711662075298,1.25,0.8109302162163288,9.0,0,3
2021-03-11,BB,2.95,5.0,4.0,1.0,22.55195575926034,13.978412385639716,8.573543373620625,1.6217416666666669,12.216050657965981,2.840909090909091,20.961548970701855,5.2,2.95,0.0,1.0,0.0,0.0,565,0.5497429378531073,0.5416847562300576,0.9630200308166409,0.9294780991264836,1.0,0.0,0.8,0.2,0.3389830508474576,0.0,0.0,4.738444876488039,2.9062858893629238,2.95,1.3737155789130306,0.0052212389380530974,3.159208864116557,226.00000000000003,0.013053097345132743,0.9111111111111111,0.16927119938558194,-0.12268429873816214,0.05195973893071115,-0.06845511781318003,0.001400554972251387,0.160848957973046,0.5777322824069859,18.01904761904762,2.9454409832582917,20.0,0,3
2021-03-11,DKNG,2.0,2.0,1.0,0.0,14.453981887632061,8.03073492409854,6.423246963533519,1.0263333333333333,7.718299094119294,0.6,4.706779586678808,5.0,1.0,0.0,3.0,0.0,0.0,565,0.5131666666666667,0.5339911973131546,0.3,0.32563895702029977,0.5,0.0,0.5,0.0,1.5,0.0,0.0,4.01536746204927,3.2116234817667597,2.0,1.0986122886681098,0.0035398230088495575,2.737866697492591,226.00000000000003,0.008849557522123892,0.8222222222222222,0.13269492819914125,2.423874315532574,0.4924764850977943,0.8356732768046586,0.005318484075796209,0.3644201763144263,0.13483349983349982,2.3011904761904765,1.1942831537784189,11.0,0,3
2021-03-11,GME,143.74166666666667,159.0,118.0,22.0,1355.0728162666687,815.0341959792325,540.0386202874352,50.281154166666674,451.4772140442409,41.081514149241976,436.3150970073339,530.7,64.36666666666667,18.541666666666664,74.0,41.5,2.0,565,0.349802220418575,0.3331756113948886,0.28580101443034595,0.32198645841735357,0.4477940750188417,0.12899298510058552,0.7421383647798742,0.13836477987421383,0.51481245289582,0.28871238912400715,0.013913850078265406,5.670131805757314,3.757008199576336,143.74166666666667,4.974950544271967,0.2544100294985251,7.212348166370287,226.00000000000003,0.6360250737463127,1.0,-0.030669518048950406,1.3527816438895732,0.0034026388837578025,0.9219257442759732,0.02903354832258387,0.036431552834137404,-0.04350453651814801,488.23214285714283,6.192837106595554,20.0,0,3
2021-03-11,GOEV,2.0,3.0,3.0,2.0,14.760067003060643,8.494632077775199,6.265434925285442,0.6552833333333333,5.385887188743211,0.33333333333333337,1.086333734033017,10.0,0.5,0.5,2.0,0.0,0.0,565,0.32764166666666666,0.3648958495666988,0.16666666666666669,0.07359951237401262,0.25,0.25,1.0,0.6666666666666666,1.0,0.0,0.0,4.2473160388875995,3.132717462642721,2.0,1.0986122886681098,0.0035398230088495575,2.7574793358839345,226.00000000000003,0.008849557522123892,0.8222222222222222,-0.05283007180085875,2.6492743702436607,1.0986122886681098,0.8747454479441994,0.008849557522123892,0.18863833333333335,0.022435897435897467,1.25,0.8109302162163288,7.0,0,3
2021-03-11,NOK,3.783333333333333,6.0,3.0,2.0,28.891321449406412,17.70933030153799,11.181991147868427,1.0221083333333334,8.704680245388465,1.1742424242424243,10.363638047328172,7.7,1.45,0.3333333333333333,0.0,0.0,0.0,565,0.2701607929515419,0.30129048477868453,0.3103724469363236,0.35871111210598844,0.3832599118942731,0.0881057268722467,0.5,0.3333333333333333,0.0,0.0,0.0,4.680880255913125,2.9555923738859278,3.783333333333333,1.5651376535375203,0.006696165191740413,3.3975681857370095,226.00000000000003,0.01674041297935103,0.9555555555555556,-0.11031094551598353,1.2145363715491104,0.46652536486941054,0.6259932142823991,0.00826583670816459,-0.1104832629076608,-0.027304809660369744,8.426190476190476,2.2434920358287167,17.0,0,3
2021-03-11,PLTR,2.5,3.0,3.0,0.0,20.776479001412184,11.752655091147812,9.023823910264374,0.15553333333333333,1.3502489087480114,1.0,8.403800504061147,3.0,1.0,0.0,0.0,0.0,0.0,565,0.06221333333333333,0.064989303945882,0.4,0.40448627043542545,0.4,0.0,1.0,0.0,0.0,0.0,0.0,4.701062036459125,3.60952956410575,2.5,1.252762968495368,0.004424778761061947,3.0808304424256434,226.00000000000003,0.011061946902654865,0.8666666666666667,-0.31825840513419207,-1.4165366446400312,-0.7841189587656721,-1.1560860608812344,-0.0171866406679666,-0.32503384017294323,0.08038634161146047,60.945238095238096,4.126250738215785,20.0,0,3
2021-03-11,RKT,2.708333333333333,5.0,3.0,1.0,20.476384613250126,11.565311760019092,8.911072853231033,1.326748611111111,9.737579053372725,2.1666666666666665,16.268820400386048,6.416666666666666,2.25,0.125,3.0,0.0,0.0,565,0.4898764102564103,0.4755516775686859,0.8,0.7945162540978356,0.8307692307692308,0.046153846153846156,0.6,0.2,1.1076923076923078,0.0,0.0,4.270268957545512,3.29024228426992,2.708333333333333,1.3105825393841941,0.004793510324483775,3.0669539413797566,226.00000000000003,0.011983775811209437,0.8888888888888888,0.10940467178888491,-0.3735673963456642,-0.5865374455016872,-0.5419426030289616,-0.01202752362381881,0.07896632943366894,0.5439609344063097,110.52142857142856,4.714216756932216,16.0,0,3
2021-03-11,UWMC,3.333333333333333,4.0,4.0,1.0,29.36380551697239,16.764039202153377,12.599766314819012,1.4547444444444444,13.581573831130893,0.5333333333333333,5.877135276527216,30.666666666666668,1.0,0.0,3.0,0.0,0.0,565,0.43642333333333333,0.4625277136943538,0.16,0.20014896479035083,0.30000000000000004,0.0,1.0,0.25,0.9000000000000001,0.0,0.0,5.029211760646014,3.7799298944457043,3.333333333333333,1.466337068793427,0.005899705014749262,3.413251291081065,226.00000000000003,0.014749262536873153,0.9333333333333333,0.05595159486580792,0.5198290059923392,-0.5813557745718285,0.5317322941536213,-0.013852432378381085,0.08701075024937022,-0.057113807149221874,53.333333333333336,3.9951379121386528,13.0,0,3
2021-03-12,AMC,13.45,16.0,12.0,2.0,121.52019734235385,70.02814608663071,51.49205125572313,7.024593333333332,63.88736475531699,9.416666666666666,84.07392006134438,36.2,9.7,0.0,9.5,1.5,0.5,309,0.5222745972738537,0.5257345375709829,0.7001239157372986,0.6918514115352067,0.7211895910780669,0.0,0.75,0.125,0.7063197026022305,0.11152416356877325,0.03717472118959108,5.206553612388901,3.8284052978232816,13.45,2.670694414558441,0.04352750809061488,4.808275892658298,143.0,0.09405594405594406,0.9827586206896551,0.1759748889833092,0.18936162297661954,-0.8903516680456103,0.11965005194989109,-0.05727148957237452,0.21150840647021102,0.3597704049418819,100.77619047619048,4.622776191458342,20.0,0,4
2021-03-12,ASO,2.0,2.0,2.0,1.0,14.546877951343916,7.992944547318105,6.553933404025811,-0.6241666666666668,-4.064221438423729,0.75,4.949548575496154,10.0,1.0,1.0,0.0,0.0,1.0,309,-0.3120833333333334,-0.2793878832294909,0.375,0.34024816816716946,0.5,0.5,1.0,0.5,0.0,0.0,0.5,3.9964722736590526,3.2769667020129054,2.0,1.0986122886681098,0.006472491909385114,2.7438598436340893,143.0,0.013986013986013986,0.8448275862068966,-0.6583830416238778,0.9907420652701923,0.287682072451781,0.6506539607276843,0.008455040534686552,-0.5674210476207467,0.2581736064512232,16.05952380952381,2.836708628984858,8.0,0,4
2021-03-12,GME,76.50952380952381,83.0,63.0,8.0,841.2524447280538,495.48119614339276,345.7712485846608,19.231384603174604,193.94739525796885,18.40345531823078,196.8580119735498,370.6523809523809,27.033333333333335,6.5,29.5,17.5,0.75,309,0.25135935561502876,0.23054601085963555,0.24053809776737808,0.23400587208657303,0.3533329184041825,0.08495674363602415,0.7590361445783133,0.0963855421686747,0.38557291342503264,0.22872969440468038,0.009802701188772018,6.476072147265356,4.519322972725385,76.50952380952381,4.350400816674029,0.2476036369240253,6.736079784898126,143.0,0.5350316350316351,1.0,-0.09494035267551576,0.36280599934437596,-0.6245497275979375,0.25821843477987816,-0.10099343871467759,-0.06950957232298866,-0.09850384097895185,561.5357142857142,6.332454624126531,20.0,0,4
2021-03-12,NOK,4.2,5.0,4.0,1.0,37.28333527178319,22.062774367774022,15.220560904009162,1.4604266666666665,12.367285903240054,1.1435897435897435,9.090341794157016,15.2,1.2,0.0,1.0,0.0,0.0,309,0.3477206349206349,0.33171082503983695,0.27228327228327226,0.24381782713084627,0.2857142857142857,0.0,0.8,0.2,0.23809523809523808,0.0,0.0,5.253041516136672,3.6239430723831334,4.2,1.6486586255873816,0.013592233009708738,3.645014691101298,143.0,0.029370629370629373,0.9482758620689655,0.0014209266300903578,1.321594699471822,0.08352097204986131,0.6973450956545002,0.012630216391278343,-0.020127824222508472,-0.05363987938750997,10.566666666666666,2.448127398284704,17.0,0,4
2021-03-12,PLTR,2.0595238095238093,5.0,3.0,0.0,17.264925510025858,9.888120712507273,7.376804797518585,1.4043940476190475,11.940156082752809,-0.015873015873015872,-0.33723339304004957,3.9523809523809526,0.3333333333333333,0.3333333333333333,0.0,0.0,0.0,309,0.6819023121387283,0.6915845698737061,-0.007707129094412332,-0.0195328611666593,0.16184971098265896,0.16184971098265896,0.6,0.0,0.0,0.0,0.0,4.801168438442838,3.5818011733616255,2.0595238095238093,1.118259286051906,0.006665125597164432,2.90498258194853,143.0,0.0144022644022644,0.8793103448275862,0.3356026038481838,-1.8581141681734321,-0.134503682443462,-1.3346497139278408,0.003340317499609535,0.31599724974356286,-0.36557475573692017,47.695238095238096,3.885581244922476,20.0,0,4
2021-03-12,RIOT,3.5,5.0,5.0,3.0,20.958937172778676,11.563954077668743,9.394983095109934,-0.20395,0.7097114382300945,1.0,8.07496035911586,4.0,1.0,0.0,3.0,1.0,0.0,309,-0.05827142857142857,0.03386199559545715,0.2857142857142857,0.38527527863405037,0.2857142857142857,0.0,1.0,0.6,0.8571428571428571,0.2857142857142857,0.0,3.3039868793339267,2.684280884317124,3.5,1.5040773967762742,0.011326860841423949,3.089174217144896,143.0,0.024475524475524476,0.9310344827586207,-0.4045711368619731,1.753598771870452,0.5389965007326871,1.0367592811286461,0.01728525898879881,-0.0791185695970696,0.1867969067969068,4.625,1.7272209480904839,11.0,0,4
2021-03-12,RKT,2.7,4.0,3.0,1.0,22.8849698551842,13.165970068699117,9.718999786485083,1.6568266666666667,13.119795250425037,1.0666666666666667,8.220155999667366,4.2,1.2,0.0,3.0,0.0,0.0,309,0.6136395061728395,0.5732930973231312,0.3950617283950617,0.35919453037012544,0.4444444444444444,0.0,0.75,0.25,1.111111111111111,0.0,0.0,4.876285210629303,3.5996295505500306,2.7,1.308332819650179,0.008737864077669903,3.1732493847596634,143.0,0.01888111888111888,0.9137931034482759,0.26733979788229495,-0.4383299094677597,-0.002249719734015221,-0.6097214497321866,0.006897343069909445,0.17823560483727757,0.0990226628013714,56.509523809523806,4.051950565557907,17.0,0,4
2021-03-12,SKLZ,2.0,2.0,2.0,1.0,11.852250770573846,5.272999558563747,6.579251212010101,0.1523,1.8315766878460678,-2.0,-11.852250770573846,2.0,0.0,2.0,0.0,0.0,0.0,309,0.07615,0.1545340816103395,-1.0,-1.0,0.0,1.0,1.0,0.5,0.0,0.0,0.0,2.6364997792818734,3.2896256060050506,2.0,1.0986122886681098,0.006472491909385114,2.553518953246091,143.0,0.013986013986013986,0.8448275862068966,-0.2701497082905445,8.0,1.0986122886681098,1.0783390332627016,0.013986013986013986,0.07467833333333333,-1.0166666666666666,0.5,0.4054651081081644,1.0,0,4
2021-03-12,TSLA,2.226190476190476,5.0,2.0,1.0,12.597469713079935,6.4993437771777565,6.0981259359021776,1.3132107142857143,7.63831004526871,0.8174603174603174,4.812226320874189,6.6190476190476195,0.8333333333333333,0.0,2.0,0.0,0.0,309,0.5898914438502675,0.6063368453537827,0.3672014260249555,0.3819994356388618,0.3743315508021391,0.0,0.4,0.2,0.8983957219251338,0.0,0.0,2.9194913223686183,2.7392651262876098,2.226190476190476,1.1713020220363872,0.0072044999229465235,2.6098837249236353,143.0,0.015567765567765564,0.896551724137931,0.24359173555972297,-0.5388517072503812,0.4992082506742743,-0.3629743963987928,0.011327352588414533,0.2634026375087344,0.18012236672537954,32.253571428571426,3.50416217271928,20.0,0,4
2021-03-12,UWMC,5.5,6.0,6.0,1.0,54.397962367512385,30.003847811184936,24.394114556327448,2.7763,26.589030776355287,4.545454545454545,44.06633060575599,26.0,5.0,0.0,3.0,0.0,0.0,309,0.5047818181818182,0.4887872563446387,0.8264462809917354,0.8100731845072442,0.9090909090909091,0.0,1.0,0.16666666666666666,0.5454545454545454,0.0,0.0,5.45524505657908,4.4352935556959,5.5,1.8718021769015913,0.01779935275080906,4.0145428127070115,143.0,0.038461538461538464,0.9655172413793104,0.1584821098912737,0.8597758626388301,0.4054651081081644,0.8638805488221144,0.02371227592466531,0.13354806843118838,0.6013324738425135,30.416666666666668,3.4473385376600105,14.0,0,4
2021-03-12,VIAC,2.0,2.0,2.0,1.0,9.487972108574462,3.4965075614664802,5.991464547107982,1.1493333333333333,5.170987630725332,1.0,3.2188758248682006,1.0,1.0,0.0,0.0,0.0,0.0,309,0.5746666666666667,0.5450045142999747,0.5,0.33925856737703103,0.5,0.0,1.0,0.5,0.0,0.0,0.0,1.7482537807332401,2.995732273553991,2.0,1.0986122886681098,0.006472491909385114,2.350229087092346,143.0,0.013986013986013986,0.8448275862068966,0.22836695837612214,1.4235090572044051,0.4054651081081645,0.6420474304363233,0.009561235224952041,0.31604325806451616,0.4094638694638695,6.291666666666667,1.9867321435755685,11.0,0,4
2021-03-15,AMC,12.416666666666666,20.0,10.0,4.0,118.44548646473149,66.886505010647,51.55898145408448,5.481022222222223,54.23491615084614,1.0257454533770323,10.266780975728118,79.08333333333333,4.25,2.6666666666666665,7.25,0.0,0.0,491,0.44142460850111864,0.4578892600267652,0.08261037208405629,0.08667937700424887,0.3422818791946309,0.21476510067114093,0.5,0.2,0.5838926174496645,0.0,0.0,5.3868326183071416,4.152401190932979,12.416666666666666,2.5964977151964628,0.025288526816021725,4.782860087078266,213.99999999999997,0.05802180685358256,0.99,0.15695781145885573,-0.011572356297476466,-0.07419669936197826,-0.006865041893616919,-0.036034137202361496,0.11476777236002733,-0.27369310753855747,100.85952380952381,4.623594646494852,20.0,0,0
2021-03-15,BA,2.0,2.0,2.0,1.0,8.411832675758411,3.2188758248682006,5.19295685089021,0.16390000000000005,2.8390810859286892,-1.0,-5.521460917862246,1.0,0.0,1.0,0.0,0.0,0.0,491,0.08195000000000002,0.3375104088922831,-0.5,-0.6563921479054421,0.0,0.5,1.0,0.5,0.0,0.0,0.0,1.6094379124341003,2.596478425445105,2.0,1.0986122886681098,0.004073319755600814,2.241967692950865,213.99999999999997,0.009345794392523366,0.855,-0.20251679704226289,2.1935685552664848,1.0986122886681098,0.8359332150327776,0.009345794392523366,-0.07203807575757573,-0.5774288337924701,2.0,1.0986122886681098,9.0,0,0
2021-03-15,BB,5.375,7.0,5.0,3.0,51.23074411324379,29.655580495656,21.575163617587783,4.185091666666667,40.34801600072531,4.199999999999999,40.72693572145903,18.5,4.375,0.0,12.0,2.0,0.0,491,0.7786217054263566,0.787574272033555,0.7813953488372092,0.7949706065450376,0.813953488372093,0.0,0.7142857142857143,0.42857142857142855,2.2325581395348837,0.37209302325581395,0.0,5.517317301517395,4.013983928853541,5.375,1.8523840910444898,0.01094704684317719,3.9556712892018586,213.99999999999997,0.025116822429906545,0.96,0.49415490838409365,0.8222741319962378,1.670062534250535,0.5043422166853084,0.023718221031305147,0.35555406199195677,0.36158132063827547,15.016666666666667,2.7736298467481917,20.0,0,0
2021-03-15,DASH,2.0,3.0,2.0,0.0,15.611658889559935,8.584691311022585,7.026967578537349,0.3111333333333334,4.419873934893852,-1.1666666666666667,-7.674834048820209,2.5,0.0,1.5,0.0,0.0,1.0,491,0.1555666666666667,0.2831136630745614,-0.5833333333333334,-0.4916091302733139,0.0,0.75,0.6666666666666666,0.0,0.0,0.0,0.5,4.292345655511292,3.5134837892686743,2.0,1.0986122886681098,0.004073319755600814,2.810104791579831,213.99999999999997,0.009345794392523366,0.855,-0.12890013037559622,1.4014143037131186,0.8754687373539001,0.6530934811414724,0.0075975426442716175,0.024330700854700876,-0.5327347652347653,7.5,2.1400661634962708,12.0,0,0
2021-03-15,GM,2.7,4.0,0.0,0.0,14.392092184812041,8.423759573651214,5.968332611160825,1.4539033333333333,4.81164177766918,-0.013636363636363669,-4.744457930083195,36.1,1.5,1.2,26.0,0.0,0.0,491,0.5384827160493827,0.3343253861830388,-0.005050505050505062,-0.329657277702127,0.5555555555555555,0.4444444444444444,0.0,0.0,9.62962962962963,0.0,0.0,3.1199109532041533,2.2104935596891946,2.7,1.308332819650179,0.0054989816700611,2.7338538830434125,213.99999999999997,0.012616822429906544,0.905,0.2540159190071198,1.6097196465851582,1.308332819650179,0.7367398390273946,0.012616822429906544,0.21464180323365917,-0.19235860410509045,3.583333333333333,1.5224265354444706,16.0,0,0
2021-03-15,GME,98.14285714285711,116.0,77.0,12.0,1020.3378454474444,597.0203587603,423.3174866871443,33.04555218253969,345.0754437794566,28.30382845282226,278.18968539428505,532.0476190476189,43.892857142857146,12.75,38.17857142857143,14.0,2.333333333333333,491,0.3367086830826461,0.33819724056999195,0.2883941763751905,0.27264468002977166,0.4472343522561865,0.12991266375545857,0.6637931034482759,0.10344827586206896,0.38901018922853,0.14264919941775842,0.0237748665696264,6.083176872375694,4.313278612532767,98.14285714285711,4.596561811451491,0.1998836194355542,6.92886866004891,213.99999999999997,0.45861148197596785,1.0,0.05224188604038321,0.6554986106458586,0.2461609947774619,0.4462286466124805,-0.07642015305566724,0.01305806173297186,-0.05345724429403659,565.202380952381,6.338951577812689,20.0,0,0
2021-03-15,GOEV,2.7,4.0,3.0,3.0,22.79522984945193,12.426473076241042,10.368756773210889,0.3149366666666667,3.1472660535299033,1.2978021978021976,9.965971137197908,25.4,1.5,0.0,0.0,0.0,0.0,491,0.11664320987654321,0.1380668707582948,0.48066748066748055,0.4371954660258678,0.5555555555555555,0.0,0.75,0.75,0.0,0.0,0.0,4.60239743564483,3.8402802863744028,2.7,1.308332819650179,0.0054989816700611,3.169485134095739,213.99999999999997,0.012616822429906544,0.905,-0.1678235871657197,2.4703778225335555,0.3920420877760238,0.9837208278991553,0.002127311940396054,-0.07398276234567903,0.29477004477004465,4.75,1.749199854809259,9.0,0,0
2021-03-15,NIO,3.592857142857143,7.0,4.0,1.0,29.150222099430643,16.301878827091866,12.848343272338777,0.6962444047619047,8.504415176878943,2.1861721611721614,19.15222104366516,16.364285714285714,2.392857142857143,0.0,4.428571428571429,0.0,0.0,491,0.193785719019218,0.29174443844271947,0.6084773410817149,0.6570180144198365,0.6660039761431411,0.0,0.5714285714285714,0.14285714285714285,1.2326043737574552,0.0,0.0,4.5373022580374975,3.5760796384243116,3.592857142857143,1.524502301628315,0.007317427989525749,3.4061922896280072,213.99999999999997,0.016789052069425905,0.93,-0.0906810780230449,1.7361328140209493,0.6772044412411115,0.7746370254595508,0.007465042745416581,-0.1765444296195335,0.4888807200258889,9.5,2.3513752571634776,18.0,0,0
2021-03-15,PLTR,5.017857142857143,8.0,5.0,0.0,42.31591771446152,24.910687663019722,17.405230051441787,2.896741071428572,23.72812010551459,0.6076007326007326,4.803476023962199,8.714285714285714,0.7678571428571428,0.0,1.9285714285714286,0.0,0.0,491,0.5772864768683275,0.5607374573706924,0.12108769048270826,0.11351463665221669,0.15302491103202845,0.0,0.625,0.0,0.38434163701067614,0.0,0.0,4.964407505797524,3.468657946194804,5.017857142857143,1.7947312396172126,0.01021966831539133,3.768520182107424,213.99999999999997,0.023447930574098802,0.95,0.29281967982606455,-0.8622997902465374,0.6764719535653065,-0.6423364984006634,0.009045666171834402,0.20272213219955892,-0.2124362463717456,37.43571428571428,3.648987086880115,20.0,0,0
2021-03-15,RKT,7.392857142857143,11.0,9.0,3.0,69.29472044134836,38.25461580880996,31.040104632538398,2.914820238095239,25.29971216997485,0.47567432567432566,0.4030451973781102,24.464285714285715,1.8928571428571428,1.5,3.9285714285714284,0.0,0.0,491,0.39427520128824484,0.36510302673619616,0.06434242086415999,0.0058163911306814645,0.25603864734299514,0.20289855072463767,0.8181818181818182,0.2727272727272727,0.5314009661835748,0.0,0.0,5.174537404090236,4.198661496188769,7.392857142857143,2.127381003968955,0.015056735525167298,4.25269669558888,213.99999999999997,0.0345460614152203,0.98,0.10980840424598193,0.10858917005281872,0.8190481843187762,0.1439100936040807,0.015664942534101417,-0.07181067535595903,-0.25144973114928343,32.37619047619047,3.507842785782856,18.0,0,0
2021-03-15,SNDL,2.25,3.0,2.0,1.0,12.35126312299675,7.725249531581872,4.626013591414879,0.6940666666666666,1.267382895823167,1.0,0.6931471805599453,3.0,1.0,0.0,0.0,0.0,0.0,491,0.30847407407407407,0.10261160200396295,0.4444444444444444,0.05611953803084142,0.4444444444444444,0.0,0.6666666666666666,0.3333333333333333,0.0,0.0,0.0,3.4334442362586097,2.0560060406288354,2.25,1.1786549963416462,0.004582484725050916,2.5916109963252643,213.99999999999997,0.010514018691588786,0.87,0.02400727703181116,0.6637635533340229,1.1786549963416462,0.42771491609920853,0.010514018691588786,0.04997459040413377,0.24049375471804413,3.5333333333333323,1.5114575040738965,17.0,0,0
2021-03-15,SPY,3.2083333333333335,7.0,2.0,0.0,27.385735538559008,14.804794414965972,12.580941123593032,0.21856527777777782,2.8078770434063918,-1.504120879120879,-11.3862925830768,21.333333333333332,0.125,2.25,0.0,0.0,0.25,491,0.06812424242424243,0.10253064189029767,-0.46881689738832594,-0.4157745760395935,0.03896103896103896,0.7012987012987013,0.2857142857142857,0.0,0.0,0.0,0.07792207792207792,4.6144813760932895,3.921332298262763,3.2083333333333335,1.437066686493314,0.00653428377460964,3.345886749218398,213.99999999999997,0.014992211838006234,0.92,-0.2163425546180205,0.811346054184242,0.6261364702769852,0.45310964841037493,0.006250953096747492,-0.08719589834085979,-0.3585500082242321,7.958333333333334,2.192584197779717,20.0,0,0
2021-03-15,TSLA,3.7416666666666667,9.0,2.0,1.0,46.46333954309036,26.781779907136926,19.68155963595344,0.7642588888888889,9.077637116631589,0.33516483516483514,3.716706139757032,15.15,0.7083333333333333,0.5,0.75,0.0,0.25,491,0.20425627319970305,0.1953720332179941,0.08957634792824101,0.07999222992376899,0.18930957683741645,0.13363028953229397,0.2222222222222222,0.1111111111111111,0.20044543429844097,0.0,0.06681514476614699,7.157714006361762,5.260105025199138,3.7416666666666667,1.556388691344285,0.007620502376103191,3.859957613957506,213.99999999999997,0.017484423676012464,0.94,-0.08021052384255986,0.04848348937915189,0.3850866693078978,0.0328618898632802,0.0019166581082468992,-0.14613370255656563,-0.11818177808940417,27.860714285714288,3.362481303064198,20.0,0,0
2021-03-15,UWMC,6.892857142857143,10.0,9.0,4.0,72.85117020050548,41.48890788903981,31.362262311465674,2.9102035714285717,30.769104370263797,3.134115884115884,33.11561137307279,42.464285714285715,4.392857142857143,0.0,9.428571428571429,0.0,0.0,491,0.4222056994818653,0.4223556640968041,0.45469038733287437,0.45456526342583053,0.6373056994818653,0.0,0.9,0.4,1.3678756476683938,0.0,0.0,6.019116170430645,4.54996551668932,6.892857142857143,2.065958191342549,0.014038405586267094,4.302051854491733,213.99999999999997,0.03220961281708946,0.97,0.1377389024396024,0.9711902074152213,0.19415601444095776,0.9644464544179925,-0.0062519256444490065,0.025732858822144544,0.1882542661340657,25.333333333333336,3.270835563798912,15.0,0,0
2021-03-15,VIAC,2.333333333333333,3.0,3.0,0.0,18.304143569631073,10.717894393142197,7.5862491764888755,0.5617777777777778,3.22230556005755,0.3333333333333333,2.77079353226225,1.3333333333333333,0.3333333333333333,0.0,0.0,0.0,0.0,491,0.24076190476190482,0.17604241071424775,0.14285714285714288,0.1513752075709979,0.14285714285714288,0.0,1.0,0.0,0.0,0.0,0.0,4.593383311346656,3.251249647066661,2.333333333333333,1.203972804325936,0.0047522063815342835,2.960319765594653,213.99999999999997,0.010903426791277258,0.88,-0.04370489228035809,1.5076023925197926,0.10536051565782611,0.6924773316607439,-0.003082587194736728,-0.04659483717357901,0.027321012321012333,8.291666666666666,2.229117941112173,12.0,0,0
2021-03-15,ZOM,2.3333333333333335,3.0,1.0,0.0,18.89771511641458,9.913704016192371,8.984011100222212,0.5756888888888889,4.587182705569964,1.7941176470588234,14.557261681096264,14.666666666666666,2.3333333333333335,0.0,3.6666666666666665,1.0,0.3333333333333333,491,0.2467238095238095,0.24273742499089376,0.76890756302521,0.7703186121401421,1.0,0.0,0.3333333333333333,0.0,1.5714285714285712,0.42857142857142855,0.14285714285714285,4.248730292653873,3.8502904715238047,2.3333333333333335,1.2039728043259361,0.004752206381534284,2.9906049068677003,213.99999999999997,0.010903426791277262,0.89,-0.0377429875184534,3.1528350252953183,0.5108256237659908,0.9812191155014924,0.0039104197982702685,0.21734677248677248,0.8369322543832347,1.5,0.9162907318741551,8.0,0,0
2021-03-16,AMC,28.18333333333333,36.0,28.0,5.0,286.19026572517595,167.51814870088373,118.67211702429225,11.481178333333334,114.99497648740972,14.651532823901247,158.02876397969433,75.93333333333335,15.833333333333334,0.0,11.45,4.0,0.0,226,0.40737474866942647,0.40181302531735164,0.5198651504636753,0.5521807793820873,0.5617977528089888,0.0,0.7777777777777778,0.1388888888888889,0.40626848018923717,0.14192785334121824,0.0,5.943872810202853,4.210719705178909,28.18333333333333,3.373597770063751,0.12470501474926252,5.660144942885096,130.0,0.21679487179487178,0.9772727272727273,-0.008203373617062415,1.327619907842715,0.7771000548672884,0.7191006639533959,0.15877306494128923,0.057504118559343065,0.1781747978432494,89.39999999999999,4.504244267398131,20.0,0,1
2021-03-16,BB,3.016666666666667,8.0,2.0,1.0,28.48988356516055,16.44986977151613,12.040013793644423,1.1700949999999999,11.469014848725076,-0.31579254079254077,-3.4518431422481606,12.600000000000001,0.0,0.3333333333333333,1.4500000000000002,0.0,0.0,226,0.3878767955801104,0.4025644689804981,-0.10468261020747206,-0.1211603106187952,0.0,0.11049723756906076,0.25,0.125,0.48066298342541436,0.0,0.0,5.452995504369987,3.991164793473289,3.016666666666667,1.3904523712685544,0.013348082595870208,3.3840472745372794,130.0,0.023205128205128208,0.9090909090909091,-0.027701326706378482,-0.025794653693780208,-0.4619317197759354,-0.015551348614853966,-0.0019116942247783368,-0.061392766458940595,-0.5718997391815996,14.608333333333334,2.7478049596620426,20.0,0,1
2021-03-16,GME,56.849999999999994,70.0,41.0,9.0,621.2350527262528,361.42618121202526,259.8088715142274,18.012222777777776,184.756003569911,17.13526619579251,183.23831732197013,336.09999999999997,27.833333333333336,8.5,33.45,13.5,1.0,226,0.31683769178149124,0.29740112499949956,0.3014118943850926,0.29495811048948345,0.4895924948695398,0.14951627088830258,0.5857142857142857,0.12857142857142856,0.5883905013192613,0.237467018469657,0.01759014951627089,6.357540566614341,4.570076895588873,56.849999999999994,4.0578534536396855,0.25154867256637164,6.433317919627329,130.0,0.4373076923076923,1.0,-0.09874043050499764,-0.29095465798067055,-0.5387083578118057,-0.17910261021812257,-0.021303789668275563,-0.009057988218283075,-0.04000532703342269,527.5940476190476,6.27022074145421,20.0,0,1
2021-03-16,NIO,2.75,4.0,2.0,1.0,26.38513482045741,15.169977609053339,11.215157211404074,-0.09995833333333326,1.0988685041197988,-0.8611111111111112,-11.643162307599852,11.25,0.0,0.75,2.0,0.0,0.0,226,-0.036348484848484824,0.041647257503031734,-0.31313131313131315,-0.4412773475226839,0.0,0.2727272727272727,0.5,0.25,0.7272727272727273,0.0,0.0,5.516355494201214,4.078238985965118,2.75,1.3217558399823195,0.012168141592920354,3.310000341373371,130.0,0.021153846153846155,0.8863636363636364,-0.4519266071349737,1.097182015113971,-0.20274646164599552,0.5159387041375477,0.00436479408442025,-0.4009962527715306,-0.513151801241225,8.25952380952381,2.225652622878333,18.0,0,1
2021-03-16,NOK,7.233333333333334,11.0,7.0,2.0,58.37995377561785,34.90680710418662,23.47314667143123,1.9803633333333333,18.047598777085575,3.2425407925407925,29.939433449224882,15.23333333333333,3.25,0.0,4.75,0.0,0.0,226,0.27378294930875574,0.30914034030330256,0.4482775289226901,0.5128375668863404,0.4493087557603686,0.0,0.6363636363636364,0.18181818181818182,0.6566820276497695,0.0,0.0,4.825825866938241,3.245135484529663,7.233333333333334,2.108190954965822,0.03200589970501475,4.083956690884954,130.0,0.055641025641025646,0.9545454545454546,-0.14179517297773314,2.1943162522335093,1.1919002230916669,1.0489032125652722,0.04863167984663312,-0.1067236249137527,0.07268465808218877,11.483333333333334,2.524394421295119,18.0,0,1
2021-03-16,PLTR,2.0,3.0,2.0,1.0,18.93006601857735,10.421357206410162,8.508708812167189,1.32025,12.708521895172856,0.5833333333333333,5.7249668263983065,7.0,1.0,0.0,1.5,0.0,0.0,226,0.660125,0.6713406008569187,0.29166666666666663,0.3024271981291566,0.5,0.0,0.6666666666666666,0.3333333333333333,0.75,0.0,0.0,5.210678603205081,4.2543544060835945,2.0,1.0986122886681098,0.008849557522123894,2.9922294467419137,130.0,0.015384615384615385,0.8636363636363636,0.24454687771351108,-2.069689923316466,-0.6961189509491028,-1.3840725523207034,-0.008063315189483417,0.2786481942329131,-0.040460674319765744,23.577380952380953,3.2018265464828315,20.0,0,1
2021-03-16,RKT,4.7,7.0,7.0,1.0,47.83205919725492,26.3079242018333,21.524134995421633,1.9798533333333335,20.227827153644835,1.042957042957043,10.274672791411884,47.2,2.5,0.0,0.0,0.5,0.0,226,0.421245390070922,0.4228926684972348,0.22190575382064742,0.2148072435903313,0.5319148936170213,0.0,1.0,0.14285714285714285,0.0,0.10638297872340426,0.0,5.597430681241127,4.579603190515241,4.7,1.7404661748405046,0.02079646017699115,3.8883870479248324,130.0,0.036153846153846154,0.9318181818181818,0.005667267784433105,-0.21044200777807792,-0.38691482912845054,-0.2776195594583515,0.001607784738625856,-0.04374778830436088,-0.10230572511835695,25.417857142857144,3.2740401884186183,18.0,0,1
2021-03-17,AMC,15.125,21.0,15.0,5.0,139.99535851309034,79.21815547897108,60.77720303411926,4.752016666666667,41.70677872197447,1.521861471861472,12.816436809833693,45.5,5.5,1.5,7.0,1.5,0.0,251,0.3141829201101929,0.29791543923275615,0.10061894028836178,0.09154901238125895,0.36363636363636365,0.09917355371900827,0.7142857142857143,0.23809523809523808,0.4628099173553719,0.09917355371900827,0.0,5.237563998609659,4.018327473330199,15.125,2.780370862681836,0.0602589641434263,4.948726971489471,116.0,0.13038793103448276,0.9795918367346939,-0.13476785662945073,0.1339619284229416,-0.593226907381915,0.07496629719584913,-0.08640694076038902,-0.04155651646197123,-0.2530789292153156,111.0,4.718498871295094,20.0,0,2
2021-03-17,BB,2.0,2.0,2.0,1.0,22.12578322033179,13.45672767960631,8.669055540725484,0.25,3.2938774384436043,0.0,0.0,0.0,0.0,0.0,0.0,0.0,0.0,251,0.125,0.14887054644089615,0.0,0.0,0.0,0.0,1.0,0.5,0.0,0.0,0.0,6.728363839803155,4.334527770362742,2.0,1.0986122886681098,0.00796812749003984,3.1409481518122684,116.0,0.017241379310344827,0.8877551020408163,-0.3239507767396436,-0.4751931896304188,-0.2918400826004446,-0.28045025146268343,-0.005963748894783381,-0.3225275170652074,-0.4522505332083269,14.291666666666666,2.7273080177066245,20.0,0,2
2021-03-17,GME,57.79166666666667,68.0,45.0,15.0,604.6849482933798,348.69237606194906,255.99257223143073,22.219811111111106,208.8371601129619,14.931884280150536,149.86745423280956,390.3333333333333,26.333333333333336,9.5,46.0,41.16666666666667,4.0,251,0.3844812304734438,0.34536523639685296,0.258374349476289,0.24784386424002272,0.45565969718817595,0.1643835616438356,0.6617647058823529,0.22058823529411764,0.7959625090122566,0.7123287671232877,0.0692141312184571,6.033609967906832,4.42957587134415,57.79166666666667,4.074000121504868,0.2302456839309429,6.406359963576398,116.0,0.4982040229885058,1.0,-0.06446954626619983,-0.2447056087629137,0.016146667865182707,-0.1508977660168913,0.060896330680813515,0.056696875488957243,-0.07988535577730072,518.4940476190476,6.252855352569978,20.0,0,2
2021-03-17,PLTR,4.0,5.0,4.0,0.0,34.2079895627406,19.575999351879204,14.631990210861394,2.4564833333333334,20.234295504440023,0.6458333333333333,5.094688049178896,15.0,1.5,0.0,3.0,0.0,0.0,251,0.6141208333333333,0.5915078834822627,0.16145833333333331,0.1489326942127005,0.375,0.0,0.8,0.0,0.75,0.0,0.0,4.893999837969801,3.6579975527153485,4.0,1.6094379124341003,0.01593625498007968,3.561273033063069,116.0,0.034482758620689655,0.9387755102040817,0.16517005659368972,-1.0758062245768187,0.5108256237659905,-0.7843113408629339,0.01909814323607427,0.2172298385337746,-0.1646720655191632,18.24404761904762,2.957201798322174,20.0,0,2
2021-03-17,RKT,3.5,6.0,4.0,2.0,33.092748340142265,17.288860367590747,15.80388797255152,1.3056222222222222,12.542227211183496,1.0277777777777777,8.710388590699553,49.83333333333333,2.1666666666666665,0.0,2.0,0.6666666666666666,0.0,251,0.37303492063492066,0.379002284194374,0.2936507936507936,0.26321139910080094,0.619047619047619,0.0,0.6666666666666666,0.3333333333333333,0.5714285714285714,0.19047619047619047,0.0,4.939674390740214,4.515396563586148,3.5,1.5040773967762742,0.013944223107569721,3.5290847030275603,116.0,0.03017241379310345,0.9183673469387755,-0.07591585610472296,-0.4070466940695899,-0.23638877806423042,-0.5338449089295523,-0.005981432360742705,-0.0909302331262612,-0.033420678861596054,23.16785714285714,3.1850235330629757,18.0,0,2
2021-03-17,UWMC,4.166666666666666,7.0,7.0,4.0,42.674004209645375,22.85054703647218,19.823457173173203,2.4477666666666664,26.48558798620328,1.8162931839402425,18.123019665150622,40.0,2.6666666666666665,0.0,2.0,0.6666666666666666,0.0,251,0.587464,0.6206492331042346,0.43591036414565826,0.4246852387256027,0.64,0.0,1.0,0.5714285714285714,0.4800000000000001,0.16,0.0,5.484131288753324,4.757629721561569,4.166666666666666,1.642227735257091,0.016600265604249667,3.7767530557520765,116.0,0.035919540229885055,0.9591836734693877,0.13851322326035637,0.440712944294821,0.9490805546971458,0.4321500629825159,0.028227232537577363,0.21152087436618594,0.15515587264852893,23.476190476190474,3.197700827731742,15.0,0,2
2021-03-17,ZOM,2.0,2.0,2.0,2.0,15.489124425816938,7.939515260662406,7.549609165154532,0.5835,4.607675861963926,1.1111111111111112,8.852477709180954,11.0,1.0,0.0,0.0,0.0,0.0,251,0.29175,0.29747813596770856,0.5555555555555556,0.5715286071577962,0.5,0.0,1.0,1.0,0.0,0.0,0.0,3.969757630331203,3.774804582577266,2.0,1.0986122886681098,0.00796812749003984,2.802701037879622,116.0,0.017241379310344827,0.8877551020408163,-0.1572007767396436,2.343504830310436,1.0986122886681098,0.8592377015290075,0.017241379310344827,0.2828888095238095,0.5271101774042951,3.3333333333333335,1.4663370687934272,7.0,0,2
2021-03-18,AMC,6.95,10.0,7.0,2.0,69.36037645536948,39.515731765642784,29.84464468972669,3.243966666666667,26.572591986195683,0.9388888888888891,8.231187665910442,16.85,2.0,0.7,3.0,0.0,0.0,204,0.46675779376498805,0.3831091084589779,0.13509192645883297,0.11867276515153964,0.28776978417266186,0.10071942446043164,0.7,0.2,0.4316546762589928,0.0,0.0,5.685716800811911,4.294193480536214,6.95,2.0731719286662407,0.034068627450980396,4.2536302702724615,100.0,0.0695,0.9545454545454546,0.0749785321306557,-1.5154934736040817,-0.7071989340155955,-0.7025654010081865,-0.060887931034482756,0.09763507747733313,-0.2256387488407823,103.375,4.64799018317102,20.0,0,3
2021-03-18,GME,33.36666666666666,41.0,31.0,7.0,388.5536603327717,223.0321416731092,165.5215186596626,9.25516111111111,106.78383871644321,6.586419358673362,84.27904764864297,225.4333333333333,12.0,5.783333333333333,62.5,2.5,1.0,204,0.27737745587745594,0.27482391653443594,0.1973951855746263,0.21690452633096619,0.35964035964035973,0.17332667332667337,0.7560975609756098,0.17073170731707318,1.8731268731268735,0.07492507492507494,0.029970029970029975,6.684279970223055,4.960684874914964,33.36666666666666,3.5370871023548043,0.16356209150326795,5.965001623043264,100.0,0.3336666666666666,1.0,-0.11440180575687642,-1.5029537807561035,-0.536913019150064,-0.7566950439980085,-0.1645373563218392,-0.061041364488448435,-0.13239301631568964,433.0357142857143,6.073126821695596,20.0,0,3
2021-03-18,PLTR,6.833333333333334,8.0,6.0,0.0,56.96785827723012,33.15463603333825,23.81322224389188,3.585688888888889,30.959499127971398,2.547619047619048,22.992917936884556,12.166666666666666,3.5,0.3333333333333333,1.0,0.0,0.0,204,0.5247349593495935,0.5434555565931433,0.37282229965156793,0.40361211799452107,0.5121951219512195,0.048780487804878044,0.75,0.0,0.14634146341463414,0.0,0.0,4.85189795609828,3.484861791789055,6.833333333333334,2.0583881324820035,0.0334967320261438,4.05988868930482,100.0,0.06833333333333334,0.9318181818181818,0.1329556977152611,-0.36148753834817715,0.4489502200479032,-0.2653225018000036,0.03385057471264369,0.10860463634629108,0.0529201257553607,15.577380952380953,2.8080391729581256,20.0,0,3
2021-03-18,RKT,6.2,10.0,5.0,2.0,54.40565202309324,26.73176402472437,27.673887998368862,1.7309500000000002,17.052236997733065,2.204040404040404,15.346380364164919,46.6,3.0,0.45,0.0,0.0,0.0,204,0.27918548387096775,0.31342767458232107,0.3554903877484522,0.28207327352038597,0.48387096774193544,0.07258064516129033,0.5,0.2,0.0,0.0,0.0,4.311574842697479,4.463530322317558,6.2,1.9740810260220096,0.030392156862745098,4.014681610626835,100.0,0.062,0.9090909090909091,-0.1125937777633646,-0.11313411297084079,0.47000362924573547,-0.1390451495226308,0.031827586206896546,-0.20343141592196012,0.013736375553522862,21.001190476190477,3.091096564448397,19.0,0,3
2021-03-18,SAVA,2.0,2.0,2.0,1.0,12.85539854654127,5.9989365619466835,6.856461984594587,0.8139333333333334,5.224285028370218,0.0,0.0,4.0,0.0,0.0,0.0,0.0,0.0,204,0.4069666666666667,0.40638841413250515,0.0,0.0,0.0,0.0,1.0,0.5,0.0,0.0,0.0,2.9994682809733417,3.4282309922972933,2.0,1.0986122886681098,0.00980392156862745,2.628674943440108,100.0,0.02,0.8636363636363636,0.015187405032334345,2.5574788467263927,1.0986122886681098,0.9050522381227153,0.02,0.2878991666666667,-0.05,1.0,0.6931471805599453,5.0,0,3
2021-03-18,SPY,2.9166666666666665,5.0,1.0,2.0,25.84486752602721,14.241724847000539,11.603142679026671,0.7953777777777777,8.021903423917255,-1.3209728867623605,-11.260823034707116,28.083333333333332,0.0,1.5833333333333333,3.0,0.0,4.0,204,0.2727009523809524,0.3103867108561789,-0.45290498974709503,-0.4357082899870485,0.0,0.5428571428571428,0.2,0.4,1.0285714285714287,0.0,1.3714285714285714,4.882877090400185,3.978220347094859,2.9166666666666665,1.3652409519220583,0.014297385620915032,3.2900746490896693,100.0,0.029166666666666664,0.8863636363636364,-0.11907830925337998,0.8568706606833542,0.9597758438138939,0.49512423628949376,0.02485632183908046,0.09513571022298445,-0.31154334710289655,5.083333333333334,1.8055527913603908,19.0,0,3
2021-03-18,UWMC,20.833333333333336,23.0,22.0,9.0,210.83531610093473,124.05562516300502,86.77969093792971,9.368455555555556,97.50220818357957,7.555173189383716,77.25515635233307,63.666666666666664,9.5,0.0,7.5,1.0,0.0,204,0.44968586666666666,0.46245671734094884,0.36264831309041834,0.3664241730514832,0.45599999999999996,0.0,0.9565217391304348,0.391304347826087,0.36,0.047999999999999994,0.0,5.95467000782424,4.1654251650206255,20.833333333333336,3.0834378539730967,0.10212418300653596,5.355809161953478,100.0,0.20833333333333337,0.9772727272727273,0.0579066050323343,1.9017324943778313,1.4412101187160056,1.7912487949356666,0.17241379310344832,0.04436954103285268,0.06009830338600608,20.89285714285714,3.0861604257610074,16.0,0,3
2021-03-19,AMC,5.75,8.0,5.0,0.0,54.720501907349785,32.46301745740951,22.257484449940275,3.390325,31.406889273766524,1.0263157894736843,13.099813631461535,30.0,2.0,1.25,3.0,0.0,0.0,231,0.5896217391304347,0.5739510453859362,0.17848970251716248,0.23939498313888882,0.34782608695652173,0.21739130434782608,0.625,0.0,0.5217391304347826,0.0,0.0,5.645742166506001,3.870866860859178,5.75,1.9095425048844386,0.024891774891774892,4.0203481565406305,115.0,0.05,0.9166666666666666,0.2259848589054162,-2.046499836419742,-0.16362942378180212,-0.8821044103370628,-0.019500000000000003,0.20749897287578473,-0.16285320972261694,76.125,4.345427482225552,20.0,0,4
2021-03-19,GME,44.25000000000001,49.0,33.0,8.0,453.9835528832012,256.014983476329,197.96856940687218,11.850330555555555,104.28182912195494,10.602162715165814,106.43797931639959,188.0,18.666666666666664,7.25,15.0,4.0,1.0,231,0.2678040803515379,0.22970398037477824,0.23959689751787147,0.23445338193514573,0.4218455743879472,0.16384180790960448,0.673469387755102,0.16326530612244897,0.33898305084745756,0.09039548022598869,0.02259887005649717,5.78564934409783,4.473865975296546,44.25000000000001,3.8122026701459353,0.1915584415584416,6.120261270788165,115.0,0.38478260869565223,1.0,-0.09583279987348059,-0.9838987588302254,0.275115567791131,-0.4867191124763721,0.05111594202898562,-0.07384361056027561,-0.08680196436520951,322.6607142857142,5.779695788987726,20.0,0,4
2021-03-19,GOEV,2.0,2.0,2.0,0.0,16.310076654718667,8.61159386683772,7.6984827878809465,0.8094,6.801926739126801,1.0,9.71020615550583,3.0,1.0,0.0,0.0,0.0,0.0,231,0.4047,0.41703830601917713,0.5,0.5953501237958051,0.5,0.0,1.0,0.0,0.0,0.0,0.0,4.30579693341886,3.8492413939404733,2.0,1.0986122886681098,0.008658008658008658,2.8512887975271672,115.0,0.017391304347826087,0.8055555555555556,0.041063119774981505,1.6963747797687916,0.6931471805599454,0.7373518631797553,0.012391304347826086,0.22090353395061726,0.3040969678469678,5.2,1.824549292051046,10.0,0,4
2021-03-19,NOK,3.2,4.0,4.0,2.0,28.88678579093661,15.897245814130928,12.98953997680568,0.93374,7.972315309663487,1.0,8.31752199628717,2.0,1.0,0.0,2.0,0.0,0.0,231,0.29179374999999996,0.2759848522906569,0.3125,0.2879351844986796,0.3125,0.0,1.0,0.5,0.625,0.0,0.0,4.967889316915914,4.059231242751775,3.2,1.4350845252893227,0.013852813852813853,3.397416435917957,115.0,0.02782608695652174,0.8888888888888888,-0.07184313022501854,0.6773185856937517,1.252762968495368,0.3815197048330421,0.025826086956521742,-0.04304694126059583,-0.020711539879663787,13.633333333333335,2.683302031413016,18.0,0,4
2021-03-19,PLTR,2.5,3.0,3.0,0.0,24.75765477172147,13.82528397378924,10.93237079793223,0.58765,3.668363697252952,1.0,8.211482916445066,3.0,1.0,0.0,3.0,0.0,0.0,231,0.23506,0.14817088819911195,0.4,0.33167450601275583,0.4,0.0,1.0,0.0,1.2,0.0,0.0,5.530113589515696,4.372948319172892,2.5,1.252762968495368,0.010822510822510822,3.2487318556211866,115.0,0.021739130434782608,0.8333333333333334,-0.1285768802250185,-1.421388501972319,-0.8056251639866354,-1.0359193458625402,-0.046594202898550735,-0.18524883346608462,0.0786467325638388,19.910714285714285,3.040261672862568,20.0,0,4
2021-03-19,RKT,11.083333333333334,14.0,11.0,4.0,107.70987483007097,59.81612099778409,47.89375383228687,5.23211388888889,49.208337684337835,5.569444444444445,51.33750292023844,90.66666666666667,7.833333333333333,0.25,14.0,0.0,0.0,231,0.472070426065163,0.45686003963862754,0.5025062656641603,0.4766276351284533,0.706766917293233,0.022556390977443608,0.7857142857142857,0.2857142857142857,1.263157894736842,0.0,0.0,5.396943247920369,4.321240947274003,11.083333333333334,2.4918270926325743,0.04797979797979798,4.688682634803885,115.0,0.0963768115942029,0.9444444444444444,0.10843354584014447,0.2809263226219866,0.5177460666105647,0.3401955060031301,0.0343768115942029,0.005295918745353345,0.1879667450708194,24.492857142857147,3.2383983008808563,19.0,0,4
2021-03-19,TSLA,3.0,3.0,3.0,1.0,22.418379903356502,12.290229953536896,10.128149949819608,1.5689666666666668,10.134683078317604,2.6,19.4578873975913,9.0,3.0,0.0,1.0,1.0,0.0,231,0.522988888888889,0.4520702710011721,0.8666666666666667,0.8679435124871823,1.0,0.0,1.0,0.3333333333333333,0.3333333333333333,0.3333333333333333,0.0,4.096743317845632,3.376049983273203,3.0,1.3862943611198906,0.012987012987012988,3.153521180002116,115.0,0.02608695652173913,0.8611111111111112,0.15935200866387045,-0.006832800379275151,1.3862943611198906,-0.004968667513628899,0.02608695652173913,0.20804910473597632,0.7031552371688001,9.676190476190476,2.3680160729146364,19.0,0,4
2021-03-19,UWMC,24.833333333333332,27.0,26.0,11.0,240.37641835765922,139.89158306012325,100.48483529753601,9.176072222222222,96.68963103465882,9.37142857142857,98.53008491779428,31.166666666666664,9.833333333333334,1.0,5.0,0.0,0.0,231,0.36950626398210296,0.4022425814282375,0.3773729626078619,0.40989913066759354,0.39597315436241615,0.04026845637583893,0.9629629629629629,0.4074074074074074,0.20134228187919465,0.0,0.0,5.633218109803622,4.046369206612188,24.833333333333332,3.2516656476911914,0.1075036075036075,5.486357616889505,115.0,0.21594202898550724,0.9722222222222222,0.0058693837570844565,1.858914551504291,0.1682277937180947,1.8053046959551067,0.007608695652173869,-0.05829435498504443,0.056690537248928696,38.39285714285714,3.6735845090782986,17.0,0,4
2021-03-22,AAPL,2.2,3.0,2.0,1.0,19.375425651858507,9.216587100656405,10.158838551202098,0.17576666666666668,1.259012678849213,0.9647058823529412,8.009912216178078,4.4,1.0,0.0,0.0,0.0,0.0,254,0.07989393939393939,0.06497987200237057,0.4385026737967914,0.4134057418970695,0.45454545454545453,0.0,0.6666666666666666,0.3333333333333333,0.0,0.0,0.0,4.189357773025638,4.617653886910045,2.2,1.1631508098056809,0.008661417322834646,3.014329549797476,127.0,0.01732283464566929,0.9090909090909091,-0.17894943211436043,1.1344059613526674,0.4700036292457356,0.5342236322718952,0.008627182471756248,-0.14772668653576854,0.1179374815421409,2.75,1.3217558399823195,17.0,0,0
2021-03-22,AG,2.125,3.0,0.0,1.0,19.587554756650217,10.83468933897709,8.752865417673123,1.1456916666666668,8.769960218470777,-0.022727272727272728,-0.2756040955249912,16.75,0.0,0.0,0.0,0.0,0.0,254,0.5391490196078432,0.44773124197614644,-0.010695187165775402,-0.01407036758538838,0.0,0.0,0.0,0.3333333333333333,0.0,0.0,0.0,5.098677335989219,4.118995490669705,2.125,1.1394342831883648,0.008366141732283465,3.024686755203936,127.0,0.01673228346456693,0.8896103896103896,0.2803056480995434,3.0397111294738024,0.44628710262841953,0.9375749757692572,0.008036631290653887,0.40111438997821364,-0.12958407605466432,1.0,0.6931471805599453,7.0,0,0
2021-03-22,AI,2.0,2.0,1.0,2.0,15.8025472951465,7.438971592395863,8.363575702750637,0.7616333333333334,5.875298927538101,0.6,4.322043312649857,10.0,1.0,0.0,0.0,0.0,0.0,254,0.3808166666666667,0.3717944213552587,0.3,0.2735029506272893,0.5,0.0,0.5,1.0,0.0,0.0,0.0,3.7194857961979313,4.181787851375319,2.0,1.0986122886681098,0.007874015748031496,2.8215304996264496,127.0,0.015748031496062992,0.8636363636363636,0.12197329515836686,5.645759287085204,1.0986122886681098,1.0292975706121152,0.015748031496062992,0.31438,0.31160714285714286,0.8333333333333333,0.6061358035703155,3.0,0,0
2021-03-22,AMC,8.125,13.0,8.0,1.0,85.50345097757827,46.14953223383504,39.3539187437432,3.9495,39.13101046069311,1.332987012987013,7.973829381944633,60.75,4.0,1.0,4.5,0.0,0.0,254,0.4860923076923077,0.4576541649874987,0.16405994005994007,0.09325739827782653,0.49230769230769234,0.12307692307692308,0.6153846153846154,0.07692307692307693,0.5538461538461539,0.0,0.0,5.679942428779697,4.843559229999163,8.125,2.211017899468555,0.03198818897637795,4.460184308836568,127.0,0.0639763779527559,0.974025974025974,0.22724893618400788,-1.2633028731674585,0.30147539458411665,-0.5697370907987205,0.0139763779527559,0.07875215818483966,-0.16796269080006143,68.425,4.240247033192863,20.0,0,0
2021-03-22,GME,45.82500000000001,57.0,40.0,12.0,525.0636077323278,302.4606709013076,222.60293683102014,13.418676111111111,172.6227153908221,12.532559979449367,159.21984879045826,330.3999999999999,21.249999999999996,5.0,30.5,2.0,2.0,254,0.2928243559435048,0.32876533975827066,0.27348739726021526,0.3032391627332644,0.46372067648663373,0.10911074740861973,0.7017543859649122,0.21052631578947367,0.6655755591925804,0.04364429896344789,0.04364429896344789,6.600341972750846,4.857674562597274,45.82500000000001,3.8464172483301526,0.1804133858267717,6.265422132674371,127.0,0.3608267716535434,1.0,0.033980984435204975,-0.9039683035206124,0.03421457818421736,-0.4496663491441284,-0.023955837042108852,-0.04989810359619279,-0.05151878731638171,290.40119047619044,5.674700979120606,20.0,0,0
2021-03-22,NIO,2.125,5.0,2.0,0.0,10.756465099129723,2.7728440543678703,7.983621044761853,-0.3186027777777778,0.208647161500351,-0.10416666666666666,-0.02561239700545448,1.5,0.29166666666666663,0.3333333333333333,0.0,0.0,0.0,254,-0.14993071895424837,0.01939737261056442,-0.04901960784313725,-0.002381116544275006,0.1372549019607843,0.1568627450980392,0.4,0.0,0.0,0.0,0.0,1.3048677902907624,3.7569981387114604,2.125,1.1394342831883648,0.008366141732283465,2.464403310476514,127.0,0.01673228346456693,0.8896103896103896,-0.4087740904625482,0.6707416306564424,1.1394342831883648,0.35918593419240474,0.01673228346456693,-0.46103746687251007,-0.22906527724799175,6.467857142857143,2.010608096259384,17.0,0,0
2021-03-22,NOK,2.0,2.0,2.0,1.0,15.188415681965148,7.958576903813898,7.22983877815125,1.1792,8.760136469963324,1.0,9.655026193237628,1.0,1.0,0.0,0.0,0.0,0.0,254,0.5896,0.5767643349638623,0.5,0.6356835627498717,0.5,0.0,1.0,0.5,0.0,0.0,0.0,3.979288451906949,3.614919389075625,2.0,1.0986122886681098,0.007874015748031496,2.7842959050855374,127.0,0.015748031496062992,0.8636363636363636,0.3307566284917002,0.05661982652357963,-0.33647223662121295,0.032225991764445405,-0.012078055460458748,0.240154436054219,0.15449679345366957,12.633333333333333,2.6125177743806463,18.0,0,0
2021-03-22,PLTR,4.625,7.0,5.0,0.0,48.73834313834003,27.114994396569333,21.623348741770698,0.8786916666666666,8.81393344137552,1.0982142857142858,10.446123706649832,9.25,1.125,0.0,0.0,0.0,0.0,254,0.18998738738738738,0.18084187672030314,0.23745173745173748,0.21433071036082035,0.24324324324324326,0.0,0.7142857142857143,0.0,0.0,0.0,0.0,5.862701491150126,4.67531864686934,4.625,1.7272209480904839,0.018208661417322834,3.9067761273729267,127.0,0.03641732283464567,0.935064935064935,-0.06885598412091246,-0.6375934682906611,0.4744579795951158,-0.44748823248876457,0.014678192399863059,-0.22490980250439999,-0.0865191432948082,20.351190476190474,3.0611074981290236,20.0,0,0
2021-03-22,RKT,4.874999999999999,11.0,6.0,1.0,51.78653476890784,28.29549890025879,23.491035868649046,1.8065944444444442,18.786688828563793,1.8407575757575758,18.20675894474314,31.124999999999996,2.625,0.5,1.0,0.0,0.0,254,0.3705834757834758,0.36277169176114,0.37759129759129767,0.351573223155188,0.5384615384615385,0.10256410256410259,0.5454545454545454,0.09090909090909091,0.20512820512820518,0.0,0.0,5.8042049026171885,4.818674024338267,4.874999999999999,1.7707060600302225,0.01919291338582677,3.966256134872101,127.0,0.03838582677165354,0.948051948051948,0.11174010427517594,-0.4590755616547273,-0.7211210326023518,-0.5055168812308504,-0.057990984822549364,-0.119794552839592,0.037926463714748726,32.87619047619047,3.522712421790932,20.0,0,0
2021-03-22,SPY,2.7,8.0,1.0,0.0,27.957476927684876,15.573836135870517,12.38364079181436,0.7732083333333334,7.866388376722598,0.7063259289729877,6.95951634231439,28.525,1.25,0.125,0.0,0.0,0.0,254,0.28637345679012344,0.28136975296697503,0.2616021959159214,0.24893220372911165,0.4629629629629629,0.046296296296296294,0.125,0.0,0.0,0.0,0.0,5.768087457729821,4.586533626597911,2.7,1.308332819650179,0.01062992125984252,3.365828441059301,127.0,0.02125984251968504,0.922077922077922,0.027530085281823602,0.6896414258429344,1.308332819650179,0.41128798508073494,0.02125984251968504,0.14043816701310793,0.43227575471414126,6.625,2.031432322493475,18.0,0,0
2021-03-22,TSLA,5.491666666666666,13.0,6.0,4.0,61.20058320992223,33.03607966860195,28.164503541320286,1.8289944444444446,21.160716218289405,1.6502599116569705,20.940908316361245,36.31666666666666,2.5833333333333335,0.4583333333333333,3.0,0.0,0.0,254,0.33304906423874564,0.3457600419542848,0.300502563579418,0.34216844379623773,0.47040971168437035,0.0834597875569044,0.46153846153846156,0.3076923076923077,0.5462822458270107,0.0,0.0,6.015674598227973,5.128589415718413,5.491666666666666,1.8705193030887022,0.021620734908136482,4.130364376066485,127.0,0.043241469816272964,0.961038961038961,0.0742056927304458,0.6243734191566886,0.4842249419688116,0.4258642429551147,0.017154513294533835,0.006058724530277393,0.07699113408155148,10.45,2.4379897300002487,19.0,0,0
2021-03-22,UWMC,9.333333333333334,13.0,10.0,3.0,95.53572265314125,52.371815332419,43.16390732072224,3.293294444444445,32.38707725661311,2.499090909090909,24.19374018573888,33.33333333333333,3.8333333333333335,0.5,6.0,1.0,0.0,254,0.35285297619047623,0.33900489112538484,0.26775974025974025,0.25324286574539645,0.4107142857142857,0.05357142857142857,0.7692307692307693,0.23076923076923078,0.6428571428571428,0.10714285714285714,0.0,5.611265928473464,4.6247043557916685,9.333333333333334,2.3353749158170367,0.03674540682414698,4.569913122778249,127.0,0.07349081364829396,0.987012987012987,0.0940096046821764,0.7350225098803148,-0.9162907318741547,0.7264306816963924,-0.14245121533721328,-0.09342295597577627,-0.07179133322958603,57.726190476190474,4.072885802390425,18.0,0,0
2021-03-23,AMC,4.583333333333333,7.0,3.0,2.0,47.32809830126671,26.29133116614947,21.03676713511723,1.622125,16.07276549559728,2.926282051282051,30.36600746931974,29.083333333333332,3.5833333333333335,0.0,0.5,1.0,0.0,114,0.35391818181818185,0.33960302806350245,0.6384615384615384,0.6416063302612566,0.7818181818181819,0.0,0.42857142857142855,0.2857142857142857,0.1090909090909091,0.2181818181818182,0.0,5.736290436250793,4.589840102207396,4.583333333333333,1.7197859696029656,0.0402046783625731,3.878013136878129,69.0,0.06642512077294685,0.9117647058823529,-0.06464227013787122,-2.1994196415011196,-0.4912319298655896,-1.0301049491750482,0.0024487428201909467,-0.0723464958138666,0.31603394328138934,64.13333333333333,4.176436450940573,20.0,0,1
2021-03-23,AMRS,4.0,4.0,4.0,1.0,33.98169908117125,17.882735690255455,16.098963390915795,2.0841333333333334,17.533872749475858,-0.3333333333333333,-2.990440490501227,6.0,0.0,1.0,0.0,0.0,0.0,114,0.5210333333333333,0.5159798722127792,-0.08333333333333333,-0.08800149996496748,0.0,0.25,1.0,0.25,0.0,0.0,0.0,4.470683922563864,4.024740847728949,4.0,1.6094379124341003,0.03508771929824561,3.554825041343112,69.0,0.057971014492753624,0.8529411764705882,0.10247288137728028,6.327953957374983,1.6094379124341003,1.5545072980006949,0.057971014492753624,0.49117833333333333,-0.08333333333333333,0.0,0.0,1.0,0,1
2021-03-23,FB,3.0,3.0,3.0,2.0,26.71664432665717,13.2148477501923,13.501796576464873,0.9944666666666666,8.548431007937594,-1.0,-10.576508553462482,2.0,0.0,1.0,0.0,0.0,0.0,114,0.3314888888888889,0.31996649367406493,-0.3333333333333333,-0.39587713277709496,0.0,0.3333333333333333,1.0,0.6666666666666666,0.0,0.0,0.0,4.4049492500641,4.500598858821625,3.0,1.3862943611198906,0.02631578947368421,3.3220331109569305,69.0,0.043478260869565216,0.8235294117647058,-0.08707156306716418,3.9277521552266084,0.8031480757742738,1.1085466726856819,0.037244665069040284,0.13625788581191353,-0.4673205863903538,1.625,0.965080896043587,12.0,0,1
2021-03-23,GME,17.083333333333336,20.0,14.0,3.0,178.52602427671246,98.82913797845178,79.6968862982607,5.479025,58.55914848951943,5.556106612685561,47.37132208112923,83.08333333333334,8.083333333333332,1.5,0.0,0.0,0.0,114,0.3207234146341463,0.3280146338707106,0.3252355090352523,0.2653468718247175,0.47317073170731694,0.08780487804878048,0.7,0.15,0.0,0.0,0.0,5.7851202719093715,4.665183588190869,17.083333333333336,2.8949907037524594,0.14985380116959066,5.190320179462419,69.0,0.24758454106280198,1.0,-0.0978370373219068,-2.710742895003294,-0.9514265445776933,-1.3735115806245708,-0.1132422305907414,-0.02502468494801291,-0.00022263522501742017,238.08333333333334,5.476812166193365,20.0,0,1
2021-03-23,PLTR,4.533333333333333,6.0,5.0,2.0,39.309399646580395,22.60746248838908,16.70193715819132,2.899537777777778,25.17100848563409,1.6666666666666667,17.079087721609646,3.0666666666666664,2.0,0.3333333333333333,1.0,0.0,0.0,114,0.6396039215686276,0.640330524300535,0.36764705882352944,0.43447846762257514,0.4411764705882353,0.07352941176470588,0.8333333333333334,0.3333333333333333,0.22058823529411764,0.0,0.0,4.986940254791708,3.6842508437186736,4.533333333333333,1.7107904066943878,0.039766081871345026,3.696584683606616,69.0,0.06570048309178744,0.8823529411764706,0.22104346961257448,-0.6146704385744675,-0.01643054139609612,-0.3553076101283206,0.029283160257141776,0.24223953428565048,0.05709688185562489,19.958333333333336,3.0425363397517935,20.0,0,1
2021-03-23,RKT,7.333333333333333,8.0,7.0,1.0,74.1728654985052,40.72656206233169,33.446303436173515,4.0936,41.10854761190677,4.291666666666667,41.771809635020745,17.333333333333332,4.333333333333333,0.0,2.0,0.0,0.0,114,0.5582181818181818,0.5542262299780669,0.5852272727272728,0.5631683413372046,0.5909090909090909,0.0,0.875,0.125,0.27272727272727276,0.0,0.0,5.553622099408867,4.560859559478207,7.333333333333333,2.120263536200091,0.06432748538011696,4.319790334703677,69.0,0.10628019323671498,0.9705882352941176,0.13965772986212877,-0.11762727898368615,0.34955747616986854,-0.1302058093286096,0.06789436646506145,0.06822409261348744,0.23479608151832876,30.358333333333334,3.445480047811391,20.0,0,1
2021-03-23,TSLA,2.0,2.0,1.0,0.0,24.257256073206005,14.390743756794773,9.866512316411232,0.2509666666666666,1.6644113794003894,-0.3333333333333333,-2.2106672591318763,3.0,0.0,1.0,0.0,0.0,0.0,114,0.1254833333333333,0.06861498985612223,-0.16666666666666666,-0.09113426730790576,0.0,0.5,0.5,0.0,0.0,0.0,0.0,7.195371878397387,4.933256158205616,2.0,1.0986122886681098,0.017543859649122806,3.2291134836746203,69.0,0.028985507246376812,0.7941176470588235,-0.2930771186227198,-0.5042978046265862,-0.7719070144205924,-0.34280323925902345,-0.014255962569896152,-0.2050609702339183,-0.3856722882245808,12.2,2.580216829592325,19.0,0,1
2021-03-23,UWMC,6.0,7.0,7.0,4.0,58.293091391328176,31.306371571480987,26.986719819847192,1.2952499999999998,14.163032140523546,1.1428571428571428,11.707797773648768,15.0,1.5,0.0,0.5,1.0,0.0,114,0.21587499999999996,0.24296244722115515,0.19047619047619047,0.2008436590719299,0.25,0.0,1.0,0.5714285714285714,0.08333333333333333,0.16666666666666666,0.0,5.2177285952468315,4.497786636641199,6.0,1.9459101490553132,0.05263157894736842,4.0824927965409685,69.0,0.08695652173913043,0.9411764705882353,-0.20268545195605311,0.28357776801475343,-0.3894647667617235,0.2828353175685856,0.01346570809083647,-0.21387791430910966,-0.14674858431183713,60.166666666666664,4.113602378826515,18.0,0,1
2021-03-24,AMC,5.5,7.0,7.0,1.0,44.090698440743765,23.923905536502556,20.166792904241213,-0.44186666666666674,-3.829610849482399,-0.4523809523809524,-3.699766373468006,7.5,1.5,2.0,0.5,1.0,0.0,139,-0.08033939393939395,-0.0868575682607807,-0.08225108225108226,-0.08391262793081748,0.2727272727272727,0.36363636363636365,1.0,0.14285714285714285,0.09090909090909091,0.18181818181818182,0.0,4.349801006636828,3.666689618952948,5.5,1.8718021769015913,0.039568345323741004,3.808675982238591,85.0,0.06470588235294118,0.9318181818181818,-0.39099016176983814,-1.5922982461422999,0.15201620729862575,-0.8311233725377871,-0.001719238420005667,-0.49638846874265263,-0.42733784803895897,40.53333333333333,3.726496317685243,20.0,0,2
2021-03-24,APHA,2.0,2.0,2.0,0.0,17.564798139873268,9.571853592555165,7.992944547318107,1.2836,11.573921544740006,0.6666666666666666,6.187199223749829,12.0,1.0,0.0,3.0,0.0,0.0,139,0.6418,0.658927102524818,0.3333333333333333,0.35224994756441136,0.5,0.0,1.0,0.0,1.5,0.0,0.0,4.785926796277582,3.9964722736590534,2.0,1.0986122886681098,0.014388489208633094,2.9212672144147063,85.0,0.023529411764705882,0.8636363636363636,0.33114923216955583,2.493067915768232,1.0986122886681098,0.8594333964950643,0.023529411764705882,0.49296775058275066,0.20178848928848925,1.5,0.9162907318741551,9.0,0,2
2021-03-24,CRSR,2.125,3.0,3.0,0.0,16.35616448483467,9.644130463027533,6.712034021807137,1.8454791666666666,14.23400623833706,1.0583333333333333,8.360469046894329,8.875,1.125,0.0,6.0,0.0,0.0,139,0.8684607843137254,0.8702533073407728,0.4980392156862745,0.5111509519634693,0.5294117647058824,0.0,1.0,0.0,2.823529411764706,0.0,0.0,4.5384143355423685,3.1586042455562997,2.125,1.1394342831883648,0.015287769784172662,2.853947745007737,85.0,0.025,0.8977272727272727,0.5578100164832812,1.4521573740715852,0.44628710262841953,0.6829430383725912,0.010507246376811595,0.6175532843137255,0.1701027077497666,2.125,1.1394342831883648,13.0,0,2
2021-03-24,GME,32.083333333333336,36.0,31.0,3.0,388.80929549284866,227.644411639211,161.16488385363763,10.68720277777778,137.3682674420154,12.128915202444611,150.5644576641683,180.91666666666666,15.333333333333332,0.5,11.5,2.333333333333333,0.0,139,0.33310761904761904,0.3533049981942677,0.37804411020606576,0.3872450052237437,0.47792207792207786,0.015584415584415583,0.8611111111111112,0.08333333333333333,0.3584415584415584,0.07272727272727271,0.0,7.0954102329104725,5.023321055178315,32.083333333333336,3.4990296308991904,0.23081534772182255,5.965657633615319,85.0,0.3774509803921569,1.0,0.022456851217174834,-1.2740421815807852,0.604038927146731,-0.7338116111131385,0.12986643932935493,-0.016249972219512687,0.04679568279003826,198.3166666666667,5.294894849746707,20.0,0,2
2021-03-24,PLTR,6.625,8.0,7.0,2.0,58.894917107175324,33.379722766984635,25.51519434019069,1.5636791666666665,14.21577728031951,2.5583333333333336,20.310368425189317,6.875,2.625,0.0,0.0,0.0,0.0,139,0.2360270440251572,0.2413752829374059,0.38616352201257864,0.34485774703153205,0.39622641509433965,0.0,0.875,0.25,0.0,0.0,0.0,5.03844871954485,3.851350089085387,6.625,2.031432322493475,0.047661870503597124,4.092591645213313,85.0,0.07794117647058824,0.9545454545454546,-0.074623723805287,-0.007467190031021307,0.3206419157990874,-0.004331529389562938,0.012240693378800793,-0.1798998890630272,0.06753593235057864,22.491666666666667,3.1566457483320667,20.0,0,2
2021-03-24,RKT,8.0,8.0,8.0,2.0,77.69003198071776,43.76474828898911,33.925283691728644,3.8348,38.76473376023989,2.0,20.69002410676716,11.0,3.0,1.0,4.0,0.0,0.0,139,0.47935,0.49896663409613584,0.25,0.26631504170190473,0.375,0.125,1.0,0.25,0.5,0.0,0.0,5.470593536123639,4.2406604614660806,8.0,2.1972245773362196,0.05755395683453238,4.365516488960811,85.0,0.09411764705882353,0.9772727272727273,0.1686992321695558,-0.05290460353087796,0.07696104113612856,-0.05851279397537246,-0.012162546177891448,-0.024441793167398307,-0.12496728012003294,32.99166666666667,3.5261153965355123,20.0,0,2
2021-03-24,TSLA,2.125,4.0,1.0,0.0,17.33521547875482,8.925542929798246,8.409672548956575,1.0611625,8.946676310687506,1.356578947368421,11.282252190039392,13.875,2.125,0.0,0.0,0.0,0.0,139,0.4993705882352941,0.5160983618376195,0.638390092879257,0.6508284943943363,1.0,0.0,0.25,0.0,0.0,0.0,0.0,4.200255496375645,3.957492964214859,2.125,1.1394342831883648,0.015287769784172662,2.908823553772465,85.0,0.025,0.8977272727272727,0.18871982040484991,-0.3991663965873323,0.040821994520255034,-0.2718261997450102,-0.0039855072463768106,0.17246602754288765,0.4223628745785565,12.45,2.598979106047848,19.0,0,2
2021-03-25,AMC,8.791666666666668,13.0,11.0,2.0,74.99680233329728,43.476238972731814,31.52056336056546,2.4230444444444443,22.869037042920322,2.1654965404965405,22.00547820109388,39.83333333333333,4.333333333333333,1.8333333333333333,4.0,1.0,0.0,274,0.2756069510268562,0.30493349491471405,0.24631240271050694,0.2934188860919451,0.49289099526066343,0.20853080568720375,0.8461538461538461,0.15384615384615385,0.45497630331753547,0.11374407582938387,0.0,4.945164622490822,3.585277349069057,8.791666666666668,2.2815316837962136,0.03208637469586375,4.330691264839294,79.0,0.11128691983122364,0.9666666666666667,-0.022526171935416894,-0.7178129108516808,0.4097295068946223,-0.3951975532525802,0.04658103747828246,-0.12378564333957609,-0.07278738267511495,30.90833333333333,3.4628672086952483,20.0,0,3
2021-03-25,BCRX,2.5,3.0,3.0,2.0,25.727402821974575,14.49503147154028,11.232371350434297,-0.4295500000000001,-5.211886666965611,1.5,14.868346133767457,3.5,1.5,0.0,0.0,0.0,0.0,274,-0.17182000000000003,-0.20258114287828452,0.6,0.577918658818835,0.6,0.0,1.0,0.6666666666666666,0.0,0.0,0.0,5.798012588616112,4.492948540173719,2.5,1.252762968495368,0.009124087591240875,3.2856893620173095,79.0,0.03164556962025317,0.8666666666666667,-0.4699531229622731,5.161856631448328,1.252762968495368,1.1631749950339654,0.03164556962025317,-0.21818333333333337,0.6,0.5,0.4054651081081644,3.0,0,3
2021-03-25,GME,33.0,40.0,32.0,4.0,354.616934238907,206.31506947767033,148.30186476123686,9.790977777777776,111.44994071122903,6.3678774928774935,84.71192348211301,113.16666666666666,12.333333333333332,7.166666666666667,9.0,6.0,0.0,274,0.29669629629629624,0.3142826242926817,0.19296598463265133,0.23888290519437577,0.3737373737373737,0.21717171717171718,0.8,0.1,0.2727272727272727,0.18181818181818182,0.0,6.251971802353647,4.493995901855662,33.0,3.5263605246161616,0.12043795620437957,5.873854124100104,79.0,0.4177215189873418,1.0,-0.0014368266659768314,-1.2578066572141426,0.027330893716971172,-0.7127808737063548,0.04027053859518487,-0.04962747473978446,-0.13959806328105892,172.60833333333335,5.156801804146336,20.0,0,3
2021-03-25,PLBY,2.0,2.0,2.0,2.0,14.705867907811925,7.426549072397305,7.27931883541462,0.6364,4.680465167223135,0.6666666666666666,4.736643632179895,8.0,1.0,0.0,0.0,0.0,0.0,274,0.3182,0.3182719439997702,0.3333333333333333,0.32209208336923356,0.5,0.0,1.0,1.0,0.0,0.0,0.0,3.7132745361986523,3.63965941770731,2.0,1.0986122886681098,0.0072992700729927005,2.75403439461628,79.0,0.02531645569620253,0.7666666666666667,0.020066877037726916,0.0,1.0986122886681098,1.0986122886681098,0.02531645569620253,0.3182,0.3333333333333333,0.0,0.0,0.0,1,3
2021-03-25,PLTR,7.125,9.0,8.0,1.0,61.622653349091344,34.89265199852204,26.73000135056929,3.1759333333333335,27.781422615959443,2.833333333333333,27.462909799199764,9.0,3.5,0.0,2.0,0.0,0.0,274,0.4457450292397661,0.45083132754083355,0.39766081871345027,0.44566256573897944,0.49122807017543857,0.0,0.8888888888888888,0.1111111111111111,0.2807017543859649,0.0,0.0,4.8972143155820405,3.7515791369220053,7.125,2.094945728215801,0.026003649635036496,4.13712708723136,79.0,0.09018987341772151,0.9333333333333333,0.14761190627749304,0.14102749927087366,0.06351340572232589,0.08058970229827489,0.012248696947133278,0.04026296669175683,0.07716561472549527,25.116666666666667,3.26257368013392,20.0,0,3
2021-03-25,RKT,2.333333333333333,4.0,4.0,0.0,21.727073090991034,12.168069458513614,9.559003632477419,0.7205277777777778,6.9383250302357276,0.2685185185185185,2.7594890065290087,13.0,1.3333333333333333,0.5,1.0,0.0,0.0,274,0.3087976190476191,0.3193400694690281,0.11507936507936509,0.1270069371503707,0.5714285714285715,0.2142857142857143,1.0,0.0,0.4285714285714286,0.0,0.0,5.21488691079155,4.0967158424903225,2.333333333333333,1.203972804325936,0.008515815085158149,3.1235568610289017,79.0,0.02953586497890295,0.8333333333333334,0.010664496085346031,-1.048371182729797,-0.9932517730102837,-1.1141717681176098,-0.06458178207992057,-0.19328877938293715,-0.22830896767224682,37.49166666666667,3.650441767648559,20.0,0,3
2021-03-25,UWMC,4.5,5.0,5.0,3.0,37.64424059074254,21.17957236736529,16.464668223377256,1.9814,17.16245461363703,1.25,9.756511059627545,19.5,2.0,0.5,6.0,2.0,0.0,274,0.4403111111111111,0.45591182991901336,0.2777777777777778,0.25917672681187953,0.4444444444444444,0.1111111111111111,1.0,0.6,1.3333333333333333,0.4444444444444444,0.0,4.706571637192287,3.6588151607505015,4.5,1.7047480922384253,0.016423357664233577,3.65439774945988,79.0,0.056962025316455694,0.9,0.14217798814883803,-0.021562503261259296,1.0116009116784799,-0.02096488767307081,0.04519731943410275,0.010229446802001496,-0.06897080653405929,62.0,4.143134726391533,18.0,0,3
2021-03-25,VIAC,2.125,3.0,1.0,1.0,11.119156560073437,3.772999575752224,7.346156984321212,1.3800833333333333,7.651745892366894,-1.1666666666666667,-7.185524083338458,25.5,0.0,1.0,0.0,0.0,0.0,274,0.6494509803921569,0.6881588410979581,-0.5490196078431373,-0.6462292391079527,0.0,0.47058823529411764,0.3333333333333333,0.3333333333333333,0.0,0.0,0.0,1.7755292121186936,3.457015051445276,2.125,1.1394342831883648,0.007755474452554745,2.494787387466603,79.0,0.02689873417721519,0.8,0.3513178574298838,1.3294004213292914,0.44628710262841953,0.45406029250083635,0.01513402829486225,0.21781940247783704,-0.665758424581954,5.125,1.8123787564307907,17.0,0,3
2021-03-26,AMC,5.533333333333333,8.0,6.0,0.0,48.00660596152076,29.47671991905321,18.529886042467552,2.8073266666666665,22.837547253178045,1.6800000000000002,10.88930174754564,15.5,2.5,0.8333333333333333,7.0,2.0,0.0,180,0.5073481927710843,0.4757167643028808,0.30361445783132535,0.22682923588211704,0.45180722891566266,0.1506024096385542,0.75,0.0,1.2650602409638554,0.3614457831325301,0.0,5.327118057660218,3.348774585988112,5.533333333333333,1.8769172775683618,0.03074074074074074,3.8919551045650684,75.0,0.07377777777777778,0.9642857142857143,0.202116365838502,-1.3855129257996552,-0.40461440622785183,-0.7582313001584451,-0.03750914205344587,0.11751275376141324,0.003180233465845561,32.75,3.518980417318539,20.0,0,4
2021-03-26,BB,2.0,2.0,2.0,1.0,16.163566025003078,9.124782483614535,7.038783541388542,0.3045333333333333,2.516224625914178,1.0,8.262558973010655,2.0,1.0,0.0,0.0,0.0,0.0,180,0.15226666666666666,0.15567261717011477,0.5,0.511184163211848,0.5,0.0,1.0,0.5,0.0,0.0,0.0,4.562391241807267,3.519391770694271,2.0,1.0986122886681098,0.011111111111111112,2.842788882785108,75.0,0.02666666666666667,0.7857142857142857,-0.15296516026591567,-0.05539295673800574,0.6931471805599454,-0.03223971311948115,0.020337552742616036,-0.3115006577599469,0.06440336515429657,3.958333333333333,1.6010696627635836,19.0,0,4
2021-03-26,GME,38.53333333333333,41.0,37.0,5.0,441.15108107554204,261.92460514729123,179.22647592825075,10.291493333333333,108.93106777082524,7.59204481792717,87.41418211445232,117.5,13.5,4.833333333333334,14.0,10.0,0.0,180,0.267080276816609,0.246924630684906,0.19702538454828297,0.1981502162509348,0.3503460207612457,0.12543252595155713,0.9024390243902439,0.12195121951219512,0.3633217993079585,0.2595155709342561,0.0,6.797351344652887,4.651206122705469,38.53333333333333,3.6771441978955153,0.21407407407407406,6.091651636061257,75.0,0.5137777777777778,1.0,-0.03815155011597332,-0.9308991601927566,0.1507836732793537,-0.5437327158767982,0.096056258790436,-0.07666571657031707,-0.1249760469465119,172.24166666666667,5.154687536865068,20.0,0,4
2021-03-26,RKT,2.833333333333333,4.0,3.0,1.0,24.02680855150965,13.286649035963295,10.740159515546356,1.9923,17.053129895650592,0.39999999999999997,3.330186768781229,6.333333333333333,1.0,0.0,0.0,0.0,0.0,180,0.703164705882353,0.7097542671591776,0.1411764705882353,0.13860295934193004,0.35294117647058826,0.0,0.75,0.25,0.0,0.0,0.0,4.6894055421046925,3.790644534898714,2.833333333333333,1.3437347467010947,0.01574074074074074,3.219947592380544,75.0,0.03777777777777777,0.8571428571428571,0.3979328789497707,-1.032900148348582,0.13976194237515882,-1.0202243623361587,0.008241912798874821,0.22792675983274924,-0.22719659964811406,33.625,3.544575964507503,20.0,0,4
2021-03-26,TSLA,2.533333333333333,4.0,1.0,0.0,18.87273770347936,10.666468778201775,8.206268925277584,0.7975377777777779,6.0019966388991755,-0.20888888888888887,-0.5801807327337485,17.0,0.3333333333333333,1.0,2.0,0.0,0.0,180,0.31481754385964916,0.31802469430773966,-0.08245614035087719,-0.030741736670604338,0.13157894736842105,0.39473684210526316,0.25,0.0,0.7894736842105263,0.0,0.0,4.2104482019217535,3.2393166810306253,2.533333333333333,1.2622417124499117,0.014074074074074074,2.989348827821665,75.0,0.033777777777777775,0.8214285714285714,0.009585716927066834,-0.05602641934882611,0.6790954271042949,-0.03788915958516914,0.023756680731364273,-0.016241526926334404,-0.2828239772871649,13.408333333333333,2.6678067429012446,19.0,0,4
2021-03-26,UWMC,3.833333333333333,5.0,4.0,2.0,32.835452413409186,18.395440097146405,14.440012316262782,0.27688333333333337,2.809467580591401,2.5666666666666664,21.14660920843037,9.333333333333332,2.5,0.0,0.0,1.0,0.0,180,0.07223043478260871,0.08556201830933458,0.6695652173913044,0.6440175984843327,0.6521739130434783,0.0,0.8,0.4,0.0,0.2608695652173913,0.0,4.79881046012515,3.766959734677248,3.833333333333333,1.575536360758419,0.021296296296296296,3.5215091407610193,75.0,0.05111111111111111,0.8928571428571429,-0.23300139214997362,-0.2663881102902176,-0.1292117314800063,-0.2354140237649982,-0.005850914205344587,-0.37986678508205646,0.3089277441905784,45.666666666666664,3.8430301339411947,19.0,0,4
2021-03-26,VIAC,4.0,4.0,3.0,1.0,35.232415042776786,17.888794902454727,17.343620140322063,1.2042,8.042061412380699,-1.2,-9.461537727844338,6.0,0.0,1.0,0.0,0.0,0.0,180,0.30105,0.2282574556020806,-0.3,-0.2685463859447837,0.0,0.25,0.75,0.25,0.0,0.0,0.0,4.472198725613682,4.335905035080516,4.0,1.6094379124341003,0.022222222222222223,3.589954161332286,75.0,0.05333333333333334,0.9285714285714286,-0.004181826932582344,2.5305494796344354,0.47000362924573547,0.9017495666151509,0.026434599156118146,-0.13893412693392765,-0.38928783634665987,6.25,1.9810014688665833,17.0,0,4
2021-03-29,AMC,8.208333333333334,12.0,8.0,1.0,84.27483726214089,48.535759894133555,35.73907736800733,3.073259722222222,36.7022287927793,1.5,24.492325756142094,13.5,2.5,1.0,0.0,0.0,0.0,261,0.37440727580372246,0.43550637396801223,0.18274111675126903,0.29062442066731675,0.3045685279187817,0.12182741116751268,0.6666666666666666,0.08333333333333333,0.0,0.0,0.0,5.912985976950281,4.353999273259776,8.208333333333334,2.220108871169807,0.03144955300127714,4.445879419914039,117.0,0.07015669515669516,0.9833333333333333,-0.011991537380504957,-0.6322242664226252,0.34319159360144535,-0.3554829236787369,-0.0036210826210826136,-0.013561860107375479,-0.10722070314533261,32.53333333333333,3.512539968997529,20.0,0,0
2021-03-29,AMD,2.625,4.0,2.0,1.0,21.552927464749192,10.602119465314802,10.950807999434394,1.4272708333333333,10.317098466588604,0.8717948717948718,7.543380843813468,16.5,2.0,0.0,0.0,0.0,0.0,261,0.5437222222222222,0.47868664168534386,0.3321123321123321,0.34999332949786127,0.7619047619047619,0.0,0.5,0.25,0.0,0.0,0.0,4.038902653453258,4.171736380736912,2.625,1.2878542883066382,0.010057471264367816,3.115864878575843,117.0,0.022435897435897436,0.85,0.1573234090379948,1.1769618109487927,0.8823891801984738,0.59651925004875,0.015769230769230768,0.23064951138034606,0.19317830317830317,3.8749999999999982,1.58412010444981,16.0,0,0
2021-03-29,ASO,2.5,3.0,3.0,0.0,18.21521055597841,10.705935342357602,7.509275213620804,0.5795,4.221519570092376,-1.6363636363636362,-11.482034528276747,17.0,0.0,2.0,0.0,0.0,0.0,261,0.2318,0.23175793423408064,-0.6545454545454545,-0.6303542027686434,0.0,0.8,1.0,0.0,0.0,0.0,0.0,4.282374136943041,3.0037100854483216,2.5,1.252762968495368,0.009578544061302681,2.9557021818531224,117.0,0.021367521367521368,0.825,-0.1545988131842274,1.0820893195133685,1.252762968495368,0.6949434116881317,0.021367521367521368,-0.04169854762074665,-0.7584551814275646,1.0000000000000002,0.6931471805599454,11.0,0,0
2021-03-29,BB,5.666666666666666,7.0,6.0,4.0,64.82596692766322,36.51523171204923,28.31073521561398,2.4823444444444447,29.235401739962093,0.0,0.0,6.0,0.0,0.0,0.0,0.0,0.0,261,0.4380607843137256,0.4509828873448929,0.0,0.0,0.0,0.0,0.8571428571428571,0.5714285714285714,0.0,0.0,0.0,6.443864419773394,4.996012096873056,5.666666666666666,1.8971199848858813,0.021711366538952743,4.187014394642707,117.0,0.04843304843304843,0.9333333333333333,0.05166197112949816,1.3446542265474268,0.7985076962177715,0.7792945372675819,0.02176638176638176,0.004172897472845938,-0.4392765968589988,4.625,1.7272209480904839,19.0,0,0
2021-03-29,BIDU,2.95,5.0,1.0,2.0,37.921778288333144,21.757661545678054,16.164116742655086,-0.5762683333333334,-6.8761128591599,-0.9500000000000001,-13.989952025698116,5.45,0.2,1.25,0.0,0.0,0.0,261,-0.195345197740113,-0.1813235868549808,-0.3220338983050848,-0.36891603340242635,0.06779661016949153,0.423728813559322,0.2,0.4,0.0,0.0,0.0,7.375478490060357,5.47936160767969,2.95,1.3737155789130306,0.011302681992337166,3.6615539471356002,117.0,0.025213675213675214,0.8666666666666667,-0.5817440109243404,8.0,1.3737155789130306,1.3619372753473924,0.025213675213675214,-0.241705197740113,-0.36092278719397364,0.0,0.0,2.0,0,0
2021-03-29,FUBO,3.2,4.0,3.0,3.0,24.164039142974673,12.218477392400565,11.945561750574111,1.03184,6.9842193325847415,1.2,9.727952097285291,2.2,1.2,0.0,0.0,0.0,0.0,261,0.32245,0.28903360449220666,0.37499999999999994,0.40257971938079506,0.37499999999999994,0.0,0.75,0.75,0.0,0.0,0.0,3.8182741851251767,3.7329880470544095,3.2,1.4350845252893227,0.012260536398467433,3.225415957221383,117.0,0.02735042735042735,0.8833333333333333,-0.0639488131842274,3.615280511824777,1.4350845252893227,1.2530644382329952,0.02735042735042735,0.19444125825825828,0.3114929214929214,1.0,0.6931471805599453,6.0,0,0
2021-03-29,GME,36.375,45.0,30.0,7.0,387.53830869279153,221.36762263858728,166.17068605420423,12.749659722222221,118.66938373161918,13.220332539145927,104.79401356598797,158.66666666666666,22.333333333333332,6.833333333333333,28.5,10.5,0.5,261,0.35050610920198544,0.30621329832372907,0.363445568086486,0.27040943105591153,0.6139747995418098,0.18785796105383734,0.6666666666666666,0.15555555555555556,0.7835051546391752,0.28865979381443296,0.013745704467353952,6.085707838861506,4.568266283277092,36.375,3.6210020317108507,0.13936781609195403,5.9623917716202355,117.0,0.3108974358974359,1.0,-0.03589270398224198,-0.9413301960839868,-0.05614216618466461,-0.5362814344006663,-0.20288034188034187,0.013285749456447171,0.04777738314713881,166.52500000000003,5.121132593859235,20.0,0,0
2021-03-29,NIO,2.375,4.0,3.0,1.0,16.11410565162885,8.87553000158599,7.238575650042861,-0.41281249999999997,-2.56840459177726,0.0,0.0,0.5,0.0,0.0,0.0,0.0,0.0,261,-0.1738157894736842,-0.15938859079763076,0.0,0.0,0.0,0.0,0.75,0.25,0.0,0.0,0.0,3.73706526382568,3.0478213263338363,2.375,1.2163953243244932,0.009099616858237548,2.839903015380387,117.0,0.0202991452991453,0.8,-0.5602146026579116,0.8628817372510863,1.2163953243244932,0.4802342400679245,0.0202991452991453,-0.31399307397704374,-0.11164027305828168,4.25,1.6582280766035324,15.0,0,0
2021-03-29,PLTR,2.5,3.0,3.0,1.0,24.856353572116397,13.821648849676478,11.034704722439917,0.9350499999999999,9.855738600497116,0.8571428571428572,9.343388284473548,9.0,1.0,0.0,1.0,0.0,0.0,261,0.37401999999999996,0.3965078213062266,0.34285714285714286,0.3758953724795283,0.4,0.0,1.0,0.3333333333333333,0.4,0.0,0.0,5.528659539870591,4.413881888975967,2.5,1.252762968495368,0.009578544061302681,3.2525563569093427,117.0,0.021367521367521368,0.825,-0.012378813184227455,-1.103227310033617,0.4054651081081645,-0.6678931790489067,0.00358974358974359,-0.017698770303863243,0.02517964195296324,24.241666666666664,3.228496068245191,20.0,0,0
2021-03-29,RKT,4.0,5.0,3.0,0.0,28.78090178672122,15.161078339061426,13.619823447659796,2.2985666666666664,16.06287874947806,1.95,14.618190718599555,11.0,2.0,0.0,0.0,0.0,0.0,261,0.5746416666666666,0.5581089455956194,0.4875,0.5079128801080173,0.5,0.0,0.6,0.0,0.0,0.0,0.0,3.7902695847653565,3.404955861914949,4.0,1.6094379124341003,0.01532567049808429,3.39386730841999,117.0,0.03418803418803419,0.9,0.1882428534824392,-0.6995712249376916,0.26570316573300556,-0.7091433440078829,-0.0035897435897435798,0.09970401473470986,0.1268185518670374,25.375,3.2724165917962305,20.0,0,0
2021-03-29,ROOT,2.0,3.0,2.0,3.0,18.959795311396466,9.85693909434624,9.102856217050226,0.9419666666666668,9.12054292347526,1.0555555555555556,9.712412063265482,17.5,1.0,0.0,2.5,0.0,0.0,261,0.4709833333333334,0.48104648671987665,0.5277777777777778,0.5122635505156266,0.5,0.0,0.6666666666666666,1.0,1.25,0.0,0.0,4.92846954717312,4.551428108525113,2.0,1.0986122886681098,0.007662835249042145,2.9937200158906787,117.0,0.017094017094017096,0.7833333333333333,0.084584520149106,3.441946787818335,1.0986122886681098,0.9378912149421688,0.017094017094017096,0.35089791666666675,0.5715277777777777,1.0,0.6931471805599453,7.0,0,0
2021-03-29,SPY,6.833333333333333,9.0,4.0,0.0,61.33728420691243,31.757417068532035,29.579867138380393,-1.734488888888889,-16.752041363090594,3.0703703703703704,25.458548871940145,20.5,3.0,0.3333333333333333,0.0,0.0,0.0,261,-0.2538276422764228,-0.27311351618666413,0.4493224932249323,0.41505829938703226,0.43902439024390244,0.04878048780487805,0.4444444444444444,0.0,0.0,0.0,0.0,4.647426888077859,4.328761044641033,6.833333333333333,2.0583881324820035,0.026181353767560662,4.132559709176455,117.0,0.0584045584045584,0.9666666666666667,-0.6402264554606503,1.9641258108580009,2.0583881324820035,1.2246696012649982,0.0584045584045584,-0.43548205288793196,0.5796573820740591,5.283333333333334,1.8379006252259102,16.0,0,0
2021-03-29,UWMC,6.5,7.0,7.0,0.0,56.30159825673124,29.487811522888784,26.813786733842456,3.1177000000000006,26.6369603939924,1.5833333333333333,11.724595410309224,10.0,3.5,1.0,1.0,0.0,0.0,261,0.47964615384615394,0.47311197583645453,0.24358974358974358,0.20824622698712586,0.5384615384615384,0.15384615384615385,1.0,0.0,0.15384615384615385,0.0,0.0,4.536586388136736,4.125197959052685,6.5,2.0149030205422647,0.02490421455938697,4.048328516119328,117.0,0.05555555555555555,0.95,0.09324734066192653,0.16096563661089194,0.4393666597838457,0.12517581798092636,0.004444444444444445,0.023937412242358347,-0.15052599048054763,24.666666666666664,3.245193133185574,20.0,0,0
2021-03-29,VIAC,4.45,7.0,4.0,4.0,42.75386934107804,22.529890801307207,20.223978539770833,2.0070483333333335,16.624184210123865,-0.3055555555555557,-1.3121917757782091,22.45,1.2,1.75,2.0,0.0,0.5,261,0.4510220973782772,0.38883461231312,-0.06866416978776532,-0.03069176652316359,0.2696629213483146,0.3932584269662921,0.5714285714285714,0.5714285714285714,0.449438202247191,0.0,0.11235955056179775,5.062896809282519,4.544714278600187,4.45,1.6956156086751528,0.017049808429118775,3.778580050974637,117.0,0.03803418803418804,0.9166666666666666,0.06462328419404978,2.301542923868511,0.08617769624105254,0.9421127262624956,-0.015299145299145299,0.02010547044434957,-0.0929520061344252,9.25,2.327277705584417,17.0,0,0
2021-03-30,AMC,2.333333333333333,3.0,2.0,0.0,27.819886201408885,16.653069826561016,11.166816374847869,1.2943666666666667,15.667047405838765,0.7777777777777778,9.740370279868213,5.0,1.0,0.3333333333333333,0.0,1.0,0.0,104,0.5547285714285715,0.5631600105195735,0.33333333333333337,0.3501225781209317,0.4285714285714286,0.14285714285714288,0.6666666666666666,0.0,0.0,0.4285714285714286,0.0,7.137029925669007,4.7857784463633735,2.333333333333333,1.203972804325936,0.022435897435897433,3.361065641965693,52.0,0.044871794871794865,0.875,0.0455416791393235,-2.4368634177558985,-1.0161360668438713,-1.317832590780882,-0.025284900284900297,0.1735813580520737,0.053755373558156294,32.61666666666667,3.515021975732111,20.0,0,1
2021-03-30,BB,2.5,3.0,3.0,2.0,28.098417103977166,15.868303016251112,12.230114087726054,-0.12136666666666666,-1.4378948913624385,0.125,1.2433183802495718,4.0,0.5,0.0,0.0,0.0,0.0,104,-0.04854666666666667,-0.05117351934956197,0.05,0.04424869826825894,0.2,0.0,1.0,0.6666666666666666,0.0,0.0,0.0,6.347321206500444,4.892045635090422,2.5,1.252762968495368,0.02403846153846154,3.370683777645651,52.0,0.04807692307692308,0.90625,-0.5577335589559146,0.250956959878849,-0.6443570163905132,0.14246616380103738,-0.00035612535612535023,-0.49920382729113383,-0.37081980673554205,9.291666666666666,2.3313345062800317,19.0,0,1
2021-03-30,GME,8.25,13.0,9.0,2.0,95.34954891030938,51.71627282467889,43.63327608563052,2.5099027777777776,25.104024783925453,4.143627450980392,49.83278448359995,27.916666666666664,4.75,1.0,2.75,0.5,0.0,104,0.3042306397306397,0.26328414838689557,0.5022578728461081,0.5226326191692338,0.5757575757575758,0.12121212121212122,0.6923076923076923,0.15384615384615385,0.3333333333333333,0.06060606060606061,0.0,6.268639130264107,5.288881949773397,8.25,2.224623551524334,0.07932692307692307,4.567982713067469,52.0,0.15865384615384615,0.96875,-0.20495625255860828,-3.395881678126426,-1.3963784801865167,-1.8662277150492343,-0.15224358974358976,-0.030850961147512512,0.1841760523101929,157.075,5.063069603944677,20.0,0,1
2021-03-30,PENN,2.0,2.0,2.0,1.0,19.02616586314624,10.199137794637085,8.827028068509152,-0.3267,-4.065093229460796,0.5,2.0582637857005093,9.0,1.0,1.0,0.0,0.0,0.0,104,-0.16335,-0.21365803592277613,0.25,0.10818069181701893,0.5,0.5,1.0,0.5,0.0,0.0,0.0,5.099568897318543,4.413514034254576,2.0,1.0986122886681098,0.019230769230769232,2.997039711641517,52.0,0.038461538461538464,0.828125,-0.672536892289248,3.9169430953453332,1.0986122886681098,0.994640211584118,0.038461538461538464,-0.18006666666666665,0.26666666666666666,0.9999999999999999,0.6931471805599453,3.0,0,1
2021-03-30,PLTR,6.5,8.0,7.0,1.0,73.2673476277565,40.57688815559616,32.69045947216033,1.7013166666666666,18.695431670262806,3.8333333333333335,45.441617434532944,7.5,4.0,0.5,0.5,0.5,0.0,104,0.26174102564102564,0.25516730543116123,0.5897435897435898,0.6202164935109226,0.6153846153846154,0.07692307692307693,0.875,0.125,0.07692307692307693,0.07692307692307693,0.0,6.242598177784024,5.029301457255435,6.5,2.0149030205422647,0.0625,4.307671388477945,52.0,0.125,0.9375,-0.24744586664822232,0.26474883173323316,0.7621400520468966,0.15969567866478585,0.10363247863247863,-0.13851217671858662,0.27614440309194044,22.116666666666667,3.140553858092731,20.0,0,1
2021-03-30,RKT,13.166666666666666,15.0,15.0,4.0,123.83411842094624,70.05520259756912,53.778915823377126,5.427633333333333,47.66646877597774,0.28230266465560583,-3.2467045041698346,40.666666666666664,2.833333333333333,3.3333333333333335,9.0,0.6666666666666666,0.0,104,0.41222531645569616,0.3849219373771152,0.021440708708020697,-0.026218174325216195,0.2151898734177215,0.25316455696202533,1.0,0.26666666666666666,0.6835443037974683,0.05063291139240506,0.0,5.320648298549553,4.084474619496997,13.166666666666666,2.6508917872622613,0.1266025641025641,4.82698580335574,52.0,0.2532051282051282,1.0,-0.0969615758335518,0.37033018779520893,1.041453874828161,0.3792783310605352,0.21901709401709402,-0.05922517852690845,-0.3518222529972838,24.5,3.2386784521643803,20.0,0,1
2021-03-30,TSLA,2.0,2.0,1.0,0.0,19.943085431885454,10.745830299457927,9.197255132427527,1.0324,10.847218923379112,0.3333333333333333,3.9207348299630214,11.0,1.0,0.0,0.0,0.0,0.0,104,0.5162,0.5439087627853378,0.16666666666666666,0.19659620089148605,0.5,0.0,0.5,0.0,0.0,0.0,0.0,5.372915149728963,4.5986275662137635,2.0,1.0986122886681098,0.019230769230769232,3.0418085409053455,52.0,0.038461538461538464,0.828125,0.007013107710752031,-0.30907147335255764,0.4924764850977943,-0.20831255890841582,0.03133903133903134,0.2057602361702181,-0.01622841817799417,8.283333333333333,2.2282206777051834,19.0,0,1
2021-03-31,AAL,2.0,2.0,2.0,1.0,18.091449746163466,9.175748927206563,8.915700818956903,0.3958,3.7041418290277113,-0.3333333333333333,-2.8549466149611966,12.0,0.0,1.0,0.0,0.0,0.0,87,0.1979,0.20474543947553037,-0.16666666666666666,-0.15780640330201431,0.0,0.5,1.0,0.5,0.0,0.0,0.0,4.587874463603281,4.457850409478452,2.0,1.0986122886681098,0.022988505747126436,2.9492405775552273,43.0,0.046511627906976744,0.8181818181818182,-0.17953126954025259,3.2192283871502414,1.0986122886681098,0.9156176928060755,0.046511627906976744,0.03080592592592593,-0.2439256260308892,1.1428571428571428,0.7621400520468967,8.0,0,2
2021-03-31,AMC,2.0,2.0,2.0,1.0,22.68180145683294,12.76322826687877,9.91857318995417,1.1512666666666667,13.012733214564449,1.0,10.769831451557469,7.0,1.0,0.0,1.0,0.0,0.0,87,0.5756333333333333,0.5737080998319177,0.5,0.4748225784470499,0.5,0.0,1.0,0.5,0.5,0.0,0.0,6.381614133439385,4.959286594977085,2.0,1.0986122886681098,0.022988505747126436,3.164706882157421,43.0,0.046511627906976744,0.8181818181818182,0.19820206379308075,-2.20354191536666,-0.10536051565782611,-1.3387575517722776,0.0016398330351818785,0.1828443124123018,0.21546469167823235,30.366666666666667,3.4457457579232242,20.0,0,2
2021-03-31,ASO,4.0,4.0,4.0,2.0,32.213418173487284,18.81676196075019,13.396656212737096,2.3192,17.801155214264917,3.0,22.457850751027777,8.0,3.0,0.0,5.0,1.0,0.0,87,0.5798,0.5526006311530101,0.75,0.697158265853058,0.75,0.0,1.0,0.5,1.25,0.25,0.0,4.704190490187547,3.349164053184274,4.0,1.6094379124341003,0.04597701149425287,3.5029539561230676,43.0,0.09302325581395349,0.9393939393939394,0.2023687304597474,1.4922129776365067,0.6931471805599452,0.9431656706083877,0.06417710196779963,0.27004311904592,0.6788175458451626,4.5,1.7047480922384253,13.0,0,2
2021-03-31,BB,7.5,8.0,8.0,3.0,83.74340098118306,47.39804295803218,36.34535802315087,1.0079666666666667,10.952424793234506,1.8333333333333333,24.723542410947164,3.5,2.0,0.5,0.0,1.0,0.0,87,0.13439555555555555,0.13078552655982398,0.24444444444444444,0.29522973895581917,0.26666666666666666,0.06666666666666667,1.0,0.375,0.0,0.13333333333333333,0.0,6.319739061070957,4.846047736420116,7.5,2.1400661634962708,0.08620689655172414,4.439627878700146,43.0,0.1744186046511628,1.0,-0.24303571398469703,1.8139590536194725,0.8873031950009027,1.02976935880194,0.12634168157423972,-0.2870719384022449,-0.1355420289577642,11.791666666666666,2.5487939172392515,19.0,0,2
2021-03-31,GME,6.5,7.0,4.0,0.0,85.7801206681962,42.09023502652529,43.68988564167091,1.9476833333333332,27.024693494026522,-1.9285714285714286,-18.83627452374735,46.0,1.0,3.5,0.0,0.0,0.0,87,0.29964358974358973,0.31504611189065607,-0.2967032967032967,-0.21958787627039417,0.15384615384615385,0.5384615384615384,0.5714285714285714,0.0,0.0,0.0,0.0,6.475420773311583,6.721520867949371,6.5,2.0149030205422647,0.07471264367816093,4.463377570876223,43.0,0.1511627906976744,0.9696969696969697,-0.07778767979666285,-2.87054343345576,-0.20972053098206933,-1.9752631911652716,-0.007491055456171736,-0.031448713346841795,-0.6202771387302644,148.24166666666667,5.005566915984693,20.0,0,2
2021-03-31,PLTR,3.0,3.0,3.0,1.0,34.83621429493836,19.284516176045813,15.551698118892546,1.1159333333333334,13.018694071060125,3.0,34.83621429493836,4.0,3.0,0.0,0.0,0.0,0.0,87,0.3719777777777778,0.3737115049539616,1.0,1.0,1.0,0.0,1.0,0.3333333333333333,0.0,0.0,0.0,6.4281720586819375,5.183899372964182,3.0,1.3862943611198906,0.034482758620689655,3.5789589545962994,43.0,0.06976744186046512,0.9090909090909091,-0.0054534917624747825,-0.7717138950764018,-0.6286086594223741,-0.46414747176737214,-0.055232558139534885,-0.017405579312161634,0.678094636766312,24.083333333333332,3.2222036149608755,20.0,0,2
2021-03-31,RKT,2.0,2.0,2.0,0.0,17.918331791479055,10.19432713480299,7.724004656676065,-0.2023,-1.6339419061317488,-1.0,-8.076826031298808,1.0,0.0,1.0,0.0,0.0,0.0,87,-0.10115,-0.0911882827679728,-0.5,-0.4507577002865685,0.0,0.5,1.0,0.0,0.0,0.0,0.0,5.097163567401495,3.8620023283380327,2.0,1.0986122886681098,0.022988505747126436,2.940131388038655,43.0,0.046511627906976744,0.8181818181818182,-0.4785812695402526,-1.1460561463814722,-1.5522794985941515,-1.1284977906948634,-0.20669350029815145,-0.5662492732432003,-0.8548320574102741,30.333333333333332,3.4446824936018943,20.0,0,2
2021-03-31,VIAC,2.458333333333333,4.0,2.0,1.0,22.648369209847573,11.776518397000467,10.871850812847107,1.0932166666666667,10.146230445781109,0.6666666666666666,6.023991323220935,8.5,1.0,0.0,0.0,0.0,0.3333333333333333,87,0.44469830508474584,0.4479894491197848,0.2711864406779661,0.26597903219458674,0.4067796610169492,0.0,0.5,0.25,0.0,0.0,0.13559322033898305,4.7904481614917165,4.42244778827679,2.458333333333333,1.2407867774486523,0.028256704980842907,3.1632941573742746,43.0,0.057170542635658905,0.8787878787878788,0.06726703554449326,0.9628956695507014,0.6346509738783368,0.406853683451719,0.04114490161001788,0.023702573281904282,0.23621416576187096,12.408333333333333,2.5958764042103373,18.0,0,2
2021-04-01,ASO,4.0,4.0,4.0,1.0,29.502657811687815,16.98745476249999,12.515203049187825,2.6035333333333335,19.363797131081245,1.0909090909090908,8.683248768950085,15.0,2.0,1.0,3.0,0.0,0.0,136,0.6508833333333334,0.6563407695224684,0.2727272727272727,0.2943208989635543,0.5,0.25,1.0,0.25,0.75,0.0,0.0,4.2468636906249975,3.1288007622969563,4.0,1.6094379124341003,0.029411764705882353,3.417813821183591,73.0,0.0547945205479452,0.8142857142857143,0.2093659972035466,1.3384635477690596,0.0,0.8906745643834538,-0.038228735266008285,0.33179700793480893,0.1362670407946575,8.0,2.1972245773362196,13.0,0,3
2021-04-01,BB,10.0,11.0,11.0,7.0,92.68274095845528,53.510819018938854,39.171921939516416,1.1568999999999998,13.186588063458753,1.6666666666666667,19.3216956694041,8.0,2.5,1.5,0.0,0.0,0.0,136,0.11568999999999999,0.14227663022363135,0.16666666666666669,0.2084713450378532,0.25,0.15,1.0,0.6363636363636364,0.0,0.0,0.0,5.3510819018938856,3.9171921939516414,10.0,2.3978952727983707,0.07352941176470588,4.539913977598147,73.0,0.136986301369863,0.9714285714285714,-0.32582733612978676,2.053804372174766,0.2578291093020999,1.2518508775777,-0.03743230328129979,-0.28109332714454927,-0.19401168594984863,18.166666666666664,2.9531726591351948,19.0,0,3
2021-04-01,CLF,4.0,4.0,4.0,1.0,32.914142598035646,19.02919553367161,13.884947064364038,2.6366,20.861372685795196,-3.0,-22.40770613285772,3.0,0.0,3.0,0.0,0.0,0.0,136,0.65915,0.6338118218835276,-0.75,-0.680792643044423,0.0,0.75,1.0,0.25,0.0,0.0,0.0,4.757298883417903,3.4712367660910095,4.0,1.6094379124341003,0.029411764705882353,3.5238321131713737,73.0,0.0547945205479452,0.8142857142857143,0.21763266387021324,4.591631725604251,0.916290731874155,1.4047206843229953,0.03153870659445683,0.473945,-0.95,2.5,1.252762968495368,7.0,0,3
2021-04-01,GME,13.166666666666666,18.0,7.0,2.0,163.38880747516248,89.27098178930395,74.1178256858585,3.401188888888889,50.28431329682799,2.811593961593962,38.385632264377364,56.0,5.166666666666666,0.75,0.25,3.5,0.0,136,0.25831814345991566,0.3077586162349092,0.21353878189321232,0.23493428257142124,0.3924050632911392,0.0569620253164557,0.3888888888888889,0.1111111111111111,0.0189873417721519,0.2658227848101266,0.0,6.780074566276249,5.629201950824697,13.166666666666666,2.6508917872622613,0.09681372549019607,5.1022343992531365,73.0,0.18036529680365296,1.0,-0.1831991926698711,-1.5076591116647164,0.6359887667199966,-1.217705968265502,0.02920250610597855,-0.06956413045900206,-0.06986523918547363,122.65833333333333,4.817522386224081,20.0,0,3
2021-04-01,MVIS,7.0,7.0,7.0,4.0,65.07565598474793,37.939932168612714,27.135723816135215,2.856933333333333,25.556096241605076,0.33333333333333337,2.2678283982806544,7.0,1.0,1.0,0.0,0.0,0.0,136,0.4081333333333333,0.39271361701824065,0.04761904761904762,0.034849105459838554,0.14285714285714285,0.14285714285714285,1.0,0.5714285714285714,0.0,0.0,0.0,5.4199903098018165,3.876531973733602,7.0,2.0794415416798357,0.051470588235294115,4.190800388322236,73.0,0.0958904109589041,0.9428571428571428,-0.03338400279645348,8.0,2.0794415416798357,1.9572466103768047,0.0958904109589041,0.30341598870056496,-0.0895550071397529,2.0,1.0986122886681098,5.0,0,3
2021-04-01,PLTR,4.5,5.0,4.0,3.0,39.56012862081751,22.60408212725055,16.95604649356696,2.6592333333333333,23.372776509703264,0.5,1.9680965748268013,3.5,1.0,0.5,1.0,0.0,0.0,136,0.5909407407407408,0.590816494398452,0.1111111111111111,0.049749498887906564,0.2222222222222222,0.1111111111111111,0.8,0.6,0.2222222222222222,0.0,0.0,5.023129361611233,3.7680103319037688,4.5,1.7047480922384253,0.03308823529411765,3.7027855304025916,73.0,0.06164383561643835,0.8571428571428571,0.149423404610954,-0.1465240489150105,0.3184537311185347,-0.08549510043254083,-0.008123606244026763,0.19588682809524577,-0.24248344131176608,20.458333333333332,3.0661130703157906,20.0,0,3
2021-04-01,RKT,6.0,6.0,6.0,0.0,56.592440284454284,31.71678137880695,24.875658905647338,2.302666666666667,21.430414435490366,1.8333333333333335,13.632892341274324,10.0,4.0,1.0,7.0,0.0,0.0,136,0.38377777777777783,0.3786798082530683,0.3055555555555556,0.2408959972878078,0.6666666666666666,0.16666666666666666,1.0,0.0,1.1666666666666667,0.0,0.0,5.2861302298011585,4.145943150941223,6.0,1.9459101490553132,0.04411764705882353,4.053391314026901,73.0,0.0821917808219178,0.8857142857142857,-0.057739558352008946,-0.10819712037683517,0.8472978603872034,-0.08083579636233273,0.03568015291494106,-0.05271061394197113,-0.005711301373106881,24.333333333333332,3.2321210516182215,20.0,0,3
2021-04-01,VIAC,6.25,8.0,4.0,2.0,57.70485242819225,30.141470535395587,27.56338189279665,2.7404333333333333,26.74817040286836,2.408333333333333,24.629978273893396,37.0,3.5,0.25,1.0,1.0,0.0,136,0.4384693333333333,0.4635341618134057,0.3853333333333333,0.4268268133003697,0.56,0.04,0.5,0.25,0.16,0.16,0.0,4.822635285663294,4.410141102847464,6.25,1.9810014688665833,0.04595588235294118,4.072522388293005,73.0,0.08561643835616438,0.9142857142857143,-0.003048002796453453,2.8339196214479916,0.7402146914179311,1.0850290359972175,0.028445895720505474,-0.004761313723745497,0.3368017363833399,13.866666666666667,2.699121570357909,19.0,0,3
2021-04-05,AMC,4.392857142857142,6.0,4.0,0.0,48.90233867118403,26.76047073905797,22.14186793212607,1.4905547619047619,15.936731987258437,1.3537414965986394,12.031616360110972,6.0,2.0,0.0,0.0,0.0,0.0,168,0.33931327913279136,0.32588895378636035,0.308168795973674,0.2460335576384339,0.4552845528455285,0.0,0.6666666666666666,0.0,0.0,0.0,0.0,6.091814477183928,5.040425220321382,4.392857142857142,1.6850753266397203,0.026147959183673467,3.910067868817239,74.0,0.059362934362934355,0.94,-0.10610118738941826,-0.7036209607139253,1.2796102185315559,-0.5612493030680203,0.052513619294441205,-0.06632625262014913,0.04425950127024536,18.575,2.9742532418768666,20.0,0,0
2021-04-05,AMD,2.625,5.0,2.0,1.0,26.04539753015901,14.858604557811848,11.18679297234716,1.21515,11.497486631399859,2.25,21.996074972142928,6.0,2.5,0.0,0.0,0.0,0.0,168,0.4629142857142857,0.4414402436394552,0.8571428571428571,0.8445282874516616,0.9523809523809523,0.0,0.4,0.2,0.0,0.0,0.0,5.660420783928323,4.261635418037013,2.625,1.2878542883066382,0.015625,3.2975168440565175,74.0,0.03547297297297297,0.88,0.017499819192076105,1.6601052622020376,0.8823891801984738,0.7224302570043564,0.02862365790447982,0.19354301719576728,0.7259254171754171,3.6249999999999982,1.5314763709643882,15.0,0,0
2021-04-05,ASO,4.726190476190476,8.0,7.0,3.0,45.703939800652634,25.866311146867588,19.837628653785046,2.5171353174603177,23.929945580604283,1.7148526077097506,14.005975394109972,25.583333333333332,2.5,0.5,4.0,0.0,0.0,168,0.5325928631402184,0.523586055928215,0.3628403502458918,0.3064500665631888,0.5289672544080605,0.10579345088161209,0.875,0.375,0.8463476070528967,0.0,0.0,5.4729726356092625,4.1973823851837375,4.726190476190476,1.7450504712624475,0.028132086167800455,3.843828525156077,74.0,0.06386743886743887,0.96,0.08717839661800875,1.4874149019774006,0.13561255882834722,1.013001964925151,0.009072918319493667,0.21201344950639978,0.23039081350044238,12.0,2.5649493574615367,13.0,0,0
2021-04-05,BB,3.5,4.0,3.0,2.0,36.14292416772344,20.795704154230833,15.347220013492608,2.2775,23.049267308465474,2.333333333333333,23.232156015323334,16.0,2.5,0.0,1.0,0.0,0.0,168,0.6507142857142857,0.6377255808496275,0.6666666666666666,0.6427857333156858,0.7142857142857143,0.0,0.75,0.5,0.2857142857142857,0.0,0.0,5.941629758351667,4.384920003855031,3.5,1.5040773967762742,0.020833333333333332,3.6147732864742173,74.0,0.0472972972972973,0.92,0.20529981919207607,0.4089246545094216,-0.8938178760220965,0.2680538918101405,-0.0896890040725657,0.28503171050772097,0.32717048459278697,27.666666666666664,3.3557350075853978,19.0,0,0
2021-04-05,GME,19.333333333333332,22.0,15.0,1.0,248.38557845694405,139.9479494605012,108.43762899644281,8.086705555555554,99.70935807883298,2.998078718666954,29.20219853629014,75.83333333333333,5.75,3.0,2.0,1.0,0.0,168,0.4182778735632183,0.4014297395938264,0.15507303717242865,0.11756801146710755,0.2974137931034483,0.15517241379310345,0.6818181818181818,0.045454545454545456,0.10344827586206898,0.05172413793103449,0.0,7.238687041060408,5.608842879126352,19.333333333333332,3.0122615755052013,0.11507936507936507,5.5190002066219,74.0,0.26126126126126126,1.0,-0.02713659295899129,-0.9170089342294431,0.3613697882429401,-0.7754392056950694,0.0808959644576083,0.09567394336142554,-0.11871387893283047,102.825,4.642706789516818,20.0,0,0
2021-04-05,PLTR,2.642857142857143,4.0,3.0,1.0,27.461659473031204,15.099909747811452,12.361749725219754,1.1327380952380952,12.183621302214101,1.5204081632653061,16.24648810127031,3.0,1.5,0.0,0.0,1.0,0.0,168,0.4286036036036036,0.44365932489182086,0.5752895752895754,0.5916062034497666,0.5675675675675675,0.0,0.75,0.25,0.0,0.3783783783783784,0.0,5.713479364036766,4.677418814948015,2.642857142857143,1.292768303109067,0.015731292517006803,3.348557899922845,74.0,0.03571428571428571,0.9,-0.016810862918606007,-0.8320275135580584,-0.4119797891293582,-0.4417923812602662,-0.02592954990215264,0.024697124820542482,0.24304044992641094,17.833333333333332,2.9356283494842854,20.0,0,0
2021-04-05,RIOT,2.0,2.0,1.0,0.0,16.994107740669588,9.478763169489152,7.515344571180436,1.2599666666666667,10.933961434101745,1.0,9.984698807960951,10.0,1.0,0.0,3.0,3.0,0.0,168,0.6299833333333333,0.6433972057229604,0.5,0.587538867019537,0.5,0.0,0.5,0.0,1.5,1.5,0.0,4.739381584744576,3.757672285590218,2.0,1.0986122886681098,0.011904761904761904,2.8900443565656193,74.0,0.02702702702702703,0.84,0.18456886681112372,1.6468977615732747,1.0986122886681098,0.7848212495386007,0.02702702702702703,0.6224122893772894,0.3356268731268731,0.0,0.0,8.0,0,0
2021-04-05,TSLA,9.083333333333332,11.0,10.0,2.0,93.09739438141172,52.26135981159083,40.836034569820896,2.0841000000000003,22.35157203939124,1.603896103896104,19.95176815138408,14.833333333333332,3.5,1.0,0.0,0.0,0.3333333333333333,168,0.22944220183486244,0.2400880517430901,0.17657571786012155,0.21431070422490522,0.38532110091743127,0.11009174311926608,0.9090909090909091,0.18181818181818182,0.0,0.0,0.03669724770642202,5.753544199441193,4.495710227870191,9.083333333333332,2.3108838958087405,0.05406746031746031,4.544330356318607,74.0,0.12274774774774773,0.98,-0.21597226468734718,1.6749152858673413,1.2290787254570121,1.1052022140109252,0.09603541898062444,-0.09782262696937535,0.042902081381367974,7.441666666666666,2.1331797614666375,19.0,0,0
2021-04-05,VIAC,2.267857142857143,4.0,2.0,2.0,23.93073369022697,12.489925360398697,11.440808329828272,1.3195880952380952,14.146042659021749,0.02040816326530612,0.25594003346600025,7.5,0.0,0.0,0.0,0.0,0.0,168,0.5818656167979003,0.5911244862834618,0.008998875140607423,0.010695034961277562,0.0,0.0,0.5,0.5,0.0,0.0,0.0,5.5073686628529686,5.044765877719553,2.267857142857143,1.1841344621062717,0.013499149659863945,3.2161013271155277,74.0,0.030646718146718144,0.86,0.13645115027569066,0.4978508252096453,-0.7968670067603116,0.2237693148215738,-0.05496972020944624,0.15863983640748813,-0.02698120665787087,17.991666666666667,2.944000286463638,19.0,0,0
2021-04-06,AMC,3.25,4.0,3.0,2.0,37.36604956177767,21.254731941996546,16.111317619781126,1.1928,9.217056811113732,0.967391304347826,7.233890557062752,13.75,1.0,0.0,6.25,1.0,0.0,77,0.36701538461538463,0.24666928720615963,0.29765886287625415,0.1935952727649972,0.3076923076923077,0.0,0.75,0.5,1.9230769230769231,0.3076923076923077,0.0,6.539917520614322,4.957328498394192,3.25,1.4469189829363254,0.04220779220779221,3.6471729425283996,47.0,0.06914893617021277,0.9459459459459459,-0.07059239786848481,-0.9372196667939011,-0.2381563437033949,-0.7504138776813214,0.009786001807278413,-0.04048454717067085,0.033481961515378356,17.43452380952381,2.914225200569944,20.0,0,1
2021-04-06,ASO,7.0,8.0,8.0,6.0,70.60625052859469,41.49159846549564,29.11465206309904,3.5136333333333334,36.64682547913864,4.0,39.714747235929536,5.0,4.5,0.5,0.0,0.0,0.0,77,0.5019476190476191,0.5190308960578088,0.5714285714285714,0.5624820315284345,0.6428571428571429,0.07142857142857142,1.0,0.75,0.0,0.0,0.0,5.9273712093565205,4.1592360090141485,7.0,2.0794415416798357,0.09090909090909091,4.271182368041762,47.0,0.14893617021276595,1.0,0.06433983656374964,1.8732710942828246,0.33439107041738825,1.3251046609859298,0.08506873134532708,0.18545752059012288,0.4539949119076695,16.726190476190474,2.8750432338406955,13.0,0,1
2021-04-06,BB,2.0,2.0,2.0,0.0,21.80813625445486,12.587053785946772,9.221082468508085,1.242,13.13107907519942,0.0,0.0,0.0,0.0,0.0,0.0,0.0,0.0,77,0.621,0.6021183526179166,0.0,0.0,0.0,0.0,1.0,0.0,0.0,0.0,0.0,6.293526892973386,4.610541234254042,2.0,1.0986122886681098,0.025974025974025976,3.1271173255689764,47.0,0.0425531914893617,0.8513513513513513,0.18339221751613055,-0.18709562446609712,-0.4054651081081644,-0.1203237516119211,-0.004744105807935599,0.250709523007721,-0.34236076540721305,29.166666666666664,3.4067375620377707,19.0,0,1
2021-04-06,GME,5.750000000000001,9.0,5.0,1.0,71.32361714695483,39.00994362901365,32.3136735179412,2.7712555555555554,30.537942523334767,2.622946859903382,25.206202390727384,27.25,3.333333333333333,0.16666666666666666,0.25,0.0,0.0,77,0.4819574879227052,0.4281603169454311,0.4561646712875446,0.3534061142579554,0.5797101449275361,0.028985507246376805,0.5555555555555556,0.1111111111111111,0.04347826086956521,0.0,0.0,6.784338022437155,5.619769307468033,5.750000000000001,1.9095425048844386,0.07467532467532469,4.2811507306926115,47.0,0.12234042553191492,0.972972972972973,0.04434970543883576,-2.1250427663881686,-1.1027190706207628,-1.8136743909337578,-0.13892083572934633,0.1554498774288185,0.19427796995012275,83.625,4.438229731232439,20.0,0,1
2021-04-06,PLTR,2.0,2.0,2.0,1.0,18.572442332171637,11.027052582559815,7.545389749611823,0.7626,6.2692897349313865,0.0,0.0,0.0,0.0,0.0,0.0,0.0,0.0,77,0.3813,0.337558713216278,0.0,0.0,0.0,0.0,1.0,0.5,0.0,0.0,0.0,5.5135262912799075,3.7726948748059117,2.0,1.0986122886681098,0.025974025974025976,2.9741225734255132,47.0,0.0425531914893617,0.8513513513513513,-0.05630778248386947,-1.1437409442824402,-0.19415601444095731,-0.5711270527324526,0.006838905775075989,-0.019568299215786122,-0.3374650923379253,19.142857142857142,3.002849741322855,20.0,0,1
2021-04-06,RKT,2.0,3.0,3.0,1.0,20.005932951693023,10.883470657856737,9.122462293836286,1.6396,16.257092282261514,1.0,9.419272799744153,6.0,1.5,0.5,3.0,0.0,0.0,77,0.8198,0.8126135542649482,0.5,0.4708239711933573,0.75,0.25,1.0,0.3333333333333333,1.5,0.0,0.0,5.4417353289283685,4.561231146918143,2.0,1.0986122886681098,0.025974025974025976,3.0448049193309283,47.0,0.0425531914893617,0.8513513513513513,0.38219221751613053,-1.3877798724311303,0.1177830356563836,-0.7053785167483888,0.02003066896683918,0.39607892704525594,0.19166690970665962,26.833333333333332,3.3262343431887,20.0,0,1
2021-04-06,SPY,2.0,2.0,2.0,1.0,28.541366732300638,16.745294463680388,11.796072268620247,0.7783,13.067944733954697,0.0,0.0,0.0,0.0,0.0,0.0,0.0,0.0,77,0.38915,0.4578598094661505,0.0,0.0,0.0,0.0,1.0,0.5,0.0,0.0,0.0,8.372647231840194,5.898036134310123,2.0,1.0986122886681098,0.025974025974025976,3.385791543206287,47.0,0.0425531914893617,0.8513513513513513,-0.04845778248386945,0.6157042176833265,0.3254224004346281,0.37295705819024605,0.026787425723595937,0.1969258264433095,0.020466143746160455,10.0,2.3978952727983707,16.0,0,1
2021-04-06,TSLA,2.1666666666666665,3.0,3.0,1.0,19.317787368370485,11.080057213526468,8.237730154844016,0.14740555555555554,1.4824674953969037,-0.05555555555555555,-0.558725924470246,5.5,0.0,0.16666666666666666,0.0,0.0,0.0,77,0.06803333333333333,0.07674106082274133,-0.02564102564102564,-0.02892287371301449,0.0,0.07692307692307693,1.0,0.3333333333333333,0.0,0.0,0.0,5.113872560089139,3.8020293022356997,2.1666666666666665,1.1526795099383853,0.028138528138528136,3.011496727429559,47.0,0.04609929078014184,0.918918918918919,-0.3695744491505361,-0.09841453921236926,-1.1582043858703552,-0.0670137977743468,-0.07664845696760589,-0.25589704081444614,-0.1464887717537925,13.991666666666665,2.707494491168487,19.0,0,1
2021-04-07,APHA,2.0,2.0,1.0,1.0,21.379919385843834,11.822378813891465,9.557540571952371,0.8066333333333333,8.405029567382694,1.0,12.067293220326903,1.0,1.0,0.0,0.0,0.0,0.0,63,0.40331666666666666,0.3931272805896485,0.5,0.5644218297809369,0.5,0.0,0.5,0.5,0.0,0.0,0.0,5.9111894069457325,4.778770285976186,2.0,1.0986122886681098,0.031746031746031744,3.108164100814907,35.0,0.05714285714285714,0.8571428571428571,-0.01972317769432297,1.7795834023206323,1.0986122886681098,0.7260719861659666,0.05714285714285714,0.14134843434343436,0.34024170274170273,3.5,1.5040773967762742,11.0,0,2
2021-04-07,ASO,5.583333333333334,7.0,7.0,4.0,54.35021058975083,30.82900255068423,23.52120803906661,2.14885,19.939123151019096,2.3743386243386246,21.744590941239206,15.5,3.333333333333333,0.25,0.0,0.0,0.0,63,0.38486865671641785,0.366863769885358,0.42525467898602226,0.400082919740144,0.5970149253731342,0.04477611940298507,1.0,0.5714285714285714,0.0,0.0,0.0,5.521612397137473,4.212753678638795,5.583333333333334,1.8845412026790214,0.08862433862433863,4.013680463840287,35.0,0.15952380952380954,0.9714285714285714,-0.03817118764457178,1.5048443918692282,-0.19490033900081438,1.111252729433115,0.01058763931104359,0.06511818085264004,0.26324304424884726,21.226190476190474,3.101271344698409,13.0,0,2
2021-04-07,GME,6.916666666666667,9.0,5.0,1.0,89.64423588703657,49.74207954190953,39.90215634512704,3.841472222222222,47.82927262898429,2.3187830687830684,28.895045368639824,38.5,3.6666666666666665,0.25,7.0,0.0,0.0,63,0.5553935742971887,0.5335454327398742,0.33524574488429904,0.3223302098871293,0.5301204819277108,0.03614457831325301,0.5555555555555556,0.1111111111111111,1.0120481927710843,0.0,0.0,7.191625957866438,5.768986459536439,6.916666666666667,2.0689702418125404,0.1097883597883598,4.5069423487151345,35.0,0.19761904761904764,1.0,0.1323537299361991,-1.6786160303272957,0.15942773692810186,-1.5038156219120098,0.07527862208713272,0.2232589529296592,0.06738067217561716,53.0,3.9889840465642745,20.0,0,2
2021-04-07,RKT,2.583333333333333,4.0,2.0,1.0,23.585454824909462,12.73554421825877,10.84991060665069,1.6208833333333332,14.971031011993814,1.291005291005291,10.750878171275291,18.5,2.333333333333333,0.25,0.0,0.0,0.0,63,0.6274387096774194,0.6347569348623441,0.49974398361495137,0.4558266207324056,0.9032258064516129,0.09677419354838711,0.5,0.25,0.0,0.0,0.0,4.929888084487266,4.199965396122848,2.583333333333333,1.276293465905562,0.041005291005291,3.2021550007907833,35.0,0.0738095238095238,0.9142857142857143,0.2043988653164298,-0.925555199269555,0.17768117723745225,-0.44606830262043795,0.031256332320162096,0.18618367501937116,0.19093871107516142,24.833333333333336,3.251665647691192,20.0,0,2
2021-04-07,RMO,3.0,3.0,3.0,1.0,30.952453827397612,16.545972789365003,14.406481038032606,1.6461000000000001,16.86884288652048,1.0,10.203851370643852,4.0,1.0,0.0,4.0,0.0,0.0,63,0.5487000000000001,0.5449921024222317,0.3333333333333333,0.3296621142719191,0.3333333333333333,0.0,1.0,0.3333333333333333,1.3333333333333333,0.0,0.0,5.515324263121667,4.802160346010869,3.0,1.3862943611198906,0.047619047619047616,3.4642489799838843,35.0,0.08571428571428572,0.9428571428571428,0.12566015563901045,0.0,1.3862943611198906,1.3862943611198906,0.08571428571428572,0.5487000000000001,0.3333333333333333,0.0,0.0,0.0,1,2
2021-04-07,SPY,2.0,2.0,2.0,1.0,18.60842168929651,10.044726664228852,8.563695025067657,0.9263333333333332,9.06681181771261,1.0,11.122930081265755,1.0,1.0,0.0,0.0,0.0,0.0,63,0.4631666666666666,0.48724238783388085,0.5,0.5977363511524258,0.5,0.0,1.0,0.5,0.0,0.0,0.0,5.022363332114426,4.281847512533829,2.0,1.0986122886681098,0.031746031746031744,2.9759591519766353,35.0,0.05714285714285714,0.8571428571428571,0.04012682230567699,0.7066511300917712,0.0,0.4025004747622224,0.01458966565349544,0.2634970685816742,0.5223394591100419,5.166666666666668,1.8191584434161696,16.0,0,2
2021-04-07,VIAC,2.0,2.0,1.0,1.0,18.723075511947584,9.835422821622,8.887652690325586,0.7988999999999999,7.487963066659746,-0.09090909090909091,-0.8461003673098627,11.0,0.0,0.0,0.0,0.0,0.0,63,0.39944999999999997,0.3999323221167121,-0.045454545454545456,-0.04519024488097313,0.0,0.0,0.5,0.5,0.0,0.0,0.0,4.917711410811,4.443826345162793,2.0,1.0986122886681098,0.031746031746031744,2.9817892960378565,35.0,0.05714285714285714,0.8571428571428571,-0.023589844360989654,0.2256921838078403,0.18232155679395468,0.08815649611779608,0.025227963525835867,-0.07589322789697384,-0.0940640581895413,13.30952380952381,2.660925316251839,20.0,0,2
2021-04-08,AMD,2.0,2.0,2.0,1.0,16.89480122882933,9.7997368515422,7.09506437728713,0.8356,6.422557220798672,1.0,7.686162303492906,2.0,1.0,0.0,0.0,0.0,0.0,73,0.4178,0.3801499132075733,0.5,0.4549424523786181,0.5,0.0,1.0,0.5,0.0,0.0,0.0,4.8998684257711,3.547532188643565,2.0,1.0986122886681098,0.0273972602739726,2.8845102365189326,37.0,0.05405405405405406,0.8939393939393939,-0.05817772195640619,1.2999335329443165,0.9808292530117263,0.5693179764601403,0.050482625482625484,0.14103846164021167,0.3056476393976394,4.749999999999998,1.7491998548092587,15.0,0,3
2021-04-08,GME,6.333333333333333,7.0,5.0,0.0,81.60337343123621,44.85067911632508,36.752694314911125,2.670533333333333,33.887809904391254,3.8771929824561404,44.2667724892549,11.333333333333332,4.0,0.3333333333333333,0.0,0.0,0.0,73,0.42166315789473685,0.41527462014725547,0.6121883656509696,0.5424625309952006,0.6315789473684211,0.05263157894736842,0.7142857142857143,0.0,0.0,0.0,0.0,7.081686176261855,5.803056997091231,6.333333333333333,1.992430164690206,0.0867579908675799,4.414050520264846,37.0,0.17117117117117117,1.0,-0.054314564061669346,-1.5632156660598255,-0.07654007712233435,-1.473606907518112,-0.026447876447876467,0.08253584921997992,0.3489601962694816,51.66666666666667,3.9639827443588573,20.0,0,3
2021-04-08,PLTR,5.0,6.0,6.0,1.0,53.34089439312439,29.166141894604106,24.17475249852028,3.0854,34.13262579481663,0.0,5.540198719219935,4.5,1.0,1.0,0.0,0.0,0.0,73,0.61708,0.6398960156771633,0.0,0.10386400119931367,0.2,0.2,1.0,0.16666666666666666,0.0,0.0,0.0,5.833228378920821,4.834950499704056,5.0,1.791759469228055,0.0684931506849315,3.9952770630663643,37.0,0.13513513513513514,0.9696969696969697,0.14110227804359377,0.6610339791548323,1.2611312181658847,0.2960474054969673,0.11513513513513514,0.24463587298772516,-0.32985071609022415,12.842857142857143,2.627769369841407,20.0,0,3
2021-04-08,RKT,2.0,2.0,2.0,0.0,19.025352756703448,9.93537374139845,9.089979015304998,1.4796,14.179638789047267,-1.0,-8.18757739559151,1.0,0.0,1.0,0.0,0.0,0.0,73,0.7398,0.7453022800878776,-0.5,-0.4303508849635745,0.0,0.5,1.0,0.0,0.0,0.0,0.0,4.967686870699225,4.544989507652499,2.0,1.0986122886681098,0.0273972602739726,2.9969991086146694,37.0,0.05405405405405406,0.8939393939393939,0.2638222780435938,-1.2055398945858182,-0.17768117723745225,-0.5839055567198561,-0.01975546975546974,0.29607579964225333,-0.812715047945272,14.25,2.7245795030534206,20.0,0,3
2021-04-08,VIAC,2.5,3.0,3.0,0.0,23.026971375575428,12.450539349796873,10.576432025778553,0.9668666666666667,8.517944911035556,0.38461538461538464,4.298481980126029,13.0,1.0,0.0,0.0,0.0,0.0,73,0.3867466666666667,0.36991164717694874,0.15384615384615385,0.18667161694939194,0.4,0.0,1.0,0.0,0.0,0.0,0.0,4.98021573991875,4.230572810311421,2.5,1.252762968495368,0.03424657534246575,3.17917700666485,37.0,0.06756756756756757,0.9393939393939394,-0.08923105528973951,0.6203381270766083,0.15415067982725827,0.24230717594505435,0.01042471042471043,-0.09085156123030713,0.13250936838388527,14.476190476190476,2.7393027446063143,20.0,0,3
2021-04-09,AAPL,2.125,3.0,2.0,1.0,17.240203559604446,9.391171435732716,7.84903212387173,-0.1323166666666667,-1.051208268220296,-1.0,-7.1785454837637,1.5,0.0,1.0,0.0,0.0,0.0,109,-0.06226666666666668,-0.06097423760606772,-0.47058823529411764,-0.4163840327607131,0.0,0.47058823529411764,0.6666666666666666,0.3333333333333333,0.0,0.0,0.0,4.419374793285984,3.6936621759396377,2.125,1.1394342831883648,0.0194954128440367,2.9036281446499457,55.0,0.038636363636363635,0.8571428571428571,-0.4176768176972902,2.131877720073279,0.2231435513142097,0.7533351803552331,-0.0019041769041769074,-0.37379228956228955,-0.5590874430580313,2.4916666666666667,1.2503791771400918,17.0,0,4
2021-04-09,BB,2.0,2.0,2.0,1.0,21.65534342447262,12.70260865736575,8.952734767106872,0.6486333333333334,4.513702124668823,0.8333333333333334,7.337437718848383,24.0,1.0,0.0,18.0,0.0,0.0,109,0.3243166666666667,0.2084336431980989,0.4166666666666667,0.3388280469639827,0.5,0.0,1.0,0.5,9.0,0.0,0.0,6.351304328682875,4.476367383553436,2.0,1.0986122886681098,0.01834862385321101,3.120395736886247,55.0,0.03636363636363636,0.8142857142857143,-0.031093484363956814,0.037359743738734,1.0986122886681098,0.025216351526488268,0.03636363636363636,-0.020638325444379213,0.08520431871863826,16.5,2.8622008809294686,18.0,0,4
2021-04-09,FUBO,3.3333333333333335,4.0,3.0,2.0,29.842415329257992,15.776274985496926,14.066140343761068,0.9770444444444444,9.719086391905691,1.5047619047619047,13.844468620534636,10.666666666666666,2.0,0.3333333333333333,0.0,0.0,0.0,109,0.2931133333333333,0.3256802870904668,0.4514285714285714,0.4639191723520211,0.6,0.09999999999999999,0.75,0.5,0.0,0.0,0.0,4.732882495649077,4.21984210312832,3.3333333333333335,1.4663370687934272,0.030581039755351685,3.428890863697754,55.0,0.06060606060606061,0.9142857142857143,-0.06229681769729023,3.5459681814066335,1.4663370687934272,1.30743437727603,0.06060606060606061,0.1861058333333333,0.4422023809523809,0.14285714285714285,0.13353139262452263,5.0,0,4
2021-04-09,GME,17.25,20.0,18.0,3.0,179.00150963189319,104.93436216649512,74.06714746539805,6.334358333333334,62.81141210831291,4.1712454212454215,43.74107696941945,35.25,6.0,1.0,6.0,2.5,0.0,109,0.3672091787439614,0.3508987842475806,0.24181132876785053,0.24436149761736975,0.34782608695652173,0.057971014492753624,0.9,0.15,0.34782608695652173,0.14492753623188406,0.0,6.083151429941746,4.29374767915351,17.25,2.9041650800285006,0.15825688073394495,5.192965237698892,55.0,0.31363636363636366,1.0,0.011799027713337906,-0.44518610233108563,0.9117349153382945,-0.4129161051449173,0.1424651924651925,0.027969515936344724,-0.03416270854850015,51.5,3.960813169597578,20.0,0,4
2021-04-09,PLTR,3.5,4.0,3.0,1.0,33.84674306475711,18.758259450490428,15.08848361426669,1.4987,14.734299843424983,1.9126984126984128,17.004923705091116,22.5,2.5,0.0,0.0,0.0,0.0,109,0.42819999999999997,0.4353240078442601,0.546485260770975,0.5024094540664231,0.7142857142857143,0.0,0.75,0.25,0.0,0.0,0.0,5.359502700140122,4.310995318361911,3.5,1.5040773967762742,0.03211009174311927,3.5509596770216794,55.0,0.06363636363636363,0.9714285714285714,0.07278984896937646,0.04735687697997599,-0.2876820724517808,0.02062145594683562,-0.07149877149877151,0.045779622987725144,0.22638454468075087,14.842857142857142,2.762718745301008,20.0,0,4
2021-04-09,RKT,2.0,2.0,2.0,1.0,16.178927310164564,9.311994025702681,6.866933284461882,0.4019,3.012458307247082,0.0,0.0,0.0,0.0,0.0,0.0,0.0,0.0,109,0.20095,0.18619641769170175,0.0,0.0,0.0,0.0,1.0,0.5,0.0,0.0,0.0,4.655997012851341,3.433466642230941,2.0,1.0986122886681098,0.01834862385321101,2.8436834763159875,55.0,0.03636363636363636,0.8142857142857143,-0.15446015103062352,-1.0913719432731628,0.0,-0.5439801719089676,-0.017690417690417695,-0.25674807290676627,-0.2534326478194463,14.25,2.7245795030534206,20.0,0,4
2021-04-09,SPY,3.333333333333333,4.0,3.0,0.0,25.376963839109855,14.084607874842597,11.292355964267259,0.6301666666666668,4.07470923055958,-1.7616487455197132,-12.365887309010226,40.0,0.0,2.333333333333333,0.0,0.0,0.0,109,0.18905000000000005,0.16056724738204567,-0.528494623655914,-0.4872878957234619,0.0,0.7,0.75,0.0,0.0,0.0,0.0,4.2253823624527795,3.3877067892801778,3.333333333333333,1.466337068793427,0.030581039755351678,3.272491047379221,55.0,0.0606060606060606,0.8857142857142857,-0.16636015103062346,1.292713095799181,0.6190392084062234,0.7462466008744454,0.024570024570024565,-0.00832918141832567,-0.5415499013879774,6.833333333333334,2.0583881324820035,16.0,0,4
2021-04-09,VIAC,3.458333333333333,5.0,3.0,2.0,27.29444410935533,15.00809128738156,12.286352821973766,1.8668944444444444,15.64179011982096,-0.09523809523809523,-0.9880348380183356,5.166666666666666,0.0,0.3333333333333333,0.0,0.0,0.0,109,0.5398248995983936,0.5730759731596675,-0.027538726333907058,-0.03619911928082393,0.0,0.0963855421686747,0.6,0.4,0.0,0.0,0.0,4.339689046953705,3.552680334064704,3.458333333333333,1.4947750041139605,0.03172782874617737,3.3426654641514646,55.0,0.06287878787878787,0.9428571428571428,0.18441474856777013,1.1822665084580233,0.2420120356185924,0.46314503088310444,-0.004688779688779704,0.07427708030357033,-0.056567819488483315,14.517857142857142,2.741991434530243,20.0,0,4
2021-04-12,AMC,4.333333333333333,5.0,4.0,0.0,46.180633582138455,24.644245376388408,21.53638820575005,1.2372333333333334,11.422336502734165,-0.0222222222222222,-0.9828485830206295,9.0,0.3333333333333333,1.0,0.0,0.0,0.0,154,0.28551538461538467,0.2473404026044382,-0.005128205128205123,-0.021282700274618392,0.07692307692307693,0.23076923076923078,0.8,0.0,0.0,0.0,0.0,5.687133548397325,4.969935739788474,4.333333333333333,1.6739764335716716,0.028138528138528136,3.8539835029300225,76.0,0.05701754385964912,0.9607843137254902,-0.11512903935150798,-0.09281981387428812,0.9808292530117263,-0.07774964131187945,0.03883572567783094,-0.16021430660792474,-0.21938269760253623,9.892857142857142,2.3881072664322076,20.0,0,0
2021-04-12,APHA,3.0,3.0,2.0,2.0,29.285765933113076,15.880071937114657,13.40569399599842,1.1040666666666668,10.632422642342348,-1.0,-10.3256131015374,1.0,0.0,1.0,0.0,0.0,0.0,154,0.36802222222222225,0.3630576938512095,-0.3333333333333333,-0.3525812889825206,0.0,0.3333333333333333,0.6666666666666666,0.6666666666666666,0.0,0.0,0.0,5.293357312371552,4.468564665332806,3.0,1.3862943611198906,0.01948051948051948,3.4106778309538845,76.0,0.039473684210526314,0.9411764705882353,-0.0326222017446704,2.151166586971705,1.3862943611198906,0.9164585511649816,0.039473684210526314,0.05650732323232327,-0.5680916305916306,3.833333333333333,1.575536360758419,13.0,0,0
2021-04-12,FUBO,2.0,2.0,2.0,1.0,20.91888909258002,13.075825075887966,7.843064016692054,0.7203333333333334,11.108779598068939,-1.0,-15.421720867286817,2.0,0.0,1.0,0.0,0.0,0.0,154,0.3601666666666667,0.531040608748638,-0.5,-0.7372150977537779,0.0,0.5,1.0,0.5,0.0,0.0,0.0,6.537912537943983,3.921532008346027,2.0,1.0986122886681098,0.012987012987012988,3.0873487807125075,76.0,0.02631578947368421,0.9117647058823529,-0.04047775730022596,1.8640483997218644,-0.3677247801253174,0.8775499212767517,-0.0342902711323764,0.2679885,-0.5484642857142857,3.4761904761904763,1.4987723445465808,5.0,0,0
2021-04-12,GME,26.7,30.0,25.0,3.0,336.05510690022084,191.68798236587187,144.367124534349,9.654616666666668,110.98009779793078,9.417142857142858,116.16429346472599,83.0,14.5,3.0,11.0,14.0,1.0,154,0.3615961298377029,0.3302437472877989,0.3527019796682718,0.34567037095858416,0.5430711610486891,0.11235955056179775,0.8333333333333334,0.1,0.41198501872659177,0.5243445692883896,0.03745318352059925,7.179325182242392,5.4070084095261794,26.7,3.3214324131932926,0.17337662337662338,5.820246438943216,76.0,0.3513157894736842,1.0,-0.03904829412918975,0.12774497318265154,0.41726733316479203,0.10789050123204769,0.037679425837320535,0.02148611911381687,0.07892742663504593,55.583333333333336,4.0357144777706955,20.0,0,0
2021-04-12,MVIS,2.0,2.0,2.0,1.0,19.50462843103441,10.809121704221756,8.695506726812653,0.44283333333333336,4.178371200672191,1.0,10.09216387496809,4.0,1.0,0.0,0.0,0.0,0.0,154,0.22141666666666668,0.21422459881490782,0.5,0.5174240519706667,0.5,0.0,1.0,0.5,0.0,0.0,0.0,5.404560852110878,4.347753363406326,2.0,1.0986122886681098,0.012987012987012988,3.0206506377841733,76.0,0.02631578947368421,0.9117647058823529,-0.17922775730022597,1.6422434858854718,1.0986122886681098,0.832377242021078,0.02631578947368421,0.11414901900359528,0.3953475902628445,1.3928571428571428,0.8724881092157621,7.0,0,0
2021-04-12,PLTR,9.5,10.0,10.0,4.0,100.95138857881817,56.91338128678199,44.038007292036184,3.4632,36.23841113770678,3.5,37.98062205916846,7.5,3.5,0.0,0.0,0.5,0.0,154,0.3645473684210526,0.35896892205116626,0.3684210526315789,0.37622684139223056,0.3684210526315789,0.0,1.0,0.4,0.0,0.05263157894736842,0.0,5.990882240713894,4.635579714951177,9.5,2.3513752571634776,0.06168831168831169,4.624496117122101,76.0,0.125,0.9803921568627451,-0.03609705554584003,1.9797406959807797,0.8472978603872034,0.8553535949199937,0.06136363636363637,-0.03617234192455554,0.040996073502805985,13.842857142857142,2.6975187490498684,20.0,0,0
2021-04-13,AMC,4.9,7.0,5.0,0.0,39.94367344814269,22.964931408478932,16.978742039663754,2.308876666666667,17.60463495521449,2.716666666666667,22.67018312513299,10.0,2.9000000000000004,0.0,2.5,3.0,0.0,108,0.4711993197278912,0.44073650306774864,0.5544217687074829,0.5675537868234578,0.5918367346938775,0.0,0.7142857142857143,0.0,0.5102040816326531,0.6122448979591836,0.0,4.686720695607945,3.4650493958497455,4.9,1.7749523509116738,0.04537037037037037,3.712197303812716,47.0,0.10425531914893618,0.9705882352941176,0.09745757627326296,0.09028295328652561,0.10097591734000222,0.07306217507746138,0.04723777528928706,0.037307589137505315,0.375429882276427,9.833333333333332,2.382627800667582,20.0,0,1
2021-04-13,BABA,3.0,3.0,3.0,1.0,21.123968422224934,12.160552130228364,8.96341629199657,1.6004999999999998,11.3928005458827,1.3333333333333333,7.939810502607224,4.0,2.0,0.0,1.0,0.0,1.0,108,0.5335,0.5393305044849488,0.4444444444444444,0.3758673722620034,0.6666666666666666,0.0,1.0,0.3333333333333333,0.3333333333333333,0.0,0.3333333333333333,4.053517376742788,2.987805430665523,3.0,1.3862943611198906,0.027777777777777776,3.0966615648228313,47.0,0.06382978723404255,0.9117647058823529,0.15975825654537174,3.5058237625784114,0.47000362924573547,1.175753127814987,0.04409294512877939,0.3674573412698412,0.4045804988662131,2.5,1.252762968495368,7.0,0,1
2021-04-13,GME,10.733333333333333,14.0,9.0,0.0,117.74504791142941,64.53679872287033,53.20824918855905,1.5519933333333336,16.188398982458278,5.383333333333334,54.938975722544484,35.66666666666667,5.9,0.0,2.5,2.0,0.0,108,0.14459565217391307,0.1374868775342091,0.501552795031056,0.4665926652292916,0.5496894409937889,0.0,0.6428571428571429,0.0,0.23291925465838512,0.1863354037267081,0.0,6.012745222627671,4.9572902970707196,10.733333333333333,2.4624337939359418,0.0993827160493827,4.776978740246717,47.0,0.2283687943262411,1.0,-0.22914609128071517,-0.8724549627352477,-0.8589986192573509,-0.6996596978512661,-0.12294699514744309,-0.20102619726110665,0.22217004790278544,62.95,4.158101528024852,20.0,0,1
2021-04-13,NVDA,2.0,3.0,2.0,1.0,14.202578318080178,7.284032810206379,6.918545507873798,0.06358333333333331,0.40097242813774825,1.25,7.9150034171526436,6.5,1.5,0.5,0.0,0.0,0.0,108,0.031791666666666656,0.028232368740209797,0.625,0.5572934181307544,0.75,0.25,0.6666666666666666,0.3333333333333333,0.0,0.0,0.0,3.6420164051031896,3.459272753936899,2.0,1.0986122886681098,0.018518518518518517,2.7214650396568207,47.0,0.0425531914893617,0.8529411764705882,-0.3419500767879616,8.0,1.0986122886681098,1.061292703914172,0.0425531914893617,-0.032796666666666675,0.5256535947712418,0.12499999999999956,0.11778303565638305,4.0,0,1
2021-04-13,PLTR,3.2,4.0,3.0,1.0,31.399150169155906,17.647223321809292,13.751926847346613,0.9270200000000001,11.129872143048047,0.96,14.302826398764076,6.0,2.0,1.0,3.0,0.0,0.0,108,0.28969375,0.35446412030543334,0.3,0.4555163538411325,0.625,0.3125,0.75,0.25,0.9375,0.0,0.0,5.514757288065404,4.2974771397958165,3.2,1.4350845252893227,0.02962962962962963,3.4781321931072484,47.0,0.06808510638297872,0.9411764705882353,-0.08404799345462821,-0.2652156227669665,-0.9162907318741549,-0.12259293550973971,-0.056914893617021275,-0.09515821315972434,-0.0462313882150725,20.7,3.077312260546414,20.0,0,1
2021-04-13,UWMC,2.333333333333333,3.0,3.0,1.0,20.535733196466698,11.93031820600466,8.605414990462037,0.9886999999999999,8.721148396045548,0.06666666666666667,0.7708983989045419,1.6666666666666665,0.0,0.0,0.0,0.0,0.0,108,0.42372857142857145,0.42468161777374847,0.028571428571428574,0.03753936572555295,0.0,0.0,1.0,0.3333333333333333,0.0,0.0,0.0,5.112993516859141,3.688034995912302,2.333333333333333,1.203972804325936,0.021604938271604937,3.0697135646628193,47.0,0.04964539007092198,0.8823529411764706,0.049986827973943215,-0.02754660114540092,0.5108256237659906,-0.027547058712646066,0.03648749533407988,0.07346082433065038,-0.27387741506928476,1.9999999999999964,1.0986122886681084,16.0,0,1
2021-04-14,AAPL,3.0416666666666665,6.0,3.0,1.0,25.99163112829379,14.350566494488698,11.641064633805092,1.1215638888888888,9.343469533436743,1.05,9.75040732619855,4.083333333333333,1.25,0.3333333333333333,0.0,0.0,0.0,119,0.3687333333333333,0.35947992210714674,0.3452054794520548,0.3751364151819052,0.4109589041095891,0.1095890410958904,0.5,0.16666666666666666,0.0,0.0,0.0,4.71799446394149,3.8271993316619484,3.0416666666666665,1.396657148155437,0.025560224089635854,3.295526859746013,70.0,0.04345238095238095,0.9130434782608695,-0.04480525142528652,2.5674440063415207,1.396657148155437,0.982975664407993,0.04345238095238095,0.06968104377104373,0.32523568345284704,3.875,1.5841201044498106,17.0,0,2
2021-04-14,AMC,2.333333333333333,3.0,2.0,0.0,25.577108560244156,14.946819884480526,10.630288675763634,1.4546777777777777,15.668927608528692,1.3333333333333333,12.857835113915534,1.3333333333333333,1.3333333333333333,0.0,0.0,0.0,0.0,119,0.6234333333333334,0.6126152833742798,0.5714285714285715,0.5027087046852959,0.5714285714285715,0.0,0.6666666666666666,0.0,0.0,0.0,0.0,6.405779950491655,4.5558380038987005,2.333333333333333,1.203972804325936,0.019607843137254898,3.28005026483377,70.0,0.033333333333333326,0.8260869565217391,0.20989474857471357,-0.584310810108636,-0.5709795465857379,-0.45684010329403724,-0.07092198581560286,0.18805286718160885,0.36884611516634425,11.483333333333334,2.524394421295119,20.0,0,2
2021-04-14,AMD,2.375,4.0,2.0,1.0,16.967503633006665,10.464625492999524,6.502878140007137,1.8587,12.828258432297945,0.75,3.793615130873298,3.25,1.0,0.25,1.0,0.0,0.0,119,0.7826105263157895,0.7560486627710691,0.3157894736842105,0.22358121812884882,0.42105263157894735,0.10526315789473684,0.5,0.25,0.42105263157894735,0.0,0.0,4.406158102315589,2.7380539536872157,2.375,1.2163953243244932,0.01995798319327731,2.8885647725592247,70.0,0.033928571428571426,0.8478260869565217,0.3690719415571697,1.5962550309262407,0.5232481437645479,0.7039246239475844,0.012651975683890575,0.5140773591681224,-0.022907292512555744,4.583333333333331,1.7197859696029654,15.0,0,2
2021-04-14,BABA,2.0,2.0,2.0,2.0,13.707265887126585,7.351158226430694,6.3561076606958915,0.6683,4.569017985473872,1.0,6.891625897052254,4.0,1.0,0.0,0.0,0.0,0.0,119,0.33415,0.3333281796018084,0.5,0.5027717382738336,0.5,0.0,1.0,1.0,0.0,0.0,0.0,3.675579113215347,3.1780538303479458,2.0,1.0986122886681098,0.01680672268907563,2.688341649705362,70.0,0.02857142857142857,0.8043478260869565,-0.07938858475861982,1.9919363605369902,-0.2876820724517808,0.8430317280962969,-0.03525835866261398,0.16178000793650793,0.4012471655328798,5.5,1.8718021769015913,7.0,0,2
2021-04-14,BB,2.5,3.0,3.0,3.0,23.141972288101456,13.105945600302,10.036026687799458,1.3774,11.929906242778687,-1.0,-8.905172985183382,1.0,0.0,1.0,0.0,0.0,0.0,119,0.55096,0.5155094861518134,-0.4,-0.3848061381424268,0.0,0.4,1.0,1.0,0.0,0.0,0.0,5.2423782401208,4.014410675119783,2.5,1.252762968495368,0.02100840336134454,3.1839519144074067,70.0,0.03571428571428571,0.8695652173913043,0.13742141524138018,0.3780502151449987,0.33647223662121295,0.24904294166420682,0.0037993920972644382,0.25767185116403835,-0.6169267641505211,4.5,1.7047480922384253,17.0,0,2
2021-04-14,GME,9.541666666666666,13.0,9.0,0.0,124.45207504592766,70.17866054689311,54.273414499034544,1.3863777777777777,18.88442270582434,1.5704481792717087,16.6557271949714,20.25,1.8333333333333333,0.5833333333333333,0.0,0.0,0.0,119,0.1452972343522562,0.151740520990552,0.16458845546952405,0.1338324587101082,0.19213973799126638,0.0611353711790393,0.6923076923076923,0.0,0.0,0.0,0.0,7.354968790940763,5.688043440946852,9.541666666666666,2.3553356583795746,0.08018207282913165,4.831923813496101,70.0,0.1363095238095238,0.9782608695652174,-0.26824135040636365,-0.9451593184036429,-0.10709813555636716,-0.7000514325318554,-0.0920592705167173,-0.19071896353732684,-0.12545222259153982,67.93333333333334,4.233139853966164,20.0,0,2
2021-04-14,NOK,3.0,3.0,3.0,1.0,27.576581597364235,15.457702163536439,12.118879433827797,1.0731333333333333,9.792743289589161,0.7142857142857143,6.104545406225727,7.0,1.0,0.0,0.0,0.0,0.0,119,0.3577111111111111,0.3551108484934605,0.2380952380952381,0.22136700970976034,0.3333333333333333,0.0,1.0,0.3333333333333333,0.0,0.0,0.0,5.15256738784548,4.0396264779425985,3.0,1.3862943611198906,0.025210084033613446,3.3525875571383,70.0,0.04285714285714286,0.8913043478260869,-0.05582747364750873,1.7686071628794893,1.3862943611198906,1.0524646902818056,0.04285714285714286,0.19329375762715478,0.072463769056511,0.0,0.0,7.0,0,2
2021-04-14,PLTR,11.041666666666666,14.0,11.0,2.0,111.000547435093,66.09967271383975,44.90087472125323,5.445433333333333,52.77354717823626,3.661111111111111,40.71107679392395,16.916666666666664,4.333333333333334,0.5833333333333333,6.0,0.0,0.0,119,0.493171320754717,0.47543501719300363,0.3315723270440252,0.3667646487755346,0.3924528301886793,0.05283018867924528,0.7857142857142857,0.14285714285714285,0.5433962264150943,0.0,0.0,5.986385453328883,4.0664943143776515,11.041666666666666,2.4883728577644866,0.09278711484593836,4.718503759096479,70.0,0.15773809523809523,1.0,0.07963273599609716,2.0645018673692537,1.0532883324751638,0.9486777326818185,0.08965298885511651,0.12269899393840894,-0.023604676646911904,21.9,3.131136910560194,20.0,0,2
2021-04-14,SPY,3.458333333333333,5.0,3.0,1.0,31.7468269503018,17.073826472996327,14.673000477305466,-0.3233833333333333,-3.9708786074175926,-0.5952380952380952,-6.27035836649868,12.666666666666666,0.0,1.3333333333333333,0.0,0.0,2.0,119,-0.09350843373493976,-0.12507954302437282,-0.17211703958691912,-0.197511341096061,0.0,0.3855421686746988,0.6,0.2,0.0,0.0,0.5783132530120483,4.937010064480866,4.2427953187389305,3.458333333333333,1.4947750041139605,0.02906162464985994,3.4888060703737254,70.0,0.0494047619047619,0.9347826086956522,-0.5070470184935596,1.3072005438605039,0.8016278235540152,0.7367452758434321,0.028128166160081052,-0.25664190303205336,-0.21706022587739798,9.291666666666668,2.3313345062800317,16.0,0,2
2021-04-14,TSLA,6.291666666666667,10.0,6.0,5.0,52.284113334546255,29.422229721624348,22.861883612921908,2.3586805555555554,20.73734721234127,1.0962962962962963,8.776154939020584,19.166666666666664,2.583333333333333,1.5833333333333333,8.0,0.0,0.0,119,0.3748896247240618,0.3966280747585951,0.1742457689477557,0.1678550974531267,0.41059602649006616,0.2516556291390728,0.6,0.5,1.2715231788079469,0.0,0.0,4.676380882907181,3.633676865629972,6.291666666666667,1.9867321435755685,0.05287114845938375,3.9756382254771627,70.0,0.08988095238095238,0.9565217391304348,-0.03864896003455803,1.8263464677564372,1.9867321435755685,1.097239330680567,0.08988095238095238,0.11557843683274449,0.1246671295888509,2.7416666666666667,1.3195311449602083,18.0,0,2
2021-04-15,AMC,3.0,3.0,3.0,0.0,36.6644508735276,20.764884436332743,15.899566437194855,0.6293,10.84078644168188,0.0,-4.537760721486233,2.0,1.0,1.0,0.0,0.0,0.0,85,0.20976666666666666,0.2956756799406786,0.0,-0.12376458976950283,0.3333333333333333,0.3333333333333333,1.0,0.0,0.0,0.0,0.0,6.921628145444248,5.299855479064951,3.0,1.3862943611198906,0.03529411764705882,3.6287167019473685,41.0,0.07317073170731707,0.8793103448275862,-0.15140621636210028,-0.24602149390956674,0.18232155679395468,-0.1660372982131919,0.03983739837398374,-0.23641672871825326,-0.20516062731047208,13.566666666666666,2.678735813433435,20.0,0,3
2021-04-15,AMD,2.0,2.0,2.0,0.0,12.981292779112422,6.594413459749779,6.386879319362645,0.7456,5.778537311379443,0.0,0.0,0.0,0.0,0.0,0.0,0.0,0.0,85,0.3728,0.44514343907853393,0.0,0.0,0.0,0.0,1.0,0.0,0.0,0.0,0.0,3.2972067298748895,3.1934396596813226,2.0,1.0986122886681098,0.023529411764705882,2.637720206000387,41.0,0.04878048780487805,0.7758620689655172,0.011627116971233087,1.1664285411913518,-0.11778303565638337,0.5253218220749764,0.014851916376306624,0.06513630653654345,-0.3544862398809768,6.833333333333331,2.0583881324820035,16.0,0,3
2021-04-15,COIN,4.75,6.0,6.0,4.0,61.626791855622656,32.26319144567413,29.363600409948525,1.36405,14.865401080896302,0.2833333333333333,2.5053441059440935,4.25,1.0,0.0,0.0,0.0,0.0,85,0.2871684210526316,0.24121653315529556,0.05964912280701754,0.04065348901843757,0.21052631578947367,0.0,1.0,0.6666666666666666,0.0,0.0,0.0,6.792250830668238,6.181810612620742,4.75,1.749199854809259,0.05588235294117647,4.137193171460733,41.0,0.11585365853658537,0.9655172413793104,-0.07400446197613536,8.0,1.056052674249314,1.7145424957812618,0.10156794425087108,0.2597217543859649,0.07631578947368421,1.0,0.6931471805599453,1.0,0,3
2021-04-15,GME,7.25,8.0,7.0,1.0,84.10005629691348,47.72094538748658,36.37911090942691,2.2527666666666666,26.160257056527094,2.583333333333333,29.57034157107882,5.75,3.25,0.0,1.0,1.0,0.0,85,0.31072643678160916,0.3110611123037642,0.3563218390804597,0.35160905798542336,0.4482758620689655,0.0,0.875,0.125,0.13793103448275862,0.13793103448275862,0.0,6.582199363791252,5.017808401300264,7.25,2.1102132003465894,0.08529411764705883,4.443827697117459,41.0,0.17682926829268292,1.0,-0.05044644624715777,-1.1997688115707337,-0.24512245803298516,-0.8600480008018354,0.04051974448315912,-0.016712738236512148,0.07312233296517434,70.55833333333332,4.270512967890439,20.0,0,3
2021-04-15,NIO,2.25,3.0,2.0,2.0,19.915053168133024,11.065544586710757,8.849508581422269,0.8696999999999999,7.176187486479169,1.25,10.301049309995307,1.75,1.25,0.0,0.0,0.0,0.0,85,0.3865333333333333,0.36033986080248637,0.5555555555555556,0.5172494003921858,0.5555555555555556,0.0,0.6666666666666666,0.6666666666666666,0.0,0.0,0.0,4.918019816315892,3.933114925076564,2.25,1.1786549963416462,0.026470588235294117,3.040469146996263,41.0,0.054878048780487805,0.8275862068965517,0.02536045030456635,2.351330077124643,1.0608719606852628,0.9173280408856588,0.05309233449477352,0.2398810291251003,0.4887472766884532,1.0833333333333335,0.7339691750802005,10.0,0,3
2021-04-15,PLTR,3.0,3.0,3.0,0.0,27.177220617675566,14.396362119420527,12.780858498255041,1.5083666666666666,13.380654992434245,0.08333333333333331,0.2947309670412004,19.0,1.0,1.0,0.0,0.0,0.0,85,0.5027888888888888,0.49234817572668604,0.027777777777777773,0.010844779574314262,0.3333333333333333,0.3333333333333333,1.0,0.0,0.0,0.0,0.0,4.798787373140176,4.260286166085014,3.0,1.3862943611198906,0.03529411764705882,3.338513871999344,41.0,0.07317073170731707,0.8793103448275862,0.1416160058601219,-0.45196380757139887,-1.102078496644596,-0.2228887924175964,-0.08456736353077816,0.140664246034845,-0.3293945089320272,32.24166666666667,3.5038041091233607,20.0,0,3
2021-04-15,RKT,2.0,2.0,2.0,1.0,13.933149583251662,8.27715777243181,5.655991810819852,1.0033,6.935405618509175,1.0,7.134093721192866,1.0,1.0,0.0,0.0,0.0,0.0,85,0.50165,0.4977629485041829,0.5,0.5120230482394592,0.5,0.0,1.0,0.5,0.0,0.0,0.0,4.138578886215905,2.827995905409926,2.0,1.0986122886681098,0.023529411764705882,2.7035835459841575,41.0,0.04878048780487805,0.7758620689655172,0.1404771169712331,-0.5218755901600346,1.0986122886681098,-0.34388737750617593,0.04878048780487805,0.08796125248265474,0.2706328473345471,6.0,1.9459101490553132,19.0,0,3
2021-04-15,TSLA,4.0,6.0,3.0,0.0,34.91259491863926,19.064396825167325,15.84819809347193,1.589875,16.193454454578088,2.239583333333333,21.000112553974738,12.75,3.0,0.0,2.25,0.5,0.0,85,0.39746875,0.4638284404901874,0.5598958333333333,0.601505347938578,0.75,0.0,0.5,0.0,0.5625,0.125,0.0,4.766099206291831,3.9620495233679827,4.0,1.6094379124341003,0.047058823529411764,3.5810880673548704,41.0,0.0975609756097561,0.9310344827586207,0.03629586697123305,1.0344122843135153,-0.3772942311414682,0.6711885379442447,0.00768002322880372,0.1317337951581939,0.4926763340984692,8.575,2.2591555350667094,18.0,0,3
2021-04-16,AMC,4.0,4.0,4.0,0.0,43.47023883619729,24.323034009613835,19.147204826583454,2.5999333333333334,28.353399308655785,0.039215686274509665,-2.682929119693126,26.0,2.0,2.0,3.0,0.0,0.0,83,0.6499833333333334,0.652248528366634,0.009803921568627416,-0.06171875728133967,0.5,0.5,1.0,0.0,0.75,0.0,0.0,6.080758502403459,4.786801206645864,4.0,1.6094379124341003,0.04819277108433735,3.794820175234454,45.0,0.08888888888888889,0.9038461538461539,0.20398302904611737,0.20779055198220406,0.2231435513142097,0.12681007817911527,0.015718157181571824,0.20902075062058983,-0.19032575872742657,15.566666666666666,2.8073926444344734,20.0,0,4
2021-04-16,GME,10.5,12.0,8.0,0.0,103.73796562769652,60.09288877551966,43.64507685217687,5.5352500000000004,52.04287834186284,3.5,34.437877254181096,14.5,4.5,1.0,1.0,1.0,0.0,83,0.5271666666666667,0.5016762959150237,0.3333333333333333,0.33196985352281366,0.42857142857142855,0.09523809523809523,0.6666666666666666,0.0,0.09523809523809523,0.09523809523809523,0.0,5.723132264335206,4.156673985921607,10.5,2.4423470353692043,0.12650602409638553,4.651461665593173,45.0,0.23333333333333334,1.0,0.08116636237945068,-0.6212058878316303,0.33213383502261484,-0.42972481972130705,0.05650406504065042,0.2034152313331371,0.04523645273783938,71.475,4.283241674807719,20.0,0,4
2021-04-16,PLTR,5.0,6.0,5.0,2.0,51.993890006611856,29.39841775438557,22.595472252226283,1.31595,13.487591805564715,0.7222222222222222,5.136105795439487,7.5,1.0,0.5,0.0,1.0,0.0,83,0.26319,0.2594072458100279,0.14444444444444443,0.0987828722718448,0.2,0.1,0.8333333333333334,0.3333333333333333,0.0,0.2,0.0,5.879683550877114,4.519094450445257,5.0,1.791759469228055,0.060240963855421686,3.970176624012422,45.0,0.1111111111111111,0.9615384615384616,-0.182810304287216,0.3908533209808091,0.4054651081081644,0.19373349325627864,0.037940379403794036,-0.09336804563182172,-0.2060438144875828,30.241666666666667,3.441752673953866,20.0,0,4
2021-04-16,RKT,3.0,3.0,3.0,1.0,17.181937596867943,8.968014001245198,8.213923595622743,1.3090000000000002,10.871843840430579,2.1794871794871797,11.243317880354091,17.0,3.0,0.0,0.0,1.0,0.0,83,0.4363333333333334,0.6327484184561573,0.7264957264957266,0.6543684504129272,1.0,0.0,1.0,0.3333333333333333,0.0,0.3333333333333333,0.0,2.989338000415066,2.7379745318742477,3.0,1.3862943611198906,0.03614457831325301,2.900428661555835,45.0,0.06666666666666667,0.8461538461538461,-0.009666970953882581,-0.05418188099718606,0.2876820724517808,-0.035932049648987,0.017886178861788615,0.016213831847734006,0.48681111351281336,6.0,1.9459101490553132,19.0,0,4
2021-04-16,SPY,4.0,4.0,3.0,0.0,29.516319258879275,16.210851297993088,13.305467960886187,-0.33043333333333325,2.2752393824500023,-1.0,-1.6838819625610757,13.0,1.0,2.0,0.0,0.0,1.0,83,-0.08260833333333331,0.07708411616280886,-0.25,-0.057049185157276014,0.25,0.5,0.75,0.0,0.0,0.0,0.25,4.052712824498272,3.3263669902215467,4.0,1.6094379124341003,0.04819277108433735,3.418261598189224,45.0,0.08888888888888889,0.9038461538461539,-0.5286086376205493,1.3737241033342258,1.6094379124341003,0.796942689363282,0.08888888888888889,-0.21911471427703325,-0.27633733431113294,9.416666666666668,2.3434070875143007,16.0,0,4
2021-04-16,TSLA,2.2,3.0,2.0,1.0,18.095145974515745,11.146261698931456,6.94888427558429,1.2709133333333336,10.384043069721319,-0.1,-1.0721459583541504,0.8,0.0,0.2,0.0,0.0,0.0,83,0.5776878787878789,0.5738579331907938,-0.045454545454545456,-0.05925047301989741,0.0,0.09090909090909091,0.6666666666666666,0.3333333333333333,0.0,0.0,0.0,5.066482590423389,3.1585837616292225,2.2,1.1631508098056809,0.026506024096385545,2.949434165294279,45.0,0.04888888888888889,0.8076923076923077,0.13168757450066287,0.2985182148001368,-0.4462871026284194,0.19866084202878864,-0.04867208672086721,0.2958231743893352,-0.12364755976033145,12.375,2.59338729278207,18.0,0,4
2021-04-19,AMC,3.8095238095238093,6.0,4.0,2.0,45.13646613207773,26.02457998968002,19.111886142397715,2.216898412698413,26.216416648103184,1.3835978835978835,17.97862841114383,14.047619047619047,1.476190476190476,0.3333333333333333,0.0,1.0,0.0,135,0.5819358333333334,0.5808256360032497,0.36319444444444443,0.3983171469058966,0.3875,0.0875,0.6666666666666666,0.3333333333333333,0.0,0.2625,0.0,6.831452247291006,5.016870112379401,3.8095238095238093,1.5705980791178364,0.02821869488536155,3.8316036596970844,71.0,0.05365526492287055,0.9444444444444444,0.2805729558965528,0.18672868311947938,-0.03883983331626384,0.11115694567445855,-0.03523362396601834,0.13181197364217256,0.16932916439290072,18.566666666666666,2.973827438165941,20.0,0,0
2021-04-19,CLOV,10.666666666666666,14.0,11.0,6.0,112.07865645086251,60.909193706087315,51.1694627447752,5.094011111111111,55.17883155317561,-0.4152188552188556,-3.775925281580985,59.333333333333336,2.0,2.833333333333333,4.5,0.0,0.0,135,0.47756354166666665,0.49232238590732125,-0.03892676767676771,-0.033689958473372895,0.1875,0.265625,0.7857142857142857,0.42857142857142855,0.421875,0.0,0.0,5.710236909945686,4.797137132322676,10.666666666666666,2.456735772821304,0.07901234567901234,4.728083651351042,71.0,0.15023474178403756,0.9814814814814815,0.176200664229886,8.0,2.456735772821304,2.447619694981606,0.15023474178403756,0.47766854166666667,-0.055593434343434375,0.0,0.0,1.0,0,0
2021-04-19,GME,14.30952380952381,18.0,11.0,1.0,165.41931529038322,94.75261178752089,70.66670350286235,7.380281746031746,88.83530357007473,4.493985975038607,65.87557952635747,74.54761904761905,6.476190476190476,1.3333333333333333,2.5,2.0,0.0,135,0.5157601220188575,0.5370310197096991,0.31405559226559315,0.398233902798576,0.4525790349417637,0.09317803660565722,0.6111111111111112,0.05555555555555555,0.1747088186356073,0.13976705490848584,0.0,6.621646747214438,4.938438514343126,14.30952380952381,2.728475105954251,0.10599647266313933,5.114510599116886,71.0,0.20154258886653253,1.0,0.21439724458207682,-0.13075814781796039,0.28612807058504686,-0.08885974578697953,-0.0317907444668008,0.17951922614586735,0.019161804282163797,64.725,4.185479370615945,20.0,0,0
2021-04-19,PLTR,2.7750000000000004,6.0,3.0,2.0,26.406224784916056,14.839400652665805,11.566824132250249,1.1042575,10.571284804429427,0.175,1.8229251115932665,4.9,0.325,0.0,0.0,0.0,0.0,135,0.39793063063063056,0.4003330612586479,0.06306306306306306,0.06903391629971166,0.1171171171171171,0.0,0.5,0.3333333333333333,0.0,0.0,0.0,5.347531766726416,4.168224912522612,2.7750000000000004,1.328400382700988,0.02055555555555556,3.3107701695233605,71.0,0.039084507042253525,0.9259259259259259,0.09656775319384991,-0.5272150548967508,-0.4633590865270669,-0.2562941601080908,-0.07202660406885758,0.05444983296628858,-0.27600630310860796,31.741666666666667,3.488648476776414,20.0,0,0
2021-04-19,RIDE,2.0,2.0,2.0,2.0,19.450818776629255,10.096378060679317,9.35444071594994,0.4782,4.698104030212438,0.25,2.500266970218748,8.0,1.0,0.0,0.0,0.0,0.0,135,0.2391,0.24153759716569626,0.125,0.1285430191361864,0.5,0.0,1.0,1.0,0.0,0.0,0.0,5.048189030339659,4.67722035797497,2.0,1.0986122886681098,0.014814814814814815,3.018022919664293,71.0,0.028169014084507043,0.8703703703703703,-0.062262877436780634,3.0289567575686864,1.0986122886681098,0.8815456913248799,0.028169014084507043,0.18516976190476192,0.10719626447070058,0.3333333333333333,0.2876820724517809,8.0,0,0
2021-04-19,SPY,4.0928571428571425,8.0,4.0,1.0,39.52122684471463,21.676950553333086,17.844276291381547,0.27600619047619057,4.765885043368258,0.19285714285714278,6.549256300650535,14.314285714285715,1.3428571428571427,1.0,0.0,0.0,2.0,135,0.06743606748109368,0.12059051360156911,0.047120418848167527,0.16571490369931163,0.32809773123909247,0.24432809773123912,0.5,0.125,0.0,0.0,0.48865619546247824,5.296288093310004,4.359858081663904,4.0928571428571425,1.6278389978049916,0.030317460317460316,3.701825956432361,71.0,0.05764587525150905,0.9629629629629629,-0.23392680995568696,1.3503405336006746,0.018401085370891357,0.8031339267085713,-0.031243013637379843,-0.05130484917689197,0.010637835049679863,10.083333333333334,2.4054424784337534,16.0,0,0
2021-04-19,TSLA,2.583333333333333,4.0,2.0,0.0,24.999673743032538,13.925372209448291,11.07430153358425,0.37348888888888887,4.365460537967866,2.0,19.589385091779256,5.333333333333333,2.0,0.0,0.0,0.0,0.0,135,0.14457634408602152,0.17462070036752098,0.7741935483870969,0.7835856296820217,0.7741935483870969,0.0,0.5,0.0,0.0,0.0,0.0,5.39046666172192,4.28682640009713,2.583333333333333,1.276293465905562,0.0191358024691358,3.2580839895978486,71.0,0.036384976525821594,0.9074074074074074,-0.15678653335075912,0.40489730375458227,0.11314265609988117,0.2536459576383858,-0.012503912363067297,-0.1661727542519161,0.6982732613540381,13.616666666666667,2.6821624301500826,19.0,0,0
2021-04-19,UWMC,2.0,2.0,2.0,0.0,16.488853365546085,9.285447844462988,7.203405521083095,0.8642,6.977504358857203,1.0,9.708931458073831,1.0,1.0,0.0,0.0,0.0,0.0,135,0.4321,0.42316492264021777,0.5,0.5888178663994255,0.5,0.0,1.0,0.0,0.0,0.0,0.0,4.642723922231494,3.6017027605415475,2.0,1.0986122886681098,0.014814814814814815,2.86156372745007,71.0,0.028169014084507043,0.8703703703703703,0.13073712256321934,0.15873190808059062,1.0986122886681098,0.14647497444186763,0.028169014084507043,0.11772193597141029,0.26965460337655406,4.3333333333333295,1.673976433571671,14.0,0,0
2021-04-19,VIAC,2.0,2.0,2.0,0.0,15.679951088936292,8.17611034223734,7.503840746698952,1.0274,8.241277102735143,1.0,8.376781037699493,2.0,1.0,0.0,0.0,0.0,0.0,135,0.5137,0.5255932914580425,0.5,0.5342351510018494,0.5,0.0,1.0,0.0,0.0,0.0,0.0,4.08805517111867,3.751920373349476,2.0,1.0986122886681098,0.014814814814814815,2.8142074646083333,71.0,0.028169014084507043,0.8703703703703703,0.2123371225632194,0.1955029285569582,1.0986122886681098,0.08925925815032887,0.028169014084507043,0.059889485989807256,0.48472879554307147,4.783333333333333,1.7549802177247584,19.0,0,0
2021-04-20,BB,2.0,3.0,2.0,1.0,23.92228811511424,12.865724591095727,11.056563524018518,0.8180499999999999,8.498649984554486,0.8571428571428572,8.899868168188984,11.0,1.0,0.0,7.5,0.0,0.0,69,0.40902499999999997,0.35526074862316326,0.4285714285714286,0.37203247972613435,0.5,0.0,0.6666666666666666,0.3333333333333333,3.75,0.0,0.0,6.432862295547864,5.528281762009259,2.0,1.0986122886681098,0.028985507246376812,3.2157625081277237,36.0,0.05555555555555555,0.9166666666666666,0.10999736156499634,0.28164959519334604,0.4054651081081645,0.20383774841858981,0.04147104851330203,0.14442296872082167,0.27561688311688315,5.0,1.791759469228055,15.0,0,1
2021-04-20,CLOV,9.5,10.0,10.0,4.0,99.36814186165935,53.13494897489233,46.233192886767014,4.13155,41.5765275681953,3.166666666666667,35.349618009875485,24.5,4.5,1.0,1.0,0.0,0.0,69,0.4349,0.41840902717168926,0.33333333333333337,0.35574397737143293,0.47368421052631576,0.10526315789473684,1.0,0.4,0.10526315789473684,0.0,0.0,5.593152523672877,4.866651882817581,9.5,2.3513752571634776,0.13768115942028986,4.608844844768614,36.0,0.2638888888888889,1.0,0.13587236156499638,4.0567354138917,-0.10536051565782634,2.2285384685224123,0.11365414710485133,0.41102182291666667,0.33527967171717177,10.666666666666666,2.456735772821304,1.0,0,1
2021-04-20,GME,2.8333333333333335,4.0,2.0,1.0,27.5591043912981,15.53158178999755,12.027522601300552,1.566372222222222,18.208985496405212,1.7175438596491228,20.20334379897012,22.333333333333332,1.5,0.0,6.0,0.0,0.0,69,0.5528372549019607,0.6607248638368225,0.6061919504643962,0.7330914500018879,0.5294117647058824,0.0,0.5,0.25,2.1176470588235294,0.0,0.0,5.4817347494109,4.245007976929607,2.8333333333333335,1.3437347467010947,0.04106280193236715,3.351975778131579,36.0,0.0787037037037037,0.9666666666666667,0.25380961646695704,-2.2247645009972725,-1.3847403592531564,-1.4194137268305518,-0.12283888516282883,0.20419855694560457,0.30757522774358087,52.3345238095238,3.976583847745169,20.0,0,1
2021-04-20,PLTR,2.0,2.0,2.0,0.0,21.361122957206433,11.015838367314752,10.345284589891683,1.0423333333333331,11.364263571779741,0.75,7.380730235360164,16.0,1.0,0.0,0.0,0.0,0.0,69,0.5211666666666666,0.5320068422688363,0.375,0.34552163995059004,0.5,0.0,1.0,0.0,0.0,0.0,0.0,5.507919183657376,5.172642294945842,2.0,1.0986122886681098,0.028985507246376812,3.107323868725582,36.0,0.05555555555555555,0.9166666666666666,0.22213902823166293,-1.0127473639412539,-0.22978809403287825,-0.48986412485124986,0.016471048513302028,0.16954233747079306,0.05277748067517579,25.016666666666666,3.2587373582933314,20.0,0,1
2021-04-21,CLOV,4.7,6.0,6.0,1.0,41.6501994817827,21.549775199702708,20.100424282079988,2.45623,22.221980044296593,0.20962962962962964,2.177471639503782,17.5,0.7,0.0,0.0,0.0,0.0,70,0.5226021276595745,0.533538382067443,0.04460204885736801,0.052279981046817844,0.14893617021276595,0.0,1.0,0.16666666666666666,0.0,0.0,0.0,4.585058553128236,4.2766860174638275,4.7,1.7404661748405046,0.06714285714285714,3.7530319511080563,45.0,0.10444444444444445,0.9791666666666666,0.14698585218818977,2.0266980119531097,-0.610909082322973,1.5000606233412654,-0.15944444444444444,0.4769789505762411,0.029881720574539725,20.166666666666664,3.0524276172305362,2.0,0,2
2021-04-21,GME,4.0,6.0,5.0,1.0,39.498045416854985,22.892072709398647,16.605972707456342,0.69395,1.9711545093991312,-0.8703703703703703,-13.650128902249334,14.5,0.5,1.0,0.0,0.0,0.0,70,0.1734875,0.049905115268260365,-0.2175925925925926,-0.3455899844710903,0.125,0.25,0.8333333333333334,0.16666666666666666,0.0,0.0,0.0,5.723018177349662,4.1514931768640855,4.0,1.6094379124341003,0.05714285714285714,3.701253711635656,45.0,0.08888888888888889,0.9583333333333334,-0.20212877547138472,-1.5597989962712635,0.26570316573300556,-1.0285764360160934,0.010185185185185186,-0.18815184290427892,-0.5328445429736169,44.43452380952381,3.8162722523952115,20.0,0,2
2021-04-21,MVIS,4.95,7.0,6.0,3.0,42.80746757631564,23.91354290058122,18.89392467573442,1.648796666666667,14.407723508598801,2.2633333333333336,20.041323352894572,13.75,2.45,0.0,1.25,5.0,0.0,70,0.3330902356902357,0.33657033046659957,0.4572390572390573,0.4681735334416971,0.494949494949495,0.0,0.8571428571428571,0.42857142857142855,0.25252525252525254,1.0101010101010102,0.0,4.831018767794186,3.8169544799463475,4.95,1.7833912195575383,0.07071428571428572,3.779804295460133,45.0,0.11,1.0,-0.042526039781148994,2.596285693532981,0.9360933591703348,1.4269263421110696,0.07296296296296297,0.20832243265993267,0.3766028075238602,2.333333333333333,1.203972804325936,8.0,0,2
2021-04-21,TLRY,2.0,2.0,2.0,0.0,14.49493399730441,8.35936910622267,6.135564891081739,-0.2373,-1.9400830195932999,-1.0,-6.749931193788569,1.0,0.0,1.0,0.0,0.0,0.0,70,-0.11865,-0.133845591842922,-0.5,-0.4656751934878654,0.0,0.5,1.0,0.0,0.0,0.0,0.0,4.179684553111335,3.0677824455408693,2.0,1.0986122886681098,0.02857142857142857,2.7405131316181457,45.0,0.044444444444444446,0.8958333333333334,-0.4942662754713847,1.8498150776531408,0.4054651081081645,0.5192106417952581,0.01666666666666667,-0.6014162777777778,-0.909280303030303,3.583333333333333,1.5224265354444706,17.0,0,2
2021-04-21,UWMC,2.3333333333333335,3.0,2.0,2.0,21.886279841949037,11.104614864219412,10.781664977729623,0.9542444444444445,9.184609659475534,0.2121212121212121,1.9084857594123024,3.6666666666666665,0.3333333333333333,0.0,0.0,0.0,0.0,70,0.40896190476190475,0.41965147689794036,0.0909090909090909,0.0872000985637743,0.14285714285714285,0.0,0.6666666666666666,0.6666666666666666,0.0,0.0,0.0,4.759120656094034,4.6207135618841235,2.3333333333333335,1.2039728043259361,0.03333333333333333,3.130537597468631,45.0,0.05185185185185186,0.9375,0.03334562929052004,0.6959184004013175,1.2039728043259361,0.47625690384169994,0.05185185185185186,0.10909680274194405,-0.1321796705709749,2.9999999999999964,1.3862943611198897,13.0,0,2
2021-04-21,VIAC,2.267857142857143,4.0,2.0,2.0,14.307735227349044,7.602371256449917,6.705363970899127,0.9531976190476189,6.001028062471747,0.02857142857142857,0.1769830111744192,3.2142857142857144,0.0,0.0,0.0,0.0,0.0,70,0.4203076115485564,0.4194254343623065,0.012598425196850394,0.012369743244627461,0.0,0.0,0.5,0.5,0.0,0.0,0.0,3.352226695757444,2.956695924175993,2.267857142857143,1.1841344621062717,0.03239795918367347,2.728358271055696,45.0,0.0503968253968254,0.9166666666666666,0.044691336077171684,0.34784667045491885,0.4909872815463264,0.15753940727390425,0.022619047619047622,-0.019410495054229038,-0.024895001482300352,5.458333333333333,1.865371286571301,19.0,0,2
2021-04-22,GME,2.0,2.0,2.0,0.0,26.24806814674371,14.06420021120173,12.183867935541981,0.3763000000000001,5.0204111436033605,0.0,0.10572588565794305,11.0,1.0,1.0,3.0,0.0,0.0,59,0.18815000000000004,0.19126783409491355,0.0,0.004027949221514774,0.5,0.5,1.0,0.0,1.5,0.0,0.0,7.032100105600865,6.0919339677709905,2.0,1.0986122886681098,0.03389830508474576,3.3049826248986975,34.0,0.058823529411764705,0.8703703703703703,-0.1895440072016461,-2.123186127976671,-0.5108256237659905,-1.4751244202161657,-0.030065359477124187,-0.16612754717257155,-0.28811054529963215,38.89285714285714,3.6861972888939967,20.0,0,3
2021-04-22,MVIS,6.0,6.0,6.0,0.0,69.24094029897729,39.962734502330754,29.27820579664653,3.3717666666666672,39.94015949691007,4.0,46.078184584452444,8.0,4.0,0.0,3.0,0.0,0.0,59,0.5619611111111112,0.5768286699234787,0.6666666666666666,0.6654760086372344,0.6666666666666666,0.0,1.0,0.0,0.5,0.0,0.0,6.660455750388459,4.879700966107755,6.0,1.9459101490553132,0.1016949152542373,4.251931336181695,34.0,0.17647058823529413,1.0,0.1842671039094651,2.3896220699310575,0.1625189294977749,1.5002757106309677,0.06647058823529413,0.4205387962962964,0.5631684640895167,7.283333333333333,2.114245463874528,9.0,0,3
2021-04-22,TSLA,4.0,4.0,4.0,0.0,35.161647850577936,19.042332943214884,16.119314907363048,1.3649,11.702351300705429,1.0,9.956554273472822,1.0,1.0,0.0,1.0,0.0,0.0,59,0.341225,0.332815781286345,0.25,0.2831651780310168,0.25,0.0,1.0,0.0,0.25,0.0,0.0,4.760583235803721,4.029828726840762,4.0,1.6094379124341003,0.06779661016949153,3.587999105574637,34.0,0.11764705882352941,0.9629629629629629,-0.03646900720164614,1.12702871251359,1.491654876777717,0.7002005177046646,0.11486928104575163,0.0672698154474764,0.18539516372655734,9.908333333333331,2.3895270231278536,19.0,0,3
2021-04-22,UWMC,2.0,2.0,2.0,0.0,17.83169892914303,9.57094757444252,8.260751354700513,0.4973,4.068752059667993,0.0,0.0,2.0,0.0,0.0,0.0,0.0,0.0,59,0.24865,0.22817523309673401,0.0,0.0,0.0,0.0,1.0,0.0,0.0,0.0,0.0,4.78547378722126,4.130375677350257,2.0,1.0986122886681098,0.03389830508474576,2.9355415631950854,34.0,0.058823529411764705,0.8703703703703703,-0.12904400720164613,0.6445067397936908,-0.10536051565782634,0.4079932554203425,0.006971677559912848,-0.06086944725805596,-0.21811040650171085,5.33333333333333,1.8458266904983303,13.0,0,3
2021-04-22,VIAC,3.2,4.0,4.0,0.0,23.35192703036559,13.731115274050639,9.620811756314955,1.65766,12.16547584986756,-0.06666666666666667,-0.8099322427364031,2.6,0.0,0.2,0.0,0.0,0.0,59,0.51801875,0.5209623956964335,-0.020833333333333332,-0.034683743302349766,0.0,0.0625,1.0,0.0,0.0,0.0,0.0,4.290973523140824,3.006503673848423,3.2,1.4350845252893227,0.054237288135593226,3.1926109852213362,34.0,0.09411764705882353,0.9259259259259259,0.14032474279835383,0.8586506072981486,0.250950063183051,0.38394010637963905,0.04372082166199813,0.08140526281978683,-0.0589566812723266,6.267857142857142,1.9834614947074456,19.0,0,3
2021-04-23,AMC,2.0,2.0,2.0,1.0,18.278423851776758,8.08825472712243,10.190169124654325,0.43400000000000005,7.705920536233523,1.0,13.974358758572587,1.0,1.0,0.0,0.0,0.0,0.0,44,0.21700000000000003,0.42158561365697117,0.5,0.7645275583876017,0.5,0.0,1.0,0.5,0.0,0.0,0.0,4.044127363561215,5.095084562327163,2.0,1.0986122886681098,0.045454545454545456,2.9589865354141347,25.0,0.08,0.9333333333333333,-0.15431855685055684,-0.19053678028117602,0.9162907318741551,-0.12180014884506263,0.07411764705882354,-0.24901567628941768,0.3495796693322787,9.63452380952381,2.36410567186448,20.0,0,4
2021-04-23,GME,3.0,3.0,1.0,0.0,9.261983605128021,0.6931471805599453,8.568836424568076,0.7459333333333333,0.564770901846318,2.111111111111111,6.982028620717767,20.0,2.0,0.0,0.0,0.0,0.0,44,0.24864444444444445,0.06097731608309315,0.7037037037037037,0.7538372899787982,0.6666666666666666,0.0,0.3333333333333333,0.0,0.0,0.0,0.0,0.23104906018664842,2.8562788081893586,3.0,1.3862943611198906,0.06818181818181818,2.328446154889187,25.0,0.12,1.0,-0.12267411240611242,-1.4566208631690711,0.2876820724517808,-1.067421480652831,0.06117647058823529,-0.09838522177574616,0.4344953639143748,33.642857142857146,3.5450915613222245,20.0,0,4
2021-04-23,MVIS,2.5,3.0,3.0,1.0,36.30129561543725,20.526057042748892,15.775238572688352,0.8006,11.428607966561676,-0.5,-6.919662368031764,0.5,0.0,0.5,0.0,0.0,0.0,44,0.32023999999999997,0.3148264482797584,-0.2,-0.19061750416117804,0.0,0.2,1.0,0.3333333333333333,0.0,0.0,0.0,8.210422817099557,6.310095429075341,2.5,1.252762968495368,0.056818181818181816,3.6190280610448413,25.0,0.1,0.9666666666666667,-0.0510785568505569,1.0117599128524886,-0.6931471805599452,0.7098330226182569,-0.07647058823529412,0.1507196296296296,-0.3368315359104833,13.283333333333333,2.659093356375679,10.0,0,4
2021-04-26,AMD,2.2,3.0,3.0,2.0,24.882392366204662,13.292468570503924,11.589923795700738,1.64642,18.747687591112562,1.6825174825174827,18.793205718888444,23.6,2.2,0.0,0.0,0.0,0.0,102,0.7483727272727272,0.753451971787718,0.764780673871583,0.755281302629623,1.0,0.0,1.0,0.6666666666666666,0.0,0.0,0.0,6.042031168410874,5.268147179863972,2.2,1.1631508098056809,0.021568627450980395,3.2535629060946563,52.0,0.04230769230769231,0.8913043478260869,0.34579742824876647,1.2671238419234963,1.1631508098056809,0.6374402204978624,0.04230769230769231,0.4651711078833446,0.45455369324986555,1.4999999999999982,0.9162907318741543,13.0,0,0
2021-04-26,CLOV,2.0,2.0,2.0,1.0,22.015782590772552,11.901224068156484,10.114558522616068,0.6834,7.398460478657897,0.0,0.0,0.0,0.0,0.0,0.0,0.0,0.0,102,0.3417,0.3360525771979055,0.0,0.0,0.0,0.0,1.0,0.5,0.0,0.0,0.0,5.950612034078242,5.057279261308034,2.0,1.0986122886681098,0.0196078431372549,3.1361801802006597,52.0,0.038461538461538464,0.8695652173913043,-0.060875299023960716,0.9097965091896021,1.0986122886681098,0.7365260693988482,0.038461538461538464,0.23202671653368795,-0.016950430725696682,25.866666666666667,3.290886360844473,4.0,0,0
2021-04-26,GME,3.833333333333333,7.0,2.0,1.0,38.77101582434368,19.340180932864016,19.430834891479662,1.1281722222222224,11.111080496040191,0.4708333333333332,5.513384038554302,15.999999999999998,1.3333333333333333,1.1666666666666667,0.6666666666666666,0.0,0.0,102,0.29430579710144933,0.28658213512847214,0.12282608695652172,0.14220375508171595,0.34782608695652173,0.30434782608695654,0.2857142857142857,0.14285714285714285,0.17391304347826086,0.0,0.0,5.045264591181917,5.068913449951217,3.833333333333333,1.575536360758419,0.03758169934640523,3.6831384013712354,52.0,0.0737179487179487,0.9782608695652174,-0.10826950192251139,-1.064968509620592,0.1892419996385284,-0.7711761728394892,-0.04628205128205129,-0.050321276526148706,-0.1719191387863598,26.142857142857146,3.301113923105173,20.0,0,0
2021-04-26,HUYA,2.5,3.0,3.0,0.0,19.130067170790014,9.549547320377215,9.580519850412802,0.71495,4.806837737795588,-0.16666666666666666,-1.6000383780498126,7.5,0.5,1.0,0.0,0.0,0.0,102,0.28598,0.2512713465604146,-0.06666666666666667,-0.0836399769935432,0.2,0.4,1.0,0.0,0.0,0.0,0.0,3.819818928150886,3.832207940165121,2.5,1.252762968495368,0.024509803921568627,3.0022145764961086,52.0,0.04807692307692308,0.9130434782608695,-0.11659529902396071,0.0,1.252762968495368,1.252762968495368,0.04807692307692308,0.28598,-0.06666666666666667,0.0,0.0,0.0,1,0
2021-04-26,MVIS,10.533333333333333,13.0,9.0,1.0,125.52104899791436,69.13684860252052,56.38420039539383,6.132004444444445,72.06170369642517,1.55,18.697192192073054,13.433333333333332,2.2,0.5,6.0,1.0,0.0,102,0.5821523206751056,0.57410055342688,0.14715189873417722,0.14895662792288905,0.20886075949367092,0.04746835443037975,0.6923076923076923,0.07692307692307693,0.569620253164557,0.0949367088607595,0.0,6.563624867327897,5.352930417284225,10.533333333333333,2.445241393395569,0.10326797385620914,4.8404086895658525,52.0,0.20256410256410257,1.0,0.17957702165114486,2.60405475401652,1.1924784249002007,1.8396732990936893,0.10256410256410256,0.3966199503047352,0.020320362823693927,14.783333333333333,2.7589545309639774,11.0,0,0
2021-04-26,NIO,3.0,3.0,3.0,2.0,26.431728236915752,14.90618274058942,11.52554549632633,1.166,10.01619716922269,2.0,17.139347154603357,3.0,2.0,0.0,0.0,0.0,0.0,102,0.38866666666666666,0.3789459803552918,0.6666666666666666,0.6484383843908385,0.6666666666666666,0.0,1.0,0.6666666666666666,0.0,0.0,0.0,4.968727580196473,3.8418484987754433,3.0,1.3862943611198906,0.029411764705882353,3.3117003083207823,52.0,0.057692307692307696,0.9347826086956522,-0.01390863235729406,2.5724742781552656,0.6931471805599453,1.0763750124465465,0.017692307692307695,0.07730892672858619,0.4810457516339869,2.125,1.1394342831883648,11.0,0,0
2021-04-26,OCGN,3.5,4.0,4.0,2.0,34.942009104313826,17.461158878504943,17.48085022580888,1.4967000000000001,14.769796510826907,0.17619047619047618,2.8759945007814722,12.5,1.0,0.5,0.0,0.0,0.0,102,0.42762857142857147,0.42269454131083367,0.050340136054421766,0.08230764556770753,0.2857142857142857,0.14285714285714285,1.0,0.5,0.0,0.0,0.0,4.988902536715698,4.994528635945394,3.5,1.5040773967762742,0.03431372549019608,3.5819067814155083,52.0,0.0673076923076923,0.9565217391304348,0.02505327240461075,5.513685049984688,0.8109302162163289,1.4001053196922824,0.027307692307692304,0.3628169047619048,0.10034013605442177,1.0,0.6931471805599453,3.0,0,0
2021-04-27,AMZN,2.0,2.0,2.0,0.0,16.567692470426394,8.421562960400987,8.146129510025405,0.5496333333333334,5.288381890854099,1.0,8.903815211722922,8.0,1.0,0.0,2.0,0.0,0.0,113,0.2748166666666667,0.31919845810114766,0.5,0.5374203575794505,0.5,0.0,1.0,0.0,1.0,0.0,0.0,4.2107814802004935,4.073064755012703,2.0,1.0986122886681098,0.017699115044247787,2.866061560075224,61.0,0.03278688524590164,0.7857142857142857,-0.14297402196649933,3.782627769081649,1.0986122886681098,0.9344415713678211,0.03278688524590164,0.11300166666666672,0.4291666666666667,0.14285714285714296,0.1335313926245227,9.0,0,1
2021-04-27,APHA,2.0,3.0,1.0,0.0,16.903366764153212,8.970676893622873,7.932689870530339,0.7188833333333333,6.110811958651783,1.5,12.987359673900478,6.5,1.5,0.0,0.0,0.0,0.0,113,0.35944166666666666,0.3615144866649238,0.75,0.7683297567347727,0.75,0.0,0.3333333333333333,0.0,0.0,0.0,0.0,4.485338446811436,3.9663449352651696,2.0,1.0986122886681098,0.017699115044247787,2.8849887825433562,61.0,0.03278688524590164,0.7857142857142857,-0.05834902196649938,1.5555611097735476,0.9808292530117263,0.6774922073127275,0.03038303909205549,0.1049323333333333,0.49131493506493507,0.125,0.11778303565638346,12.0,0,1
2021-04-27,CLNE,2.0,2.0,2.0,1.0,11.893414587008216,6.499787040655853,5.393627546352361,0.729,4.775737564246642,0.0,0.0,0.0,0.0,0.0,0.0,0.0,0.0,113,0.3645,0.40154469763993794,0.0,0.0,0.0,0.0,1.0,0.5,0.0,0.0,0.0,3.2498935203279267,2.6968137731761805,2.0,1.0986122886681098,0.017699115044247787,2.5567166838884567,61.0,0.03278688524590164,0.7857142857142857,-0.05329068863316605,3.2621315918689997,1.0986122886681098,0.9338204453678933,0.03278688524590164,0.252015,-0.05,2.0,1.0986122886681098,6.0,0,1
2021-04-27,CLOV,2.583333333333333,4.0,3.0,2.0,25.205141341211757,14.37948811861219,10.825653222599566,1.4453333333333334,14.323127226506497,1.875,18.766153651009855,8.0,2.0,0.25,0.0,0.0,0.0,113,0.559483870967742,0.5682621268656572,0.7258064516129034,0.7445367354606415,0.7741935483870969,0.09677419354838711,0.75,0.5,0.0,0.0,0.0,5.566253465269235,4.190575441006284,2.583333333333333,1.276293465905562,0.02286135693215339,3.2659556259129956,61.0,0.04234972677595628,0.8928571428571429,0.14169318233457595,1.0467731473061521,0.17768117723745225,0.859276632202895,0.003888188314417819,0.4327255875014299,0.7088560208872067,17.2,2.9014215940827497,5.0,0,1
2021-04-27,GME,9.083333333333332,12.0,8.0,4.0,109.49272270874002,64.39723547696612,45.0954872317739,3.628116666666666,45.01783457593908,5.379761904761905,70.86608781722074,39.5,6.5,0.75,3.5,1.0,0.0,113,0.3994256880733945,0.4111491016228572,0.5922673656618611,0.6472218980774693,0.7155963302752294,0.08256880733944955,0.6666666666666666,0.3333333333333333,0.38532110091743127,0.11009174311926608,0.0,7.089603905721042,4.964640796158595,9.083333333333332,2.3108838958087405,0.0803834808259587,4.7049496609496275,61.0,0.14890710382513658,0.9642857142857143,-0.018365000559771527,0.10313338062492938,0.7353475350503216,0.06925175406768691,0.07518915510718788,0.053437338431554515,0.30123210479856766,15.666666666666668,2.8134107167600364,20.0,0,1
2021-04-27,MVIS,24.875,28.0,26.0,7.0,257.2681861550674,145.765393785218,111.50279236984939,11.171733333333334,109.00985342945928,5.458333333333334,62.15237102484389,28.0,7.5,2.25,1.0,1.0,0.0,113,0.44911490787269687,0.42372069029846554,0.21943048576214408,0.241585918390165,0.3015075376884422,0.09045226130653267,0.9285714285714286,0.25,0.04020100502512563,0.04020100502512563,0.0,5.859915328048965,4.482524316375855,24.875,3.253277251585533,0.22013274336283187,5.553998526256306,61.0,0.4077868852459016,1.0,0.031324219239530826,3.130618272832175,0.8080358581899643,2.5601044466418723,0.20522278268179905,0.2344749214685712,0.08524135491495194,25.316666666666666,3.2702024520335415,11.0,0,1
2021-04-27,SPY,3.0,3.0,2.0,1.0,25.418471329716407,12.75938863131707,12.659082698399338,0.13929999999999992,3.4664656215454723,-1.875,-13.799504329926345,19.0,0.0,2.0,0.0,0.0,2.0,113,0.046433333333333306,0.13637584953792528,-0.625,-0.5428927708092942,0.0,0.6666666666666666,0.6666666666666666,0.3333333333333333,0.0,0.0,0.6666666666666666,4.253129543772356,4.219694232799779,3.0,1.3862943611198906,0.02654867256637168,3.27406343707639,61.0,0.04918032786885246,0.9285714285714286,-0.3713573552998327,0.914716744802285,0.6931471805599453,0.5626603104642594,0.029949558638083226,0.01813374126900425,-0.5952777257143308,1.8666666666666676,1.0531499145913528,16.0,0,1
2021-04-27,TLRY,2.0,3.0,2.0,1.0,17.0560068696751,8.950474186305353,8.10553268336975,1.10595,9.538797771799839,1.5,13.139999779422368,4.5,1.5,0.0,0.0,0.0,0.0,113,0.552975,0.559263246355713,0.75,0.7704030538815485,0.75,0.0,0.6666666666666666,0.3333333333333333,0.0,0.0,0.0,4.475237093152677,4.052766341684875,2.0,1.0986122886681098,0.017699115044247787,2.8934784199801102,61.0,0.03278688524590164,0.7857142857142857,0.13518431136683395,1.821077982998941,0.9808292530117263,0.6193346668224435,0.03038303909205549,0.1260612222222222,0.4490530303030303,3.125,1.4170660197866443,15.0,0,1
2021-04-27,TSLA,2.0,2.0,1.0,0.0,15.985706462912574,7.979338895262327,8.006367567650246,0.18243333333333334,1.345949150157705,1.0,7.3777589082278725,1.0,1.0,0.0,0.0,0.0,0.0,113,0.09121666666666667,0.08419703897856227,0.5,0.461522230834436,0.5,0.0,0.5,0.0,0.0,0.0,0.0,3.9896694476311634,4.003183783825123,2.0,1.0986122886681098,0.017699115044247787,2.832372194089492,61.0,0.03278688524590164,0.7857142857142857,-0.3265740219664994,0.3232631548985348,0.22314355131420993,0.21437067549846878,0.00586380832282472,-0.1774948976219619,0.40515253226101566,6.525,2.0182308106349396,18.0,0,1
2021-04-28,AMC,2.5,4.0,1.0,0.0,29.72307213435211,16.256508727624777,13.466563406727335,0.25716666666666665,1.2350074464115943,0.7222222222222222,6.458596514301146,4.833333333333333,1.1666666666666667,0.3333333333333333,0.0,0.0,0.0,83,0.10286666666666666,0.04155046425985853,0.28888888888888886,0.21729236079996908,0.4666666666666667,0.13333333333333333,0.25,0.0,0.0,0.0,0.0,6.502603491049911,5.386625362690934,2.5,1.252762968495368,0.030120481927710843,3.4250139076528083,44.0,0.056818181818181816,0.9342105263157895,-0.17153248397072818,0.4243411248326273,0.4054651081081645,0.21532342074447497,0.03496025832091405,-0.37804053149981065,0.11349481422867974,5.325,1.8445100346135839,20.0,0,2
2021-04-28,AMD,2.4107142857142856,5.0,4.0,3.0,21.203796426194433,11.983401739093178,9.220394687101257,0.994785119047619,6.616461803605288,-0.0824829931972789,-0.7889456601565272,2.75,0.0,0.125,0.0,0.0,0.0,83,0.41265160493827163,0.31204137554497274,-0.03421516754850088,-0.03720775488968057,0.0,0.05185185185185186,0.8,0.6,0.0,0.0,0.0,4.970892573253467,3.8247563146494103,2.4107142857142856,1.2269217373114807,0.029044750430292598,3.1002632844465965,44.0,0.05478896103896103,0.8947368421052632,0.1382524543008768,1.4356785722107808,1.2269217373114807,0.7277195773341183,0.05478896103896103,0.15115746029636384,-0.3160755652581809,2.1999999999999984,1.1631508098056804,12.0,0,2
2021-04-28,CLOV,4.916666666666666,7.0,6.0,3.0,52.750380873865595,30.157082604963406,22.593298268902203,2.9946055555555553,32.29973873374268,2.0176003734827264,21.05220842966545,29.75,2.4166666666666665,0.0,5.0,0.0,0.0,83,0.6090723163841808,0.6123129008485532,0.41035939799648674,0.3990911170860466,0.4915254237288136,0.0,0.8571428571428571,0.42857142857142855,1.016949152542373,0.0,0.0,6.133643919653575,4.595247105539432,4.916666666666666,1.777773227253315,0.05923694779116465,3.984350753008073,44.0,0.11174242424242423,0.9736842105263158,0.33467316574678596,1.550953280264917,0.5014797613477531,1.29694172025537,0.06939269746646795,0.45433983936948164,0.35711864469014487,10.283333333333333,2.423326710690174,6.0,0,2
2021-04-28,GME,2.5,4.0,2.0,0.0,28.9497132325099,16.611097197665657,12.338616034844243,-0.24653333333333333,-2.029855172210286,-0.2777777777777778,-2.189274000756708,0.8333333333333333,0.16666666666666666,0.3333333333333333,0.0,0.0,0.0,83,-0.09861333333333333,-0.07011658996092586,-0.11111111111111112,-0.07562333979523503,0.06666666666666667,0.13333333333333333,0.5,0.0,0.0,0.0,0.0,6.6444388790662625,4.935446413937697,2.5,1.252762968495368,0.030120481927710843,3.399519749641158,44.0,0.056818181818181816,0.9342105263157895,-0.37301248397072817,-1.5686822846834019,-1.0581209273133725,-0.92336326645058,-0.09208892200695476,-0.4470476619187438,-0.41358746185317335,21.916666666666664,3.131864447878571,20.0,0,2
2021-04-28,GSAT,2.0,2.0,2.0,1.0,13.78731270920527,6.893656354602635,6.893656354602635,1.0041333333333333,6.92215013420166,0.0,0.0,0.0,0.0,0.0,0.0,0.0,0.0,83,0.5020666666666667,0.5020666666666667,0.0,0.0,0.0,0.0,1.0,0.5,0.0,0.0,0.0,3.4468281773013176,3.4468281773013176,2.0,1.0986122886681098,0.024096385542168676,2.693769563743673,44.0,0.045454545454545456,0.8421052631578947,0.22766751602927182,0.0,1.0986122886681098,1.0986122886681098,0.045454545454545456,0.5020666666666667,0.0,0.0,0.0,0.0,1,2
2021-04-28,MVIS,8.625,11.0,8.0,4.0,98.18344194799137,53.08544761065846,45.097994337332906,1.8007708333333334,19.01587643181745,1.0138888888888888,10.073663063341952,8.583333333333332,2.166666666666667,0.4583333333333333,0.0,0.0,1.0,83,0.20878502415458938,0.19367701981654226,0.11755233494363929,0.10260042695058562,0.2512077294685991,0.05314009661835749,0.7272727272727273,0.36363636363636365,0.0,0.0,0.11594202898550725,6.15483450558359,5.228752966647294,8.625,2.264363880173848,0.10391566265060241,4.596971084511965,44.0,0.19602272727272727,1.0,-0.06561412648280546,1.4457580992616625,-0.9889133714116851,1.4431845716789078,-0.21176415797317436,-0.011675707643171107,0.022391679808339934,48.858333333333334,3.9091856506079856,11.0,0,2
2021-04-28,NIO,2.0,2.0,2.0,1.0,11.836746584037883,5.950642552587727,5.886104031450156,1.2503000000000002,7.481379586769533,1.0,6.356107660695891,5.0,1.0,0.0,0.0,0.0,0.0,83,0.6251500000000001,0.632046950879082,0.5,0.5369809698610295,0.5,0.0,1.0,0.5,0.0,0.0,0.0,2.9753212762938634,2.943052015725078,2.0,1.0986122886681098,0.024096385542168676,2.5523118848498876,44.0,0.045454545454545456,0.8421052631578947,0.35075084936260525,1.6947588143992969,0.4054651081081645,0.7455406291269988,0.029061102831594635,0.2878231372549021,0.28104575163398693,5.125,1.8123787564307907,12.0,0,2
2021-04-28,VIAC,2.0,2.0,2.0,1.0,17.29828792661885,9.482274087459825,7.816013839159028,0.7442333333333334,7.919010326965276,0.55,6.0261565772283525,13.0,1.0,0.0,3.0,0.0,0.0,83,0.3721166666666667,0.45779156645782215,0.275,0.3483672258660475,0.5,0.0,1.0,0.5,1.5,0.0,0.0,4.741137043729912,3.908006919579514,2.0,1.0986122886681098,0.024096385542168676,2.9068074995482798,44.0,0.045454545454545456,0.8421052631578947,0.09771751602927187,0.29165832866097957,0.6931471805599454,0.12414270771836189,0.037257824143070044,-0.026106187458358077,0.1545341298461283,8.801190476190476,2.2825038554610666,19.0,0,2
2021-04-29,AAPL,2.0,3.0,1.0,0.0,15.566770467747844,7.276610921305298,8.290159546442545,1.1199166666666667,8.19366848673576,-0.02857142857142858,0.3133834647891146,13.0,0.0,0.0,2.0,0.0,0.0,93,0.5599583333333333,0.526356350131319,-0.01428571428571429,0.020131565852943036,0.0,0.0,0.3333333333333333,0.0,1.0,0.0,0.0,3.638305460652649,4.145079773221273,2.0,1.0986122886681098,0.021505376344086023,2.8073989100736676,56.0,0.03571428571428571,0.8636363636363636,0.07360362044805391,1.950139024574368,0.7545161269362375,0.7798376851837112,0.026379870129870128,0.3200461064735194,-0.10040961289262165,0.6107142857142858,0.47667773633342875,13.0,0,3
2021-04-29,AMC,4.0,4.0,3.0,0.0,49.186304468084884,27.069752965243396,22.11655150284149,1.4733,17.916921088517846,-1.0,-6.309830813652985,3.0,1.0,2.0,0.0,0.0,0.0,93,0.368325,0.3642664616152135,-0.25,-0.12828430356558285,0.25,0.5,0.75,0.0,0.0,0.0,0.0,6.767438241310849,5.529137875710372,4.0,1.6094379124341003,0.043010752688172046,3.9157421701148527,56.0,0.07142857142857142,0.9090909090909091,-0.11802971288527941,1.1203206530014949,0.3566749439387322,0.5695588564747356,0.014610389610389608,-0.08998910292838208,-0.42317185243798694,7.2,2.1041341542702074,20.0,0,3
2021-04-29,CLOV,10.0,10.0,10.0,2.0,107.95623550379244,62.972522549804836,44.98371295398758,3.495566666666667,38.45862313894318,3.5555555555555554,38.06273033634858,38.0,4.0,0.0,2.0,0.0,1.0,93,0.3495566666666667,0.35624272150164177,0.3555555555555555,0.35257556137191776,0.4,0.0,1.0,0.2,0.2,0.0,0.1,6.297252254980483,4.498371295398758,10.0,2.3978952727983707,0.10752688172043011,4.690946292463248,56.0,0.17857142857142858,1.0,-0.13679804621861275,2.0870453445570756,0.6201220455450556,1.8281751044377597,0.06682900432900435,0.1643705738327585,0.28179683234938935,10.5,2.4423470353692043,7.0,0,3
2021-04-29,GME,4.125,5.0,4.0,1.0,60.12928605652456,33.68300969513337,26.44627636139119,1.472475,23.31366154441895,1.9583333333333335,34.30895894359454,2.75,2.0,0.125,0.0,0.0,0.0,93,0.35696363636363637,0.38772556724693075,0.4747474747474748,0.5705865010827235,0.48484848484848486,0.030303030303030304,0.8,0.2,0.0,0.0,0.0,8.16557810791112,6.41121851185241,4.125,1.634130525024472,0.04435483870967742,4.11299106487092,56.0,0.07366071428571429,0.9318181818181818,-0.12939107652164306,-0.7913539950416317,0.3813675565291039,-0.49340268077002736,0.01684253246753247,0.02867150643142452,0.20293957320327355,20.416666666666664,3.0641694351072193,20.0,0,3
2021-04-29,MVIS,7.5,8.0,8.0,1.0,80.31651349407423,42.891376630670464,37.42513686340377,2.1750833333333333,23.019232946217176,2.333333333333333,30.39169921383967,15.0,3.0,0.0,2.0,0.0,0.0,93,0.2900111111111111,0.286606476611009,0.31111111111111106,0.3783991347692399,0.4,0.0,1.0,0.125,0.26666666666666666,0.0,0.0,5.7188502174227285,4.990018248453836,7.5,2.1400661634962708,0.08064516129032258,4.398349113936388,56.0,0.13392857142857142,0.9772727272727273,-0.19634360177416832,1.1726658846706017,-0.12429771667757716,1.2056686609926381,-0.06209415584415584,0.059111128105621163,0.21007283922862974,52.53333333333333,3.9803045128445516,12.0,0,3
2021-04-29,NOK,5.0,5.0,4.0,2.0,58.31946809257879,33.02418868340685,25.29527940917194,2.3951333333333333,27.794113023188213,3.0,37.24978168815999,3.0,3.0,0.0,0.0,0.0,0.0,93,0.47902666666666666,0.47658378809399743,0.6,0.6387195032202302,0.6,0.0,0.8,0.4,0.0,0.0,0.0,6.60483773668137,5.059055881834388,5.0,1.791759469228055,0.053763440860215055,4.082937550482712,56.0,0.08928571428571429,0.9545454545454546,-0.0073280462186127715,4.558864493976308,1.791759469228055,1.6531300331160659,0.08928571428571429,0.4448061111111111,0.5380952380952381,0.0,0.0,3.0,0,3
2021-04-29,VIAC,3.3333333333333335,4.0,4.0,0.0,29.170416001955925,16.142050525427642,13.028365476528286,1.4989,12.974062185026554,1.3333333333333333,12.167618330236667,5.666666666666666,1.3333333333333333,0.0,4.0,0.0,0.0,93,0.44966999999999996,0.44476781490386086,0.39999999999999997,0.417121865160264,0.39999999999999997,0.0,1.0,0.0,1.2,0.0,0.0,4.842615157628292,3.9085096429584856,3.3333333333333335,1.4663370687934272,0.035842293906810034,3.406861841672392,56.0,0.05952380952380953,0.8863636363636364,-0.03668471288527947,1.119470252088117,0.3677247801253174,0.46724366358878944,0.014069264069264072,0.024489312541641883,0.22990177690495175,8.533333333333335,2.2547944291576973,19.0,0,3
2021-04-30,CLOV,4.0,4.0,4.0,2.0,47.47541658350132,25.811515803848398,21.663900779652923,2.2772,26.781038964721397,2.0,23.00669429180315,9.0,3.0,0.0,0.0,0.0,0.0,46,0.5693,0.564103295810328,0.5,0.4846022625486228,0.75,0.0,1.0,0.5,0.0,0.0,0.0,6.452878950962099,5.415975194913231,4.0,1.6094379124341003,0.08695652173913043,3.8810567948721157,26.0,0.15384615384615385,1.0,0.297510701754386,0.9637051688511739,-0.7884573603642704,0.9198229804335708,-0.02472527472527472,0.36663607383275854,0.40846349901605605,19.5,3.0204248861443626,8.0,0,4
2021-04-30,FB,2.5,3.0,1.0,0.0,21.611968368858133,11.134368483957664,10.47759988490047,0.8116999999999999,7.688156895274483,1.5,12.423669127758831,6.5,1.5,0.0,0.5,0.0,0.0,46,0.32467999999999997,0.35573607938242074,0.6,0.5748513469814612,0.6,0.0,0.3333333333333333,0.0,0.2,0.0,0.0,4.453747393583066,4.191039953960188,2.5,1.252762968495368,0.05434782608695652,3.118479339946779,26.0,0.09615384615384616,0.8947368421052632,0.05289070175438593,3.7377646322843097,1.252762968495368,1.0598757926587292,0.09615384615384616,0.16004929777777774,0.4623377289377289,0.944047619047619,0.6647722011331058,8.0,0,4
2021-04-30,GME,2.0,2.0,2.0,0.0,19.8254490068663,10.135154674791215,9.690294332075085,0.4838,10.43648338190372,1.0,17.05286028462652,3.0,1.0,0.0,0.0,0.0,0.0,46,0.2419,0.5264185128058977,0.5,0.8601500162099971,0.5,0.0,1.0,0.0,0.0,0.0,0.0,5.0675773373956075,4.845147166037543,2.0,1.0986122886681098,0.043478260869565216,3.0361757487744363,26.0,0.07692307692307693,0.7894736842105263,-0.029889298245614038,-1.5957557022856645,-0.5355182363563622,-1.0098822923505002,0.0032623626373626397,-0.08925813226321416,0.18961955988326018,22.541666666666664,3.158771900798495,20.0,0,4
2021-04-30,MVIS,2.0,2.0,2.0,1.0,26.859318386246407,13.645291469957952,13.214026916288457,0.296,3.948150222324505,0.0,0.0,0.0,0.0,0.0,0.0,0.0,0.0,46,0.148,0.14699368634559976,0.0,0.0,0.0,0.0,1.0,0.5,0.0,0.0,0.0,6.822645734978976,6.607013458144229,2.0,1.0986122886681098,0.043478260869565216,3.327167502375644,26.0,0.07692307692307693,0.7894736842105263,-0.12378929824561405,0.05516474084027007,-1.041453874828161,0.05721147798966375,-0.0570054945054945,-0.09740053856104552,-0.11659382743803688,54.03333333333333,4.0079390622579725,13.0,0,4
2021-04-30,NCLH,2.0,2.0,2.0,1.0,13.361443268016892,6.761572768804056,6.5998704992128365,1.0751,6.8684904139517,0.0,0.0,2.0,0.0,0.0,1.0,0.0,0.0,46,0.53755,0.5140530312614292,0.0,0.0,0.0,0.0,1.0,0.5,0.5,0.0,0.0,3.380786384402028,3.2999352496064183,2.0,1.0986122886681098,0.043478260869565216,2.6645470646989855,26.0,0.07692307692307693,0.7894736842105263,0.26576070175438593,4.262406588898677,1.0986122886681098,0.9968770062761876,0.07692307692307693,0.439732037037037,-0.09,1.125,0.7537718023763802,4.0,0,4
2021-04-30,NOK,3.0,3.0,3.0,1.0,29.88574099886313,17.154005349912687,12.73173564895044,2.3803,23.969139170976412,3.0,29.88574099886313,5.0,3.0,0.0,3.0,0.0,0.0,46,0.7934333333333333,0.802025928414765,1.0,1.0,1.0,0.0,1.0,0.3333333333333333,1.0,0.0,0.0,5.718001783304229,4.24391188298348,3.0,1.3862943611198906,0.06521739130434782,3.4302946210524823,26.0,0.11538461538461539,0.9473684210526315,0.5216440350877193,2.2459801624339515,-0.4054651081081644,1.1580769515464988,0.026098901098901103,0.7352614444444444,0.9080952380952381,5.0,1.791759469228055,4.0,0,4
2021-05-03,AG,2.0,2.0,1.0,0.0,9.480672806092851,3.8712010109078907,5.60947179518496,0.7850666666666667,3.733639592346547,1.0,4.6443908991413725,1.0,1.0,0.0,0.0,0.0,0.0,57,0.39253333333333335,0.3938158893055655,0.5,0.48987988449054026,0.5,0.0,0.5,0.0,0.0,0.0,0.0,1.9356005054539454,2.80473589759248,2.0,1.0986122886681098,0.03508771929824561,2.3495328758868865,31.0,0.06451612903225806,0.8285714285714286,0.07128825845759179,5.513562887617745,1.0986122886681098,1.0181403930464048,0.06451612903225806,0.2778666666666667,0.5287878787878788,1.0,0.6931471805599453,4.0,0,0
2021-05-03,AMD,2.5,3.0,2.0,0.0,17.6927135210678,9.469622969906265,8.223090551161533,0.16641666666666668,0.7313095801567385,0.5,2.1972245773362196,2.0,0.5,0.0,0.0,0.0,0.0,57,0.06656666666666668,0.041333941189175036,0.2,0.12418810572611427,0.2,0.0,0.6666666666666666,0.0,0.0,0.0,0.0,3.787849187962506,3.2892362204646135,2.5,1.252762968495368,0.043859649122807015,2.9281337966469585,31.0,0.08064516129032258,0.9,-0.2546784082090749,1.2708948404444593,0.5596157879354228,0.6368888482436705,0.042183622828784115,-0.25693289859774154,-0.08453148596762272,6.878571428571426,2.064146596644198,14.0,0,0
2021-05-03,CLOV,2.2,4.0,4.0,0.0,21.035450926284014,11.2573061975041,9.778144728779914,0.3533533333333333,2.6870731855208523,0.5857142857142857,5.0407747044264175,4.300000000000001,0.7,0.0,0.0,0.0,0.0,57,0.1606151515151515,0.1277402226810991,0.2662337662337662,0.2396323578748634,0.3181818181818181,0.0,1.0,0.0,0.0,0.0,0.0,5.116957362501863,4.444611240354506,2.2,1.1631508098056809,0.03859649122807018,3.0926525621773258,31.0,0.07096774193548387,0.8571428571428571,-0.16062992336059007,0.4089787412784109,-0.4462871026284194,0.3930639821834464,-0.08287841191066998,-0.07051377465209002,0.14969726524982224,23.5,3.1986731175506815,9.0,0,0
2021-05-03,GME,2.7,4.0,2.0,0.0,32.62748586125177,18.22403253500313,14.403453326248634,0.7687533333333333,9.15264175978981,0.08571428571428572,1.0186220009310982,3.8000000000000003,0.2,0.0,0.0,0.0,0.0,57,0.2847234567901234,0.2805193694270952,0.031746031746031744,0.031219751508368847,0.07407407407407407,0.0,0.5,0.0,0.0,0.0,0.0,6.7496416796307885,5.334612343055049,2.7,1.308332819650179,0.04736842105263158,3.515343764148553,31.0,0.08709677419354839,0.9571428571428572,-0.03652161808561816,-1.0988665409931353,0.2097205309820691,-0.7225477864387235,0.01017369727047146,-0.045613768300095,-0.2929574692760475,21.541666666666664,3.115365448498536,20.0,0,0
2021-05-03,MVIS,2.7,5.0,4.0,0.0,26.92506756319804,13.403146987120007,13.521920576078035,0.9320533333333333,9.038734194882954,0.5857142857142857,5.0407747044264175,5.300000000000001,0.7,0.0,0.0,0.0,0.0,57,0.3452049382716049,0.3356995919756709,0.21693121693121692,0.18721493242662438,0.25925925925925924,0.0,0.8,0.0,0.0,0.0,0.0,4.96412851374815,5.008118731880753,2.7,1.308332819650179,0.04736842105263158,3.329524764404371,31.0,0.08709677419354839,0.9571428571428572,0.023959863395863368,0.313397014642507,0.2097205309820691,0.3159734716223189,0.01017369727047146,0.11281106637722602,0.10271834187413241,53.53333333333333,3.998812135500537,13.0,0,0
2021-05-03,RKT,2.5,3.0,3.0,1.0,18.677157930694012,9.952328734510818,8.724829196183194,1.36215,10.501728143098074,0.0,0.0,0.0,0.0,0.0,0.0,0.0,0.0,57,0.54486,0.5622765616732056,0.0,0.0,0.0,0.0,1.0,0.3333333333333333,0.0,0.0,0.0,3.980931493804327,3.4899316784732775,2.5,1.252762968495368,0.043859649122807015,2.979458467104637,31.0,0.08064516129032258,0.9,0.22361492512425846,1.3248958398035167,0.8472978603872037,0.6496020722231297,0.06141439205955335,0.15246581451612906,-0.2916848874573832,0.9583333333333333,0.6720937713621129,15.0,0,0
2021-05-03,TSLA,3.0,3.0,3.0,0.0,14.083339861862825,7.8808043446749005,6.202535517187922,-0.3843,-7.0324793401118875,-1.0,-5.583496308781699,2.0,0.0,1.0,0.0,0.0,1.0,57,-0.1281,-0.49934741397213506,-0.3333333333333333,-0.39646109257801876,0.0,0.3333333333333333,1.0,0.0,0.0,0.0,0.3333333333333333,2.6269347815583,2.067511839062641,3.0,1.3862943611198906,0.05263157894736842,2.713590814308416,31.0,0.0967741935483871,1.0,-0.44934507487574155,0.7598306088481551,0.6931471805599453,0.4852307084215114,0.05831265508684863,-0.3643488591604234,-0.5169368955525501,6.542857142857143,2.0206010416569025,18.0,0,0
2021-05-05,CLOV,3.0,3.0,3.0,1.0,28.89694886162217,16.058753737369827,12.838195124252344,1.3298,13.376900141132335,0.14285714285714285,1.497989515873093,7.0,0.0,0.0,0.0,0.0,0.0,38,0.4432666666666667,0.462917389832049,0.047619047619047616,0.05183902020405213,0.0,0.0,1.0,0.3333333333333333,0.0,0.0,0.0,5.352917912456609,4.279398374750781,3.0,1.3862943611198906,0.07894736842105263,3.3977564304279193,23.0,0.13043478260869565,0.95,-0.0489841125541125,0.5892039708699061,0.2231435513142097,0.558049993007372,0.05946704067321178,0.2041069829236676,-0.08222914167658468,23.7,3.2068032436339315,10.0,0,2
2021-05-05,RKT,7.0,7.0,7.0,2.0,75.3394605125759,41.97939751201824,33.36006300055767,4.1793000000000005,46.41364157821297,3.333333333333333,35.04099885614538,16.0,4.0,0.0,14.0,0.0,0.0,38,0.5970428571428572,0.6160601796513456,0.47619047619047616,0.46510817329646564,0.5714285714285714,0.0,1.0,0.2857142857142857,2.0,0.0,0.0,5.997056787431177,4.765723285793953,7.0,2.0794415416798357,0.18421052631578946,4.33518998038847,23.0,0.30434782608695654,1.0,0.10479207792207801,2.8970783476425814,0.8266785731844677,1.4626839596334154,0.22370266479663398,0.18910500499231964,0.19212463635214055,3.125,1.4170660197866443,15.0,0,2
2021-05-06,AMD,5.910714285714286,9.0,5.0,1.0,31.209242577640616,14.973512904968093,16.235729672672523,2.170747619047619,9.988355057955463,2.4059254471019176,14.399900239953753,55.285714285714285,3.642857142857143,2.0,1.0,0.0,0.0,164,0.3672563947633434,0.32004477625841093,0.4070447886335571,0.4613985810174817,0.6163141993957704,0.338368580060423,0.5555555555555556,0.1111111111111111,0.1691842900302115,0.0,0.0,2.533283150085236,2.7468303977935387,5.910714285714286,1.9330730022946325,0.036040940766550525,3.4722534479359366,79.0,0.07481916817359856,0.9666666666666667,-0.01246898190659057,2.689941884132046,1.8152899666382492,1.358878832844387,0.06938438556490291,0.0600264326735383,0.17203711218974388,7.303571428571427,2.1166857148522067,14.0,0,3
2021-05-06,ASO,2.333333333333333,3.0,3.0,0.0,15.831463566626557,8.026435521419963,7.805028045206596,1.5902222222222222,11.15508540977332,2.166666666666667,14.532876430101435,5.666666666666666,2.333333333333333,0.0,2.3333333333333335,0.0,0.0,164,0.6815238095238096,0.7046149184393,0.9285714285714288,0.9179742838645315,1.0,0.0,1.0,0.0,1.0000000000000002,0.0,0.0,3.439900937751413,3.3450120193742556,2.333333333333333,1.203972804325936,0.014227642276422762,2.8232499661939845,79.0,0.02953586497890295,0.9083333333333333,0.3017984328538757,1.8467385952495672,1.203972804325936,0.9003539989265128,0.02953586497890295,0.46394443966801946,0.9585375732703612,0.125,0.11778303565638346,9.0,0,3
2021-05-06,BB,2.25,3.0,2.0,2.0,16.163713753837587,8.412846883498167,7.75086687033942,0.8965916666666667,6.304642473035367,0.0,0.0,1.5,0.0,0.0,0.25,0.0,0.0,164,0.39848518518518516,0.39004912912037426,0.0,0.0,0.0,0.0,0.6666666666666666,0.6666666666666666,0.1111111111111111,0.0,0.0,3.7390430593325186,3.4448297201508535,2.25,1.1786549963416462,0.013719512195121951,2.8427974898658595,79.0,0.028481012658227847,0.8833333333333333,0.01875980851525122,1.690337400545579,1.1786549963416462,0.7716392193336469,0.028481012658227847,0.24915871296296294,-0.07619708994708994,2.166666666666667,1.1526795099383855,11.0,0,3
2021-05-06,BNTX,2.0,2.0,2.0,0.0,9.164819856674374,3.044522437723423,6.12029741895095,1.4934333333333334,6.782912984096814,0.5,2.6364997792818734,10.0,1.0,0.0,0.0,0.0,0.0,164,0.7467166666666667,0.7401032524558667,0.25,0.2876761158989738,0.5,0.0,1.0,0.0,0.0,0.0,0.0,1.5222612188617115,3.060148709475475,2.0,1.0986122886681098,0.012195121951219513,2.3189327250024068,79.0,0.02531645569620253,0.8666666666666667,0.36699128999673275,8.0,1.0986122886681098,1.089496210828412,0.02531645569620253,0.7233266666666667,0.25,0.0,0.0,1.0,0,3
2021-05-06,CLOV,3.0,5.0,4.0,2.0,24.005637075970228,12.138560341187759,11.867076734782469,2.2468777777777778,19.264858431646786,1.4467120181405895,13.765733147433217,42.33333333333333,2.333333333333333,0.3333333333333333,10.666666666666666,0.0,0.0,164,0.7489592592592592,0.8025139416496059,0.4822373393801965,0.573437526522168,0.7777777777777777,0.1111111111111111,0.8,0.4,3.5555555555555554,0.0,0.0,4.04618678039592,3.9556922449274894,3.0,1.3862943611198906,0.018292682926829267,3.21910128248953,79.0,0.0379746835443038,0.9333333333333333,0.36923388258932527,0.5232955285228755,0.0,0.4887352749513775,-0.09246009906439184,0.4876362421829268,0.3500081977036118,24.116666666666667,3.223531636404395,11.0,0,3
2021-05-06,CRSR,2.333333333333333,3.0,3.0,1.0,17.80484382234051,9.662493004587546,8.142350817752966,1.2059111111111112,10.905111765845469,1.129251700680272,10.688689909579734,22.333333333333332,1.3333333333333333,0.0,8.666666666666666,0.0,0.0,164,0.5168190476190477,0.6124800573741822,0.4839650145772595,0.6003248338616805,0.5714285714285715,0.0,1.0,0.3333333333333333,3.7142857142857144,0.0,0.0,4.14106843053752,3.489578921894129,2.333333333333333,1.203972804325936,0.014227642276422762,2.9341144867743054,79.0,0.02953586497890295,0.9083333333333333,0.1370936709491138,5.318388998621981,1.203972804325936,1.1346580862699414,0.02953586497890295,0.5134790476190477,0.4839650145772595,1.0,0.6931471805599453,2.0,0,3
2021-05-06,GME,6.916666666666666,10.0,4.0,4.0,46.00985434838309,23.906823145425477,22.103031202957617,1.9848416666666666,13.428329603042389,2.772108843537415,18.19142070536966,38.5,3.6666666666666665,0.0,9.75,0.0,0.0,164,0.28696506024096385,0.291857685559361,0.40078682075239735,0.3953809670342709,0.5301204819277109,0.0,0.4,0.4,1.4096385542168677,0.0,0.0,3.456408165603684,3.1956189691023065,6.916666666666666,2.0689702418125404,0.04217479674796747,3.850357246719882,79.0,0.08755274261603375,0.9833333333333333,-0.09276031642897009,0.2845433613149737,2.0689702418125404,0.21876319876061112,0.08755274261603375,-0.012596569614464537,0.10505790356601524,11.325000000000003,2.511629719928754,19.0,0,3
2021-05-06,PLTR,4.375,6.0,4.0,2.0,30.31551387351031,16.49244924900535,13.823064624504955,0.35270833333333335,1.73436779290646,1.0,9.21463115339334,3.0,1.0,0.0,0.25,0.0,0.0,164,0.08061904761904762,0.05721056882436522,0.22857142857142856,0.30395761034567464,0.22857142857142856,0.0,0.6666666666666666,0.3333333333333333,0.05714285714285714,0.0,0.0,3.769702685486937,3.1595576284582756,4.375,1.6817585740137264,0.026676829268292682,3.444113625662641,79.0,0.055379746835443035,0.95,-0.2991063290508863,0.9275046074005079,0.9279867716373462,0.7305043030717892,0.006466703357182163,-0.24690476989243634,-0.05783819628659323,2.125,1.1394342831883648,15.0,0,3
2021-05-06,RKT,15.916666666666666,18.0,17.0,4.0,128.58125948902867,66.75555971878569,61.82569977024299,3.055591666666667,26.254649622251986,3.2222222222222223,24.196892320799087,15.5,4.0,1.3333333333333333,1.0,0.0,0.0,164,0.19197434554973825,0.20418721769086567,0.2024432809773124,0.18818366235449507,0.2513089005235602,0.08376963350785341,0.9444444444444444,0.2222222222222222,0.06282722513089005,0.0,0.0,4.194066579190724,3.884337158339874,15.916666666666666,2.828299329253787,0.09705284552845528,4.864308170754082,79.0,0.20147679324894513,1.0,-0.1877510311201957,3.640981797477813,0.748857787573951,2.16250028455678,-0.10287103283801141,-0.20482564945794224,-0.08043208267054702,10.125,2.409194828052304,15.0,0,3
2021-05-07,AAPL,2.375,4.0,2.0,1.0,14.694595258090972,8.290989586893476,6.403605671197497,-0.20639166666666664,-3.878885613036309,0.050000000000000044,-8.901804050881518,4.75,1.0,1.0,0.0,0.0,0.0,177,-0.0869017543859649,-0.263966822148474,0.02105263157894739,-0.6057876310666064,0.42105263157894735,0.42105263157894735,0.5,0.25,0.0,0.0,0.0,3.4909429839551476,2.696255019451578,2.375,1.2163953243244932,0.013418079096045197,2.7533164020092498,77.0,0.030844155844155844,0.8823529411764706,-0.428207166675982,1.8395573816859965,1.0986122886681098,0.8096946349367892,0.029261877363143184,-0.3161346756902233,-0.13083846279515576,4.25,1.6582280766035324,14.0,0,4
2021-05-07,AMC,5.625,11.0,4.0,3.0,48.62962564020826,26.59034474146214,22.03928089874612,2.3015222222222222,18.705861765671383,1.7101010101010101,15.017674005396387,22.166666666666664,2.833333333333333,0.6666666666666666,0.0,0.0,0.0,177,0.4091595061728395,0.38465979368356235,0.30401795735129067,0.3088173887355484,0.5037037037037037,0.11851851851851851,0.36363636363636365,0.2727272727272727,0.0,0.0,0.0,4.727172398482158,3.9180943819993104,5.625,1.890850371872286,0.03177966101694915,3.9045879465567612,77.0,0.07305194805194805,0.9607843137254902,0.06785409388282243,1.7191729360355292,0.8792494601938061,0.9160754696321021,0.05090004931777083,-0.013562799811520088,0.11578034499865733,7.075,2.08877286910872,19.0,0,4
2021-05-07,BB,3.333333333333333,4.0,3.0,0.0,28.92716303702701,16.470319458180718,12.456843578846296,0.8594333333333334,4.320271346731674,2.533333333333333,19.987868233025175,8.666666666666666,2.333333333333333,0.0,0.0,0.0,0.0,177,0.25783000000000006,0.14934998434522218,0.76,0.6909722950515589,0.7,0.0,0.75,0.0,0.0,0.0,0.0,4.941095837454216,3.737053073653889,3.333333333333333,1.466337068793427,0.018832391713747645,3.3987665307709047,77.0,0.04329004329004329,0.9411764705882353,-0.08347541229001704,2.136039884480156,0.2876820724517808,1.0350459009963426,0.014809030631815441,0.08206676851851857,0.72130291005291,4.25,1.6582280766035324,11.0,0,4
2021-05-07,CLOV,2.0,2.0,2.0,0.0,18.10555552967043,9.822819649468673,8.282735880201754,0.6705,6.801208852124689,0.0,0.0,0.0,0.0,0.0,0.0,0.0,0.0,177,0.33525,0.37564209730981335,0.0,0.0,0.0,0.0,1.0,0.0,0.0,0.0,0.0,4.911409824734337,4.141367940100877,2.0,1.0986122886681098,0.011299435028248588,2.9499791581872077,77.0,0.025974025974025976,0.8235294117647058,-0.006055412290017104,0.1439624344085849,-0.2876820724517808,0.13173848444360214,-0.012000657570277823,0.03647901996070463,-0.15634100864559447,22.2,3.1441522786722644,12.0,0,4
2021-05-07,CRSR,2.125,3.0,2.0,0.0,16.21589919479198,8.194801854910562,8.021097339881416,1.0997875,8.39346827827804,0.046875,0.4301908064873399,6.0,0.125,0.0,0.0,0.0,0.0,177,0.5175470588235294,0.5176073295382687,0.022058823529411766,0.026528951698559105,0.058823529411764705,0.0,0.6666666666666666,0.0,0.0,0.0,0.0,3.856377343487323,3.774634042297137,2.125,1.1394342831883648,0.012005649717514125,2.8458333286411337,77.0,0.027597402597402596,0.8431372549019608,0.17624164653351226,3.0560254627828223,-0.06453852113757108,1.0099209249160734,-0.001938462381500354,0.488366106442577,-0.0021394271994512083,2.333333333333333,1.203972804325936,3.0,0,4
2021-05-07,GME,14.708333333333334,23.0,9.0,4.0,125.27976458973806,67.94530638309323,57.33445820664481,4.090851388888889,33.65423269639585,5.232936507936508,44.4660196547547,38.625,6.458333333333333,1.1666666666666665,1.0,1.0,0.0,177,0.2781315391879131,0.26863263039011603,0.35578038580871446,0.3549337740246441,0.43909348441926344,0.07932011331444758,0.391304347826087,0.17391304347826086,0.06798866855524079,0.06798866855524079,0.0,4.619510915564412,3.8980934758058794,14.708333333333334,2.754191357100065,0.0830979284369115,4.838499799495292,77.0,0.19101731601731603,1.0,-0.06317387310210398,1.1758044166137005,0.6852211152875247,0.9039843140481358,0.10346457340128228,-0.008008664964704038,0.056774414828927366,15.741666666666667,2.8179006220328886,19.0,0,4
2021-05-07,NOK,2.25,3.0,2.0,2.0,17.392704659601055,8.845633256340186,8.547071403260867,1.4417666666666666,11.993024693007108,2.25,17.392704659601055,3.5,2.25,0.0,2.0,0.0,0.0,177,0.6407851851851851,0.6895433992427833,1.0,1.0,1.0,0.0,0.6666666666666666,0.6666666666666666,0.8888888888888888,0.0,0.0,3.9313925583734157,3.798698401449274,2.25,1.1786549963416462,0.012711864406779662,2.91195410010238,77.0,0.02922077922077922,0.8627450980392157,0.29947977289516803,1.41156715993951,0.4855078157817009,0.8118081506562653,0.016562551372677953,0.46350829629629625,0.758095238095238,10.0,2.3978952727983707,7.0,0,4
2021-05-07,RKT,12.583333333333332,17.0,13.0,3.0,95.27681931760061,48.3571222177301,46.919697099870504,-1.5902916666666664,-15.703450314043742,-0.21622023809523805,-4.233083857667625,15.208333333333332,2.75,2.5,0.0,0.0,0.0,177,-0.12638079470198674,-0.1648192123384919,-0.017183065279091768,-0.04442931541991181,0.21854304635761593,0.19867549668874174,0.7647058823529411,0.17647058823529413,0.0,0.0,0.0,3.8429501100182866,3.728717650320835,12.583333333333332,2.608843551018762,0.07109227871939736,4.567227576615134,77.0,0.1634199134199134,0.9803921568627451,-0.4676862069920038,2.4645178026961423,-0.21945577823502482,1.865444213154344,-0.03805687982903172,-0.5014075715032832,-0.28519339379506925,26.041666666666664,3.297378886356144,15.0,0,4
2021-05-07,UWMC,3.0,5.0,4.0,0.0,24.48917847437047,12.615002980056264,11.874175494314205,1.18835,9.39794364564797,0.75,5.262318279341471,5.0,1.5,0.5,0.0,0.0,0.0,177,0.3961166666666667,0.3837590409773662,0.25,0.21488341411080134,0.5,0.16666666666666666,0.8,0.0,0.0,0.0,0.0,4.205000993352088,3.958058498104735,3.0,1.3862943611198906,0.01694915254237288,3.238253988538341,77.0,0.03896103896103896,0.9019607843137255,0.054811254376649576,1.9508560466273361,1.1631508098056809,0.8852308317102651,0.03579648199901364,0.10978130952380949,0.12458152958152957,3.2499999999999964,1.4469189829363247,13.0,0,4
2021-05-07,VIAC,3.25,4.0,3.0,1.0,25.427059937624556,12.948543181421208,12.478516756203344,1.3506,12.272379071880334,-0.75,-10.832477181336806,17.5,1.25,2.0,0.0,0.0,0.0,177,0.4155692307692308,0.48265033794649725,-0.23076923076923078,-0.4260216166521058,0.38461538461538464,0.6153846153846154,0.75,0.25,0.0,0.0,0.0,3.984167132744987,3.839543617293337,3.25,1.4469189829363254,0.018361581920903956,3.2743884828381713,77.0,0.04220779220779221,0.9215686274509803,0.0742638184792137,1.3481520823108193,1.4469189829363254,0.6752767553347968,0.04220779220779221,0.050082539405004955,-0.3526847614999237,3.8333333333333335,1.575536360758419,16.0,0,4
2021-05-10,AAPL,2.0,3.0,0.0,0.0,17.071177176999143,8.946583116084327,8.124594060914816,0.8478999999999999,7.371542329593222,0.45454545454545453,5.654293439094623,8.5,0.5,0.0,0.0,0.0,0.0,228,0.42394999999999994,0.43181218571881924,0.22727272727272727,0.3312187191585673,0.25,0.0,0.0,0.0,0.0,0.0,0.0,4.473291558042163,4.062297030457408,2.0,1.0986122886681098,0.008771929824561403,2.894318247861303,103.0,0.019417475728155338,0.8354430379746836,0.018480591651246325,1.4621013139402446,-0.11778303565638337,0.676906369657889,-0.011426680116000506,0.21049716641503974,0.08432900131967677,4.625,1.7272209480904839,14.0,0,0
2021-05-10,AG,2.0,2.0,2.0,0.0,10.109281465515226,5.455321115357702,4.653960350157523,0.7403,3.60045112540164,0.0,0.0,0.0,0.0,0.0,0.0,0.0,0.0,228,0.37015,0.3561530201412926,0.0,0.0,0.0,0.0,1.0,0.0,0.0,0.0,0.0,2.727660557678851,2.3269801750787615,2.0,1.0986122886681098,0.008771929824561403,2.4077809269889614,103.0,0.019417475728155338,0.8354430379746836,-0.035319408348753634,3.3309046583862396,1.0986122886681098,0.9743669561787097,0.019417475728155338,0.28123333333333334,0.010454545454545449,2.3333333333333335,1.2039728043259361,4.0,0,0
2021-05-10,AMC,2.642857142857143,6.0,4.0,0.0,28.03324103271354,14.450254401980384,13.582986630733155,0.3551095238095238,3.9929608093796336,-0.028571428571428553,2.7196529635914493,4.392857142857142,0.6428571428571428,0.5,0.0,0.0,0.0,228,0.13436576576576578,0.14243664529263764,-0.010810810810810804,0.09701528840057187,0.24324324324324323,0.1891891891891892,0.6666666666666666,0.0,0.0,0.0,0.0,5.467663827776362,5.139508454872004,2.642857142857143,1.292768303109067,0.011591478696741854,3.368441416059469,103.0,0.02565880721220527,0.8987341772151899,-0.2711036425829878,0.4561636050471622,-0.5980820687632189,0.25810824130326626,-0.047393140839742776,-0.2846945155272357,-0.2142493210310087,8.7,2.272125885509337,19.0,0,0
2021-05-10,BABA,3.0,3.0,3.0,1.0,36.862599048965905,20.8489576577727,16.013641391193207,0.2373,3.8523916567767764,1.0,16.883282523397042,1.0,1.0,0.0,0.0,0.0,0.0,228,0.0791,0.10450678346525451,0.3333333333333333,0.4580057553991344,0.3333333333333333,0.0,1.0,0.3333333333333333,0.0,0.0,0.0,6.9496525525909005,5.337880463731069,3.0,1.3862943611198906,0.013157894736842105,3.6339637923675214,103.0,0.02912621359223301,0.9113924050632911,-0.3263694083487536,2.818117983023386,1.3862943611198906,1.1809560070088576,0.02912621359223301,-0.06112861111111112,0.25277777777777777,0.125,0.11778303565638346,6.0,0,0
2021-05-10,CLOV,5.075,8.0,6.0,1.0,43.18691609735033,20.70888139159515,22.478034705755185,2.4665383333333333,22.702170598516737,0.4505952380952381,3.9445995379462455,16.85,1.325,0.75,0.25,0.0,0.75,228,0.4860174055829228,0.525672417714253,0.08878723903354445,0.09133783780843432,0.2610837438423645,0.14778325123152708,0.75,0.125,0.04926108374384236,0.0,0.14778325123152708,4.08056776189067,4.429169400148805,5.075,1.8041819892266122,0.02225877192982456,3.7884287293652474,103.0,0.04927184466019418,0.9493670886075949,0.08054799723416917,0.8825235530923968,0.7055697005585024,0.7823775705686993,0.023297818686168204,0.1704839255436274,-0.06755376961205002,14.2,2.7212954278522306,13.0,0,0
2021-05-10,GME,11.63452380952381,19.0,7.0,4.0,117.10618092341821,63.77012662344916,53.336054299969064,3.1162517460317454,24.183928707034482,0.4250807525807524,7.796170823749703,50.47619047619048,4.68452380952381,2.25,0.25,0.0,0.75,228,0.2678452334663528,0.20651282892445794,0.036536153910552746,0.06657352124605637,0.40263992632763745,0.19338995190831884,0.3684210526315789,0.21052631578947367,0.02148777243425765,0.0,0.06446331730277295,5.481111875953882,4.584291989355777,11.63452380952381,2.536433051924463,0.05102861319966583,4.7715840581879085,103.0,0.11295654184003699,1.0,-0.1376241748824008,0.8156031241389252,-0.21775830517560202,0.6481379492520409,-0.07806077417727904,-0.011118389750923163,-0.24964941807712154,26.325000000000003,3.307802034062602,19.0,0,0
2021-05-10,INO,5.333333333333333,6.0,6.0,5.0,52.75517425965438,28.89922348724618,23.8559507724082,0.895988888888889,7.712163456476474,-0.8888888888888888,-12.557043011943144,6.0,0.3333333333333333,1.0,0.0,0.0,0.0,228,0.1679979166666667,0.1461878112375891,-0.16666666666666666,-0.23802486084377136,0.0625,0.1875,1.0,0.8333333333333334,0.0,0.0,0.0,5.418604403858659,4.472990769826538,5.333333333333333,1.8458266904983307,0.023391812865497075,3.9844399276704614,103.0,0.0517799352750809,0.9620253164556962,-0.23747149168208692,8.0,1.4403615823901663,1.7908960760649253,0.045286428781574406,0.16427625,-0.19166666666666665,0.4999999999999999,0.40546510810816433,2.0,0,0
2021-05-10,NOK,4.5,5.0,4.0,3.0,41.80641378204838,22.61959407608609,19.186819705962286,1.2790166666666667,13.268497555530278,2.7222222222222223,25.64725762797292,9.5,3.0,0.5,1.0,0.0,0.0,228,0.28422592592592594,0.31737947255422694,0.6049382716049383,0.6134766249427933,0.6666666666666666,0.1111111111111111,0.8,0.6,0.2222222222222222,0.0,0.0,5.026576461352465,4.263737712436064,4.5,1.7047480922384253,0.019736842105263157,3.7566879460814104,103.0,0.043689320388349516,0.9367088607594937,-0.12124348242282768,2.147480541454885,0.5260930958967791,1.278968496735962,0.014468541167570296,0.07490977777777777,0.31303350970017635,7.25,2.1102132003465894,8.0,0,0
2021-05-10,PLTR,6.208333333333333,9.0,7.0,3.0,64.27786695141322,33.54794650792742,30.7299204434858,2.243933333333333,21.29011595416253,-0.7174107142857143,-3.3347351201455027,54.833333333333336,1.3333333333333333,1.25,0.0,0.0,0.0,228,0.36143892617449663,0.3312200134185449,-0.11555608820709494,-0.05187999039647947,0.21476510067114093,0.20134228187919465,0.7777777777777778,0.3333333333333333,0.0,0.0,0.0,5.403696081813813,4.949785843246035,6.208333333333333,1.9752377641498333,0.02722953216374269,4.178653034745364,103.0,0.060275080906148866,0.9746835443037974,-0.04403048217425698,1.3022397594306956,1.0589470322756782,1.0102004139280132,0.040794561425629386,0.017750061043964982,-0.4014895225889263,7.0,2.0794415416798357,15.0,0,0
2021-05-10,PTON,2.392857142857143,5.0,2.0,3.0,19.395131596541564,9.977597358670904,9.417534237870656,0.3230261904761905,3.684363113556431,1.0982142857142856,8.79345083625248,9.142857142857142,1.2678571428571428,0.0,0.25,0.0,0.75,228,0.13499601990049753,0.18996329543922286,0.45895522388059695,0.45338443786689653,0.5298507462686567,0.0,0.4,0.6,0.1044776119402985,0.0,0.31343283582089554,4.169742179743064,3.9356859501549013,2.392857142857143,1.221672381425337,0.010494987468671679,3.015296225141035,103.0,0.023231622746185853,0.8607594936708861,-0.2704733884482561,4.2263231622010204,1.1038893457689536,1.0866797097304355,0.02160824612280923,0.016214978233830862,0.42880816505706754,1.2678571428571428,0.818835395723442,7.0,0,0
2021-05-10,RKT,6.351190476190476,10.0,6.0,5.0,65.22765789918621,35.68869201588186,29.538965883304353,0.10263452380952387,-2.734862394357397,0.6053571428571428,5.161483205787344,12.726190476190476,1.351190476190476,1.0,0.25,0.0,0.75,228,0.016159887535145277,-0.041927956367593534,0.09531396438612932,0.07913028571046914,0.2127460168697282,0.15745079662605435,0.6,0.5,0.03936269915651359,0.0,0.11808809746954077,5.619212988442505,4.650933709836112,6.351190476190476,1.9948622696588187,0.02785609857978279,4.193098168730819,103.0,0.06166204345815996,0.9873417721518988,-0.3893095208136083,1.3638516583975582,-0.6139812813599432,1.1759513686768681,-0.10175786996175346,-0.3155578495310518,-0.1968372108658935,38.5,3.676300671907076,15.0,0,0
2021-05-10,SKLZ,2.0,2.0,2.0,1.0,14.998456642097924,6.775366090936391,8.223090551161533,0.3033333333333333,1.9385918948342977,-1.0,-6.473890696352274,13.0,0.0,1.0,0.0,0.0,0.0,228,0.15166666666666664,0.12925275854003704,-0.5,-0.43163712446127606,0.0,0.5,1.0,0.5,0.0,0.0,0.0,3.3876830454681954,4.111545275580767,2.0,1.0986122886681098,0.008771929824561403,2.772492257718349,103.0,0.019417475728155338,0.8354430379746836,-0.25380274168208694,2.7238547066946355,1.0986122886681098,0.8929049291921958,0.019417475728155338,-0.008270151515151536,-0.5488636363636363,0.5,0.4054651081081644,7.0,0,0
2021-05-10,SPY,3.9761904761904763,6.0,3.0,1.0,26.33339801609604,13.109876520786143,13.223521495309898,2.029811904761905,13.45588590028586,1.6609831029185869,11.610284442057463,24.69047619047619,1.8333333333333333,0.0,0.0,0.0,0.0,228,0.5104916167664671,0.5109817537433292,0.41773227738072244,0.4408957945708634,0.4610778443113772,0.0,0.5,0.16666666666666666,0.0,0.0,0.0,3.2970946938504073,3.3256760646887167,3.9761904761904763,1.6046646336814427,0.017439431913116123,3.3081093250358813,103.0,0.0386037910309755,0.9240506329113924,0.10502220841771354,1.576340301747535,1.4868815980250594,0.9556355817237793,0.036980414407598874,0.5567690652073646,0.6046508064179519,3.267857142857144,1.4511118611963618,14.0,0,0
2021-05-10,TLRY,2.416666666666667,5.0,4.0,2.0,19.59669406366,10.784117727271493,8.812576336388505,0.8692305555555556,7.046253788729153,2.0833333333333335,16.43927973317984,4.166666666666667,2.0833333333333335,0.0,0.5,0.0,0.0,228,0.35968160919540226,0.3595633919598555,0.8620689655172413,0.8388802560154649,0.8620689655172413,0.0,0.8,0.4,0.2068965517241379,0.0,0.0,4.462393542319238,3.646583311609036,2.416666666666667,1.2286654169163076,0.010599415204678364,3.0251305805702637,103.0,0.023462783171521038,0.8734177215189873,-0.04578779915335135,2.1783756293530403,1.2286654169163076,0.8407941507405878,0.023462783171521038,0.1638699147509578,0.6091522988505746,1.5,0.9162907318741551,12.0,0,0
2021-05-10,TSLA,2.4761904761904763,7.0,2.0,5.0,27.119682246369145,14.854874967100475,12.264807279268673,0.7973674603174603,8.881604589120652,0.6855654761904761,9.813784994152577,21.19047619047619,0.9583333333333333,0.25,0.25,0.0,0.75,228,0.32201378205128206,0.32749663172435384,0.2768629807692307,0.3618694682702808,0.3870192307692307,0.10096153846153846,0.2857142857142857,0.7142857142857143,0.10096153846153846,0.0,0.30288461538461536,5.999084121329037,4.9530952473969645,2.4761904761904763,1.2459370034249682,0.010860484544695072,3.3364697669628707,103.0,0.024040684234858993,0.8860759493670886,-0.08345562629747155,0.7239972751364776,0.8404718953168038,0.39358347100707625,0.017547177741352497,0.12722802885908807,0.028214706772286657,6.369047619047619,1.9972884738412824,18.0,0,0
2021-05-11,GME,3.0,3.0,3.0,1.0,39.47390510069056,21.878630733793155,17.595274366897407,2.1075999999999997,28.670636742381905,2.0,27.128522788959724,4.0,2.0,0.0,0.0,0.0,0.0,116,0.7025333333333332,0.7263187330781808,0.6666666666666666,0.687252064870702,0.6666666666666666,0.0,1.0,0.3333333333333333,0.0,0.0,0.0,7.292876911264385,5.865091455632469,3.0,1.3862943611198906,0.02586206896551724,3.7006574479486547,59.0,0.05084745762711865,0.956140350877193,0.3989776993069009,-0.6248933673708114,-1.1501386908045725,-0.48361414014732973,-0.062109084212918345,0.4285379073799377,0.3907448534218572,35.959523809523816,3.6098233627490295,19.0,0,1
2021-05-11,PLTR,15.767857142857142,18.0,17.0,4.0,162.3278692819237,88.95633554503694,73.37153373688676,4.308325595238095,41.18486887990631,4.778244631185808,44.84876399660225,33.17857142857143,5.5,1.0,2.0,0.0,0.0,116,0.27323469233673087,0.2537140976598312,0.3030370321023842,0.276285053176611,0.3488108720271801,0.06342015855039637,0.9444444444444444,0.2222222222222222,0.12684031710079274,0.0,0.0,5.641624904328504,4.653234302679115,15.767857142857142,2.8194637884731137,0.135929802955665,5.095759648501009,59.0,0.2672518159806295,1.0,-0.030320941689701453,2.289287776577916,0.8442260243232804,1.8308684198826155,0.20697673507448067,-0.06711611910252563,0.05020566516945635,13.208333333333332,2.653828646935571,15.0,0,1
2021-05-11,SPY,3.25,4.0,4.0,0.0,28.533514725559076,16.57477464076876,11.958740084790318,0.4565833333333333,2.2701956019168232,-1.7862318840579712,-16.706337248675826,11.75,1.0,2.25,0.0,0.0,0.0,116,0.14048717948717948,0.07956242417914541,-0.5496098104793757,-0.5854987515334387,0.3076923076923077,0.6923076923076923,1.0,0.0,0.0,0.0,0.0,5.09993065869808,3.679612333781636,3.25,1.4469189829363254,0.028017241379310345,3.385525710873017,59.0,0.05508474576271186,0.9824561403508771,-0.16306845453925284,1.282486608823845,-0.15774565074511737,0.7909735527342612,0.016480954731736365,0.17069254708975354,-0.41000262649397806,7.24404761904762,2.1094914392181803,14.0,0,1
2021-05-11,TSLA,3.0,3.0,2.0,1.0,20.136591896736487,8.571681376700308,11.56491052003618,0.22363333333333335,2.098276759282538,-1.3333333333333333,-8.78387365305749,7.0,0.0,2.0,0.0,0.0,0.0,116,0.07454444444444445,0.10420217929840467,-0.4444444444444444,-0.4362145142585465,0.0,0.6666666666666666,0.6666666666666666,0.3333333333333333,0.0,0.0,0.0,2.8572271255667694,3.8549701733453934,3.0,1.3862943611198906,0.02586206896551724,3.051005751586217,59.0,0.05084745762711865,0.956140350877193,-0.22901118958198785,0.9207592946201324,0.1403573576949224,0.5052486670988559,0.026806773392259654,-0.12456721524161797,-0.6808489109581108,7.845238095238095,2.1798792458744454,18.0,0,1
2021-05-11,UWMC,2.833333333333333,4.0,3.0,1.0,26.866305754860193,14.54113640707129,12.325169347788904,1.5493166666666667,14.959705216844267,1.7407407407407407,16.31216458771099,29.833333333333332,2.5,0.3333333333333333,0.0,0.0,0.0,116,0.5468176470588236,0.5568203292757514,0.6143790849673203,0.6071606843363669,0.8823529411764707,0.11764705882352942,0.75,0.25,0.0,0.0,0.0,5.132165790731044,4.350059769807849,2.833333333333333,1.3437347467010947,0.024425287356321837,3.3274182799580614,59.0,0.04802259887005649,0.9298245614035088,0.2432620130323913,1.6478379235425376,1.120591195386885,0.7968566806977614,0.045595414404037075,0.22664812324929984,0.4464606145488499,4.9999999999999964,1.7917594692280545,14.0,0,1
2021-05-12,AMC,3.2,4.0,3.0,1.0,31.844053644458572,16.61089238414021,15.233161260318361,2.044573333333333,20.63006436769854,2.4,22.920052636669137,16.6,3.2,0.0,0.0,0.0,0.0,94,0.6389291666666665,0.6478466780025832,0.7499999999999999,0.7197592647146426,1.0,0.0,0.75,0.25,0.0,0.0,0.0,5.190903870043815,4.7603628938494875,3.2,1.4350845252893227,0.03404255319148936,3.4917707131559674,42.0,0.0761904761904762,0.9473684210526315,0.23364135866068902,0.7636234374129357,0.7419373447293774,0.419484870006652,0.05924132364810332,0.23088803298281263,0.613512286730599,12.142857142857144,2.575878427993727,19.0,0,2
2021-05-12,GME,4.2,6.0,5.0,1.0,38.36073841739475,20.798259107952326,17.56247930944242,0.53989,0.6306433203578443,-1.9333333333333333,-22.59927766302147,8.6,0.2,2.0,0.0,0.0,0.0,94,0.12854523809523807,0.016439811806956195,-0.4603174603174603,-0.5891251992368788,0.047619047619047616,0.47619047619047616,0.8333333333333334,0.16666666666666666,0.0,0.0,0.0,4.9519664542743635,4.181542692724386,4.2,1.6486586255873816,0.04468085106382979,3.672768832612616,42.0,0.1,0.9736842105263158,-0.2767425699107394,-0.17775493603048323,0.26236426446749106,-0.1244929730761688,0.04915254237288136,-0.162497048032939,-0.7519375079121895,36.25952380952381,3.6179075848857583,19.0,0,2
2021-05-12,PLTR,5.5,6.0,6.0,0.0,50.39733256258119,28.039939043287664,22.357393519293517,0.5158166666666667,6.244266939035093,-1.3333333333333335,-9.649455599165464,16.0,0.5,2.0,0.0,0.0,0.0,94,0.09378484848484848,0.12390074278794888,-0.24242424242424246,-0.19146758585254872,0.09090909090909091,0.36363636363636365,1.0,0.0,0.0,0.0,0.0,5.098170735143212,4.064980639871549,5.5,1.8718021769015913,0.05851063829787234,3.939586275444866,42.0,0.13095238095238096,1.0,-0.31150295952112905,1.0149018756459147,-0.9476616115715224,0.8598023817456113,-0.13629943502824857,-0.24200032915019193,-0.49198640833071056,28.976190476190474,3.400403415760979,15.0,0,2
2021-05-12,RKT,3.0,4.0,2.0,0.0,24.79677312977745,12.169035468770756,12.627737661006694,0.14300000000000004,0.609531495551411,1.1111111111111112,6.8181427316182175,10.0,1.5,0.5,0.0,0.0,0.0,94,0.047666666666666684,0.024581081270588754,0.3703703703703704,0.2749608868837286,0.5,0.16666666666666666,0.5,0.0,0.0,0.0,0.0,4.056345156256919,4.209245887002232,3.0,1.3862943611198906,0.031914893617021274,3.2502494116161094,42.0,0.07142857142857142,0.9210526315789473,-0.35762114133931083,0.5582923897014728,0.2956502421009577,0.5026961141654552,0.03793381759483454,-0.2762568057401431,0.06480714679273347,43.82738095238095,3.8028191346980926,15.0,0,2
2021-05-12,UWMC,2.0,3.0,3.0,1.0,18.972188170890828,10.395324069414404,8.576864101476424,1.1724333333333332,11.37224088550898,1.1111111111111112,10.764427800652884,10.0,1.5,0.5,0.0,0.0,0.0,94,0.5862166666666666,0.5994164080112538,0.5555555555555556,0.5673793504309022,0.75,0.25,1.0,0.3333333333333333,0.0,0.0,0.0,5.197662034707202,4.288432050738212,2.0,1.0986122886681098,0.02127659574468085,2.994340714328949,42.0,0.047619047619047616,0.8947368421052632,0.18092885866068908,1.0085413641752297,-0.24512245803298494,0.5192048443577191,-0.0004035512510088754,0.2577962605042016,0.40691813088871914,6.3333333333333295,1.9924301646902056,14.0,0,2
2021-05-13,AMC,2.0,2.0,2.0,0.0,14.201005584756617,6.0330862217988015,8.167919362957816,0.6182666666666666,5.547183880661582,0.05263157894736842,0.19795790082597695,38.0,0.0,0.0,0.0,0.0,0.0,106,0.3091333333333333,0.3906190901449922,0.02631578947368421,0.013939710089154903,0.0,0.0,1.0,0.0,0.0,0.0,0.0,3.0165431108994007,4.083959681478908,2.0,1.0986122886681098,0.018867924528301886,2.7213615825558426,42.0,0.047619047619047616,0.875,0.016499362423388175,0.18886622172562278,-0.33647223662121295,0.1000060246665565,-0.02857142857142858,-0.10729429269745944,-0.1199508353603426,14.217857142857143,2.7224695503306626,19.0,0,3
2021-05-13,AMD,3.2,4.0,3.0,1.0,20.851029453467962,11.820100661810816,9.030928791657148,0.6113133333333334,2.2068315326489545,0.8,2.7755639236080327,4.4,2.0,1.2,0.0,0.0,0.0,106,0.19103541666666668,0.10583801330163639,0.25,0.13311399946952732,0.625,0.37499999999999994,0.75,0.25,0.0,0.0,0.0,3.6937814568158798,2.8221652473928587,3.2,1.4350845252893227,0.03018867924528302,3.0842480350069352,42.0,0.0761904761904762,0.9722222222222222,-0.10159855424327846,1.3701517607768061,1.252762968495368,0.798609163696611,0.07142857142857144,-0.0887985339924744,0.010227076497215604,9.360714285714284,2.338021180952154,14.0,0,3
2021-05-13,GME,4.0,4.0,2.0,0.0,39.83909812580281,21.639024153512686,18.200073972290127,1.2286,9.517816451402949,2.4,25.424689213901175,13.0,3.0,0.0,0.0,0.0,0.0,106,0.30715,0.23890642356781894,0.6,0.6381843568249409,0.75,0.0,0.5,0.0,0.0,0.0,0.0,5.4097560383781715,4.550018493072532,4.0,1.6094379124341003,0.03773584905660377,3.709639909943002,42.0,0.09523809523809523,1.0,0.014516029090054838,-0.1804949156284806,-0.03922071315328135,-0.1230249278120219,-0.004761904761904773,0.016910234575756633,0.3564734651726966,40.45952380952381,3.7247176214019686,19.0,0,3
2021-05-13,INO,2.0,2.0,1.0,0.0,16.579048444683636,8.140898460607852,8.438149984075785,0.9043666666666667,7.456823226319133,0.0,0.0,6.0,0.0,0.0,0.0,0.0,0.0,106,0.4521833333333333,0.4497738969277392,0.0,0.0,0.0,0.0,0.5,0.0,0.0,0.0,0.0,4.070449230303926,4.219074992037893,2.0,1.0986122886681098,0.018867924528301886,2.8667077636410023,42.0,0.047619047619047616,0.875,0.15954936242338819,2.031048396255989,1.0986122886681098,0.9167329806817905,0.047619047619047616,0.4044784375,-0.06666666666666668,6.833333333333333,2.0583881324820035,4.0,0,3
2021-05-13,SPY,3.0333333333333337,5.0,3.0,1.0,28.439338287850013,15.230060905301842,13.209277382548171,0.5244133333333333,-0.23758321642442048,-1.0333333333333332,-7.213865308584075,11.233333333333334,0.0,1.0333333333333332,0.0,0.0,0.0,106,0.17288351648351644,-0.008354034612891184,-0.34065934065934056,-0.2536579872417783,0.0,0.34065934065934056,0.6,0.2,0.0,0.0,0.0,5.020899199550057,4.354706829411485,3.0333333333333337,1.3945931639345859,0.028616352201257866,3.3823318169725427,42.0,0.07222222222222223,0.9444444444444444,-0.1197504544264287,1.1191357145164518,0.7014459833746406,0.7145558293878846,0.04841269841269842,0.1065561917783982,-0.21203320461151254,9.49404761904762,2.3508082029946116,14.0,0,3
2021-05-13,UWMC,2.5,3.0,3.0,2.0,27.664738271492766,14.765810405626834,12.898927865865936,1.2344833333333334,13.58558597346893,1.1741854636591478,13.007716471830294,28.5,2.0,0.0,4.0,0.0,0.0,106,0.49379333333333336,0.49107950489697016,0.46967418546365913,0.47019119950374316,0.8,0.0,1.0,0.6666666666666666,1.6,0.0,0.0,5.906324162250733,5.159571146346375,2.5,1.252762968495368,0.02358490566037736,3.3556677357236073,42.0,0.05952380952380952,0.9166666666666666,0.20115936242338822,1.3343455713855357,0.15415067982725827,0.6786235499678686,0.011904761904761904,0.15724852240896364,0.29468755444761635,8.333333333333329,2.233592221507094,14.0,0,3
2021-05-14,AMC,5.833333333333334,9.0,5.0,1.0,52.97301894689238,26.35709560537193,26.61592334152045,2.4526222222222227,21.845195407190108,-0.8452380952380952,-3.0906161462760573,18.333333333333332,0.5,1.5,0.5,0.0,0.0,116,0.42044952380952383,0.41238343295274166,-0.14489795918367346,-0.05834321335120671,0.0857142857142857,0.2571428571428571,0.5555555555555556,0.1111111111111111,0.0857142857142857,0.0,0.0,4.518359246635188,4.56272971568922,5.833333333333334,1.921812597476253,0.05028735632183909,3.98848427256643,52.0,0.1121794871794872,0.9767441860465116,0.15537619576625827,1.7588802510343322,0.8232003088081432,0.9284743592575911,0.06456043956043958,0.019736897778731166,-0.26390894491995587,14.467857142857143,2.738764138045377,19.0,0,4
2021-05-14,BB,2.0,2.0,2.0,0.0,20.09867985071424,11.814680546465713,8.283999304248526,1.2427333333333332,13.085997394132539,0.0,1.8006863672439781,2.0,1.0,1.0,1.0,0.0,0.0,116,0.6213666666666666,0.6510874092890985,0.0,0.08959227076697715,0.5,0.5,1.0,0.0,0.5,0.0,0.0,5.907340273232856,4.141999652124263,2.0,1.0986122886681098,0.017241379310344827,3.0492104722078066,52.0,0.038461538461538464,0.872093023255814,0.35629333862340107,1.4454023929212716,0.4054651081081645,0.6880728488272413,0.014652014652014655,0.4535629907407407,-0.1073452380952381,5.333333333333333,1.8458266904983307,11.0,0,4
2021-05-14,CLOV,2.5,3.0,3.0,1.0,20.313257322297055,10.917282145427809,9.395975176869245,0.7487666666666667,6.071260623356062,0.8571428571428572,7.097900707522913,9.0,1.0,0.0,1.0,0.0,0.0,116,0.2995066666666667,0.2988816873152038,0.34285714285714286,0.34942208405600367,0.4,0.0,1.0,0.3333333333333333,0.4,0.0,0.0,4.366912858171124,3.758390070747698,2.5,1.252762968495368,0.021551724137931036,3.0593292885964374,52.0,0.04807692307692308,0.9069767441860465,0.034433338623401144,0.07126727805605572,0.5596157879354228,0.05642950269761293,0.02426739926739927,-0.09777317384785328,0.094648859918464,9.774999999999999,2.377228635989811,16.0,0,4
2021-05-14,FSR,2.0,2.0,2.0,2.0,13.563967532128366,6.1092475827643655,7.454719949364001,0.6522666666666667,4.93118848465157,0.3333333333333333,2.520026821673942,3.0,1.0,0.0,0.0,0.0,0.0,116,0.32613333333333333,0.3635505963112403,0.16666666666666666,0.18578832599715875,0.5,0.0,1.0,1.0,0.0,0.0,0.0,3.0546237913821828,3.7273599746820003,2.0,1.0986122886681098,0.017241379310344827,2.678550500986915,52.0,0.038461538461538464,0.872093023255814,0.061060005290067776,2.523625300270899,1.0986122886681098,0.8560107754721289,0.038461538461538464,0.18187333333333333,0.1462121212121212,0.0,0.0,7.0,0,4
2021-05-14,GME,5.583333333333333,9.0,4.0,0.0,51.48106603182016,26.256303483053777,25.22476254876638,3.029455555555555,29.85205198327506,1.419467787114846,20.013705242323873,32.33333333333333,3.0,1.0,0.5,1.0,0.0,116,0.5425890547263681,0.5798646819944185,0.2542330364981814,0.3887585628074118,0.5373134328358209,0.17910447761194032,0.4444444444444444,0.0,0.08955223880597016,0.17910447761194032,0.0,4.702621519352916,4.517867919182038,5.583333333333333,1.8845412026790211,0.048132183908045974,3.9604524575358546,52.0,0.10737179487179487,0.9534883720930233,0.27751572668310254,0.28436587050780393,0.27510329024492086,0.18937324973017278,0.012133699633699632,0.2442566510197376,-0.011064075555645758,37.542857142857144,3.651770794718342,19.0,0,4
2021-05-14,PLTR,6.5,7.0,7.0,2.0,60.16597901422828,32.25930199813774,27.90667701609054,0.9128666666666667,9.765807785178232,3.25,29.28369686158684,6.0,3.5,0.0,0.0,1.0,0.0,116,0.14044102564102565,0.16231444987986945,0.5,0.4867152058584756,0.5384615384615384,0.0,1.0,0.2857142857142857,0.0,0.15384615384615385,0.0,4.962969538175036,4.293334925552391,6.5,2.0149030205422647,0.05603448275862069,4.113591136489124,52.0,0.125,1.0,-0.12463230240223991,1.330689541349923,1.0216512475319814,1.0558233970433815,0.08452380952380953,-0.1693375918609135,0.3000200155081218,30.676190476190474,3.4555653095953494,15.0,0,4
2021-05-14,TSLA,4.5,5.0,4.0,0.0,41.51642477523369,21.211422314232962,20.305002461000726,0.29281666666666667,2.217505591789709,0.9666666666666668,9.49230150914471,7.5,1.5,0.0,1.0,0.0,0.0,116,0.06507037037037038,0.05341273011332481,0.21481481481481485,0.22863966636181232,0.3333333333333333,0.0,0.8,0.0,0.2222222222222222,0.0,0.0,4.71364940316288,4.512222769111272,4.5,1.7047480922384253,0.03879310344827586,3.7498904665715083,52.0,0.08653846153846154,0.9302325581395349,-0.20000295767289517,1.7582120313258973,1.0116009116784799,0.8070929297804821,0.06272893772893773,-0.15625824598798566,-0.009282592009633717,8.676190476190476,2.269668277980904,19.0,0,4
2021-05-17,AMC,4.875,8.0,4.0,0.0,57.74396162534748,32.29858969258727,25.445371932760203,0.34549166666666664,3.8566682365093046,0.12373737373737373,0.6125405807399102,12.125,0.625,0.25,3.0,0.0,0.0,129,0.07087008547008547,0.06678911747572873,0.02538202538202538,0.010607872468366067,0.1282051282051282,0.05128205128205128,0.5,0.0,0.6153846153846154,0.0,0.0,6.625351731812773,5.2195634733867085,4.875,1.7707060600302227,0.0377906976744186,4.073188366896806,61.0,0.07991803278688525,0.9642857142857143,-0.24078346349359112,1.3370524102225352,-0.1511065374460303,0.7505919099937426,-0.032261454392601946,-0.34037668341785,-0.08638406239507337,14.676190476190476,2.7521430310794917,19.0,0,0
2021-05-17,CLOV,3.25,4.0,3.0,1.0,33.95734810566339,17.446383893951133,16.510964211712263,1.2623,13.308351604768381,2.625,27.821396630859493,7.0,3.25,0.0,0.0,0.0,0.0,129,0.38839999999999997,0.39191374907597154,0.8076923076923077,0.8193041619236294,1.0,0.0,0.75,0.25,0.0,0.0,0.0,5.368118121215733,5.080296680526851,3.25,1.4469189829363254,0.025193798449612403,3.5541286928090297,61.0,0.05327868852459016,0.9285714285714286,0.07674645103632338,0.2539691675607207,0.19415601444095731,0.1879473687138018,0.005201765447667081,-0.02385517384785335,0.5423411676107717,10.275,2.422587885388742,17.0,0,0
2021-05-17,DIS,2.0,2.0,2.0,1.0,29.17996608798458,15.930702254100304,13.24926383388428,0.5082,6.293083573559275,0.0,0.0,0.0,0.0,0.0,0.0,0.0,0.0,129,0.2541,0.2156645266339283,0.0,0.0,0.0,0.0,1.0,0.5,0.0,0.0,0.0,7.965351127050152,6.62463191694214,2.0,1.0986122886681098,0.015503875968992248,3.407178329680509,61.0,0.03278688524590164,0.8571428571428571,-0.05755354896367659,4.334725948530713,0.6931471805599454,0.9729584123303749,0.023171500630517025,0.18056833333333333,-0.07666666666666666,1.625,0.965080896043587,7.0,0,0
2021-05-17,GME,5.158333333333333,13.0,2.0,1.0,58.61120933198899,31.64399300015024,26.96721633183875,1.7711494444444447,25.38093959661473,2.1666606541606543,25.106983738065573,35.825,3.408333333333333,0.25,3.0,0.0,0.0,129,0.34335691976305877,0.43303900202520224,0.4200311445868797,0.4283648814658157,0.6607431340872375,0.048465266558966075,0.15384615384615385,0.07692307692307693,0.5815831987075929,0.0,0.0,6.1345382229693515,5.227893311503474,5.158333333333333,1.8178061781661559,0.03998708010335917,4.087843632427306,61.0,0.08456284153005464,1.0,0.03170337079938218,0.2027779551915917,-0.06673502451286528,0.13392182510068595,-0.022808953341740226,0.03343138515919036,0.15983847266216644,28.417857142857144,3.381601875771999,19.0,0,0
2021-05-17,INO,2.125,3.0,2.0,3.0,16.89241239941866,9.565040741434665,7.327371657983996,0.41396666666666665,3.458030663363361,-0.9583333333333334,-7.070066225516958,2.125,0.125,1.0,0.0,0.0,0.0,129,0.19480784313725488,0.20470910735534534,-0.45098039215686275,-0.41853502379330193,0.058823529411764705,0.47058823529411764,0.6666666666666666,1.0,0.0,0.0,0.0,4.501195643028077,3.4481748978748215,2.125,1.1394342831883648,0.016472868217054265,2.8843767346800337,61.0,0.03483606557377049,0.875,-0.1168457058264217,1.830916080339054,1.1394342831883648,0.90262436076864,0.03483606557377049,0.12449378063725489,-0.5176470588235295,8.333333333333332,2.2335922215070942,5.0,0,0
2021-05-17,PLTR,5.125,8.0,4.0,2.0,46.9774562856959,25.111309816507053,21.86614646918885,1.059675,10.592343972630786,1.3371212121212122,11.763757401348112,9.625,1.625,0.0,0.0,0.0,0.0,129,0.20676585365853656,0.22547717160786404,0.2609016999260902,0.2504128220524797,0.3170731707317073,0.0,0.5,0.25,0.0,0.0,0.0,4.899767769074547,4.2665651647197755,5.125,1.8123787564307907,0.03972868217054264,3.8707312398680838,61.0,0.08401639344262295,0.9821428571428571,-0.10488769530514003,0.9984446237583217,-0.20252426411147395,0.8218686999607888,-0.04098360655737705,-0.08489537068100939,0.03731060432310085,35.67619047619048,3.6021277836573855,15.0,0,0
2021-05-17,RDS.A,3.0,3.0,3.0,0.0,11.297750083305194,6.040254711277414,5.2574953720277815,2.385533333333333,8.591456455587867,3.0,11.297750083305194,7.0,3.0,0.0,0.0,0.0,0.0,129,0.7951777777777777,0.7604572939070013,1.0,1.0,1.0,0.0,1.0,0.0,0.0,0.0,0.0,2.013418237092471,1.752498457342594,3.0,1.3862943611198906,0.023255813953488372,2.5094163255899695,61.0,0.04918032786885246,0.9107142857142857,0.48352422881410106,0.0,1.3862943611198906,1.3862943611198906,0.04918032786885246,0.7951777777777777,1.0,0.0,0.0,0.0,1,0
2021-05-17,SPY,2.4166666666666665,5.0,2.0,0.0,17.626316017100727,9.611580737652142,8.014735279448587,0.2788333333333334,1.7779870434373701,0.9583333333333334,7.850718763470064,11.0,1.9166666666666665,0.5,0.0,0.0,0.0,129,0.11537931034482761,0.10087116568841724,0.39655172413793105,0.44539759504217674,0.7931034482758621,0.20689655172413796,0.4,0.0,0.0,0.0,0.0,3.9772058224767486,3.3164421845994156,2.4166666666666665,1.2286654169163074,0.018733850129198964,2.9245754204057,61.0,0.03961748633879781,0.8928571428571429,-0.19627423861884896,0.8515179496103553,0.578077850775158,0.5211077960715174,0.021989281210592685,0.02575511540151383,0.5186614220605328,12.176190476190477,2.578411449069457,15.0,0,0
2021-05-17,UWMC,4.625,7.0,6.0,2.0,55.664928011960626,29.918250098349347,25.746677913611276,1.6044166666666668,18.206026678888808,0.4987373737373739,6.053007353001341,18.125,2.375,2.25,3.0,0.0,0.0,129,0.3469009009009009,0.32706458678931394,0.10783510783510787,0.10874005534868818,0.5135135135135135,0.4864864864864865,0.8571428571428571,0.2857142857142857,0.6486486486486487,0.0,0.0,6.468810832075534,5.566849278618654,4.625,1.7272209480904839,0.035852713178294575,4.037155465769574,61.0,0.07581967213114754,0.9464285714285714,0.035247351937224336,2.132742583829601,1.0340737675305385,1.090443381138216,0.05658890290037831,-0.010505243356802196,-0.10730189912078451,8.583333333333329,2.2600254785752494,15.0,0,0
2021-05-18,GME,2.533333333333333,4.0,3.0,1.0,25.693038210077955,12.451986494655921,13.241051715422039,1.7801466666666665,19.565224620457734,0.3831501831501831,3.9033556977138097,20.866666666666667,0.0,0.0,0.3333333333333333,0.0,0.0,73,0.7026894736842105,0.7614990668088206,0.1512434933487565,0.1519226985068173,0.0,0.0,0.75,0.25,0.13157894736842105,0.0,0.0,4.9152578268378635,5.226730940298173,2.533333333333333,1.2622417124499117,0.034703196347031964,3.284402790211726,38.0,0.06666666666666667,0.92,0.33949002092731834,-0.6128619612657458,-0.5555644657162442,-0.390415597755406,-0.017896174863387973,0.4019544264255225,-0.11328406913863401,21.94166666666667,3.1329547623605616,19.0,0,1
2021-05-18,PLTR,2.5,3.0,3.0,2.0,24.244576341729328,13.216538826933,11.028037514796324,-1.28365,-12.63781047715307,0.0,0.0,2.0,0.0,0.0,0.0,0.0,0.0,73,-0.51346,-0.5212634074946114,0.0,0.0,0.0,0.0,1.0,0.6666666666666666,0.0,0.0,0.0,5.2866155307732,4.41121500591853,2.5,1.252762968495368,0.03424657534246575,3.2286113343015463,38.0,0.06578947368421052,0.88,-0.8766594527568923,0.31693323992908573,-0.5596157879354227,0.2612219476652292,-0.018226919758412424,-0.8023000170224728,-0.22941395837707163,34.59285714285714,3.5721449756721,15.0,0,1
2021-05-18,TSLA,4.0,4.0,3.0,2.0,49.079336999436016,26.906933137566753,22.17240386186926,0.5666666666666668,6.265221335226646,-2.0,-20.588520587896177,6.0,0.0,2.0,0.0,0.0,0.0,73,0.1416666666666667,0.12765497087498637,-0.5,-0.41949467630609527,0.0,0.5,0.75,0.5,0.0,0.0,0.0,6.726733284391688,5.543100965467315,4.0,1.6094379124341003,0.0547945205479452,3.913608487875056,38.0,0.10526315789473684,0.96,-0.2215327860902255,1.5661355348075814,1.203972804325936,0.7449015260708167,0.09706643658326143,-0.0815459701041473,-0.7028660831712499,10.7,2.4595888418037104,19.0,0,1
2021-05-18,UWMC,11.2,13.0,12.0,4.0,120.85174760181891,68.97506493524966,51.876682666569245,4.002863333333333,45.23721441918571,2.500802900802901,28.017700815203145,74.2,3.0,0.0,24.0,0.0,0.0,73,0.3573985119047619,0.3743199028303076,0.2232859732859733,0.23183529714039036,0.26785714285714285,0.0,0.9230769230769231,0.3076923076923077,2.142857142857143,0.0,0.0,6.158487940647292,4.631846666657968,11.2,2.501435951739211,0.15342465753424656,4.80280512220734,38.0,0.29473684210526313,1.0,-0.005800940852130287,3.275195367861765,0.774215003648727,1.7782973373824187,0.2189171699741156,-0.017352677397986238,0.002757210938325483,12.958333333333329,2.6360767014771205,16.0,0,1
2021-05-19,AMC,6.0,7.0,7.0,1.0,78.53299651728028,45.12526643145484,33.407730085825435,1.0965500000000001,12.303437365800162,0.0,-7.012815959221875,3.5,1.0,1.0,1.0,0.0,0.0,49,0.18275833333333336,0.15666583361673883,0.0,-0.08929769995060338,0.16666666666666666,0.16666666666666666,1.0,0.14285714285714285,0.16666666666666666,0.0,0.0,7.520877738575806,5.567955014304239,6.0,1.9459101490553132,0.12244897959183673,4.3761719860824675,27.0,0.2222222222222222,1.0,-0.19192405864197531,1.7047791281253226,1.0163741904311374,0.9497856976637102,0.18187134502923977,-0.19543098149477311,-0.13017122392280395,17.441666666666666,2.9146125972690036,19.0,0,2
2021-05-19,GME,4.0,6.0,3.0,2.0,49.64280766325753,27.835411475721727,21.8073961875358,2.198383333333333,27.020511586444044,2.2222222222222223,32.503220610202376,9.5,2.5,0.0,3.5,0.0,0.0,49,0.5495958333333333,0.5442986176312288,0.5555555555555556,0.6547417871825812,0.625,0.0,0.5,0.3333333333333333,0.875,0.0,0.0,6.958852868930432,5.45184904688395,4.0,1.6094379124341003,0.08163265306122448,3.9247972198862158,27.0,0.14814814814814814,0.9444444444444444,0.1749134413580246,0.05106507833780152,0.3471961999841886,0.030092271903999546,0.08148148148148147,0.2395143184913776,0.29916859801400686,21.475,3.112403580357684,19.0,0,2
2021-05-19,PLTR,2.5,3.0,2.0,1.0,24.386000623284275,13.151478526821954,11.234522096462321,1.2407166666666667,12.111421105120982,1.5,14.400933083755724,1.5,1.5,0.0,1.0,0.0,0.0,49,0.49628666666666665,0.4966546705307937,0.6,0.5905409954761259,0.6,0.0,0.6666666666666666,0.3333333333333333,0.4,0.0,0.0,5.2605914107287814,4.493808838584928,2.5,1.252762968495368,0.05102040816326531,3.234197865518269,27.0,0.09259259259259259,0.8611111111111112,0.12160427469135798,0.32209017406006063,0.0,0.26500381837551035,0.026803118908382065,0.2530161811757254,0.37373919477608153,21.325,3.105707126762563,15.0,0,2
2021-05-19,UWMC,2.5,3.0,3.0,0.0,30.320589280689035,16.242094192074358,14.078495088614677,1.2057166666666668,14.399370077574085,0.3333333333333333,4.333439256627631,9.0,1.0,0.0,0.0,0.0,0.0,49,0.4822866666666667,0.4749040311939102,0.13333333333333333,0.14292068061446178,0.4,0.0,1.0,0.0,0.0,0.0,0.0,6.496837676829744,5.631398035445871,2.5,1.252762968495368,0.05102040816326531,3.4442756857824204,27.0,0.09259259259259259,0.8611111111111112,0.10760427469135803,0.6859907002492702,-1.2486729832438428,0.4594831709850209,-0.20214424951267054,0.11127055176868045,-0.07335972767861315,21.324999999999996,3.1057071267625624,16.0,0,2
2021-05-20,AMC,3.333333333333333,4.0,3.0,1.0,34.4845992109079,18.045884865834413,16.43871434507349,0.2729555555555555,3.1093397344159657,0.49857549857549865,5.342551719012122,19.0,1.0,1.0,0.0,0.0,0.0,74,0.08188666666666666,0.09016603949488394,0.1495726495726496,0.15492573036261958,0.30000000000000004,0.30000000000000004,0.75,0.25,0.0,0.0,0.0,5.413765459750325,4.931614303522047,3.333333333333333,1.466337068793427,0.04504504504504504,3.5690987773072127,30.0,0.1111111111111111,1.0,-0.22342897058823524,0.6899994738812985,-0.4795730802618863,0.4075744689770555,-0.1111111111111111,-0.3054405648281065,0.01940142564984565,20.241666666666667,3.0559646615940697,19.0,0,3
2021-05-20,COIN,2.5,3.0,2.0,1.0,29.040227953951042,15.645466520166956,13.39476143378409,-0.22486666666666663,-3.72766605349328,0.5,4.842479169386332,1.5,0.5,0.0,0.0,0.0,0.0,74,-0.08994666666666665,-0.12836214851357997,0.2,0.16675072857778625,0.2,0.0,0.6666666666666666,0.3333333333333333,0.0,0.0,0.0,6.258186608066782,5.357904573513636,2.5,1.252762968495368,0.033783783783783786,3.4025374152143812,30.0,0.08333333333333333,0.875,-0.3952623039215686,3.2269242245445633,1.252762968495368,1.0300092796709244,0.08333333333333333,-0.1780395185185185,0.11812500000000001,1.8333333333333333,1.041453874828161,8.0,0,3
2021-05-20,GE,2.0,2.0,2.0,2.0,13.604048511423903,6.396929655216146,7.207118856207756,0.9688333333333333,6.3061697753879775,-1.0,-7.258412150595307,1.0,0.0,1.0,0.0,0.0,0.0,74,0.48441666666666666,0.463550962060479,-0.5,-0.5335479467380689,0.0,0.5,1.0,1.0,0.0,0.0,0.0,3.198464827608073,3.603559428103878,2.0,1.0986122886681098,0.02702702702702703,2.6812987855780612,30.0,0.06666666666666667,0.8125,0.17910102941176476,4.643841952720406,1.0986122886681098,1.009024315206707,0.06666666666666667,0.47994000000000003,-0.6111111111111112,1.3333333333333333,0.8472978603872036,4.0,0,3
2021-05-20,RIDE,2.0,2.0,2.0,2.0,18.160335200495794,8.560252680876685,9.60008251961911,0.33296666666666663,2.8644258725703104,0.16666666666666669,0.2810568786545127,7.0,1.0,1.0,0.0,0.0,0.0,74,0.16648333333333332,0.1577297908296378,0.08333333333333334,0.015476414700034807,0.5,0.5,1.0,1.0,0.0,0.0,0.0,4.2801263404383425,4.800041259809555,2.0,1.0986122886681098,0.02702702702702703,2.952842267196352,30.0,0.06666666666666667,0.8125,-0.1388323039215686,4.477777527009392,0.6931471805599454,1.009024315206707,0.04814814814814815,0.17118666666666665,0.11666666666666668,1.5000000000000002,0.9162907318741551,3.0,0,3
2021-05-20,SPY,2.833333333333333,5.0,3.0,0.0,24.552624916754645,13.304148768361406,11.24847614839324,0.6708333333333333,5.684455897966309,0.042857142857142705,-1.7931763112914396,20.833333333333336,1.3333333333333333,1.0,7.0,0.0,0.0,74,0.23676470588235296,0.23152131054171937,0.015126050420168015,-0.07303399605423781,0.4705882352941177,0.35294117647058826,0.6,0.0,2.4705882352941178,0.0,0.0,4.695581918245202,3.9700504053152614,2.833333333333333,1.3437347467010947,0.038288288288288286,3.240740047840576,30.0,0.09444444444444443,0.9166666666666666,-0.06855093137254895,1.2671636730599036,0.4274440148269396,0.6764090603061472,0.038888888888888876,0.1316034876847414,0.08393084974494829,8.200000000000001,2.2192034840549946,16.0,0,3
2021-05-20,UWMC,2.8333333333333335,4.0,3.0,0.0,25.77792181122437,14.714915585198877,11.06300622602549,1.418188888888889,13.105103595699415,-0.6534391534391535,-4.7027764146936395,19.5,0.5,1.0,7.0,0.0,0.0,74,0.5005372549019608,0.5083847988860419,-0.23062558356676005,-0.18243427259702252,0.1764705882352941,0.3529411764705882,0.75,0.0,2.4705882352941173,0.0,0.0,5.193499618305486,3.9045904327148784,2.8333333333333335,1.3437347467010947,0.03828828828828829,3.2875777349823734,30.0,0.09444444444444446,0.9583333333333334,0.19522161764705886,0.7504820178982288,0.09097177820572666,0.4878168007659792,0.0018518518518518684,0.10540680667064123,-0.4439853112453732,21.824999999999996,3.127856426481032,17.0,0,3
2021-05-21,AAPL,2.0,2.0,2.0,0.0,8.392989587956931,2.4849066497880004,5.908082938168931,0.3111,1.9641447971968042,-0.3333333333333333,-2.1045160154256983,3.0,0.0,1.0,0.0,0.0,0.0,75,0.15555,0.23402207003987568,-0.16666666666666666,-0.25074688743156076,0.0,0.5,1.0,0.0,0.0,0.0,0.0,1.2424533248940002,2.9540414690844656,2.0,1.0986122886681098,0.02666666666666667,2.239963622522137,36.0,0.05555555555555555,0.8333333333333334,-0.14942818930041155,1.6729499640765129,0.4054651081081645,0.6871559757080522,0.02222222222222222,-0.07710083619374522,-0.2281990358992647,2.2,1.1631508098056809,15.0,0,4
2021-05-21,BNGO,2.0,2.0,2.0,0.0,13.071491047030571,6.20455776256869,6.866933284461882,0.7988000000000001,5.091117021006175,1.0666666666666667,7.86727188409401,17.0,1.0,0.0,0.0,0.0,0.0,75,0.39940000000000003,0.3894825007100254,0.5333333333333333,0.6018649177655372,0.5,0.0,1.0,0.0,0.0,0.0,0.0,3.102278881284345,3.433466642230941,2.0,1.0986122886681098,0.02666666666666667,2.644150839003371,36.0,0.05555555555555555,0.8333333333333334,0.0944218106995885,3.729284521200701,1.0986122886681098,0.9743669561787097,0.05555555555555555,0.27524000000000004,0.39999999999999997,0.0,0.0,4.0,0,4
2021-05-21,PLTR,3.0,3.0,3.0,1.0,33.22879636903374,18.933970668832632,14.294825700201102,0.1073,1.0687546575785263,0.0,0.0,0.0,0.0,0.0,0.0,0.0,0.0,75,0.03576666666666667,0.032163507991956934,0.0,0.0,0.0,0.0,1.0,0.3333333333333333,0.0,0.0,0.0,6.311323556277544,4.764941900067034,3.0,1.3862943611198906,0.04,3.5330672888807317,36.0,0.08333333333333333,0.9259259259259259,-0.26921152263374487,0.4899618431263213,1.3862943611198906,0.41510306779775497,0.08333333333333333,-0.20066115215760794,-0.23751080522391846,16.625,2.8693183486983322,14.0,0,4
2021-05-21,SPCE,4.0,4.0,3.0,2.0,36.436512406384416,18.462218770060808,17.974293636323612,-0.23420000000000007,-0.5772984742094973,-0.08333333333333331,0.4885782733294879,23.0,1.0,2.0,2.0,0.0,0.0,75,-0.05855000000000002,-0.01584395530973878,-0.02083333333333333,0.013409029598669247,0.25,0.5,0.75,0.5,0.5,0.0,0.0,4.615554692515202,4.493573409080903,4.0,1.6094379124341003,0.05333333333333334,3.6226464957316393,36.0,0.1111111111111111,1.0,-0.36352818930041153,6.942071162621892,1.6094379124341003,1.5124222042565407,0.1111111111111111,-0.07695111111111114,-0.029143772893772887,0.0,0.0,5.0,0,4
2021-05-21,SPY,3.0,3.0,3.0,0.0,27.993655924220715,15.02374467000806,12.969911254212654,0.3782,3.69132521658135,0.0,1.0280732879523207,15.0,1.0,1.0,0.0,0.0,1.0,75,0.12606666666666666,0.1318629201764081,0.0,0.03672522412704264,0.3333333333333333,0.3333333333333333,1.0,0.0,0.0,0.0,0.3333333333333333,5.007914890002687,4.323303751404218,3.0,1.3862943611198906,0.04,3.3670770448209764,36.0,0.08333333333333333,0.9259259259259259,-0.17891152263374488,1.2299288510510884,0.042559614418795855,0.6517819373898883,-0.0111111111111111,0.009067213174937444,0.06804849680377187,8.0,2.1972245773362196,17.0,0,4
2021-05-21,UWMC,3.0,4.0,3.0,1.0,30.71169989865173,16.200788233389808,14.510911665261919,0.15273333333333328,1.0867010105401143,2.0,19.747267311177247,4.5,2.0,0.0,0.0,0.0,0.0,75,0.050911111111111094,0.03538394208481509,0.6666666666666666,0.6429884173244402,0.6666666666666666,0.0,0.75,0.25,0.0,0.0,0.0,5.400262744463269,4.836970555087306,3.0,1.3862943611198906,0.04,3.456685694765632,36.0,0.08333333333333333,0.9259259259259259,-0.25406707818930047,0.7994592088351125,0.042559614418795855,0.5233883180660172,-0.011111111111111127,-0.3487981046272113,0.46938367271184606,22.158333333333328,3.1423546869604575,17.0,0,4
2021-05-24,AMC,3.25,5.0,4.0,1.0,35.64835580031415,19.1209326359427,16.527423164371445,1.630125,16.1875956988349,1.5,15.740297158185996,4.0,1.5,0.0,0.0,0.0,0.0,164,0.5015769230769231,0.45409094852818566,0.46153846153846156,0.44154342619210746,0.46153846153846156,0.0,0.8,0.2,0.0,0.0,0.0,5.8833638879823695,5.085360973652753,3.25,1.4469189829363254,0.019817073170731708,3.601368565124798,82.0,0.039634146341463415,0.9298245614035088,0.06013435306698167,0.5714475256833399,0.7537718023763801,0.31357363928106796,0.011856368563685639,0.16441502491548332,0.3072219384703585,16.741666666666667,2.8759159221114334,19.0,0,0
2021-05-24,COIN,2.0,2.0,2.0,1.0,18.84610350002012,9.217315985712608,9.628787514307515,-0.5641333333333334,-5.395110147453207,0.0,0.23116933460631195,4.0,1.0,1.0,0.0,0.0,0.0,164,-0.2820666666666667,-0.286271915435859,0.0,0.012266160726861399,0.5,0.5,1.0,0.5,0.0,0.0,0.0,4.608657992856304,4.814393757153757,2.0,1.0986122886681098,0.012195121951219513,2.9880076906361714,82.0,0.024390243902439025,0.8596491228070176,-0.7235092366766082,2.2247066735873813,1.0986122886681098,0.8478778104468949,0.024390243902439025,-0.3465721851851852,-0.041874999999999996,3.5,1.5040773967762742,8.0,0,0
2021-05-24,DKNG,3.0,3.0,2.0,1.0,24.90180149038836,12.101711630205433,12.80008986018293,0.22959999999999992,1.968085677053265,0.8333333333333333,6.584442710040961,11.0,2.0,0.0,0.0,0.0,0.0,164,0.0765333333333333,0.079033867401638,0.27777777777777773,0.26441631994305453,0.6666666666666666,0.0,0.6666666666666666,0.3333333333333333,0.0,0.0,0.0,4.0339038767351445,4.266696620060976,3.0,1.3862943611198906,0.018292682926829267,3.254312521900063,82.0,0.036585365853658534,0.9035087719298246,-0.3649092366766082,4.7200719602136,1.3862943611198906,1.2583558385444131,0.036585365853658534,-0.06254625000000001,0.1313492063492063,0.0,0.0,6.0,0,0
2021-05-24,GME,10.583333333333332,13.0,8.0,1.0,125.03398026769753,69.07044859708645,55.96353167061109,3.9527583333333336,48.0946909356322,3.6296296296296298,41.9098522090259,24.0,3.5,0.0,0.0,2.0,1.0,164,0.3734889763779528,0.38465296259993925,0.34295713035870523,0.33518769953013555,0.33070866141732286,0.0,0.6153846153846154,0.07692307692307693,0.0,0.18897637795275593,0.09448818897637797,6.526341599724705,5.287892756278214,10.583333333333332,2.449567283342691,0.06453252032520325,4.836551555257372,82.0,0.1290650406504065,0.9824561403508771,-0.06795359363198866,1.4512007460860679,1.7564201027827457,0.9118670989593456,0.10128726287262872,0.0846597409477618,0.07973751444812044,14.19166666666667,2.720747031896617,19.0,0,0
2021-05-24,GOLD,2.0,2.0,2.0,0.0,14.995334102057207,7.003065458786462,7.992268643270745,1.299,9.763095823314647,1.0,6.745236349484362,3.0,1.0,0.0,0.0,0.0,0.0,164,0.6495,0.651075578367757,0.5,0.4498223449758938,0.5,0.0,1.0,0.0,0.0,0.0,0.0,3.501532729393231,3.9961343216353726,2.0,1.0986122886681098,0.012195121951219513,2.772297061089378,82.0,0.024390243902439025,0.8596491228070176,0.2080574299900585,3.3635055914818883,0.4054651081081645,0.950866774716423,-0.003387533875338751,0.5960866666666667,0.38166666666666665,3.0,1.3862943611198906,5.0,0,0
2021-05-24,SPCE,13.0,13.0,13.0,5.0,133.7432006782258,74.08823588463514,59.65496479359066,5.677133333333333,63.930960755551425,6.075,71.52085616263902,37.0,6.0,0.0,19.0,0.0,0.0,164,0.4367025641025641,0.47801279191279117,0.4673076923076923,0.5347625583951129,0.46153846153846156,0.0,1.0,0.38461538461538464,1.4615384615384615,0.0,0.0,5.699095068048857,4.58884344566082,13.0,2.6390573296152584,0.07926829268292683,4.903370749727342,82.0,0.15853658536585366,1.0,-0.004740005907377387,6.143507474628871,1.0296194171811581,2.461569725815994,0.047425474254742556,0.42122895299145297,0.46003891941391944,4.0,1.6094379124341003,6.0,0,0
2021-05-24,SPY,8.0,10.0,8.0,2.0,62.58624532482719,28.127358180505876,34.45888714432131,1.4299222222222223,15.573175234743351,-0.46703296703296693,-4.4928657727852315,31.666666666666664,1.6666666666666665,2.333333333333333,0.0,0.0,2.0,164,0.1787402777777778,0.24882744050098282,-0.058379120879120866,-0.07178679196150735,0.20833333333333331,0.29166666666666663,0.8,0.2,0.0,0.0,0.25,3.5159197725632345,4.307360893040164,8.0,2.1972245773362196,0.04878048780487805,4.152397178479117,82.0,0.0975609756097561,0.9649122807017544,-0.2627022922321637,2.6829011121971136,0.810930216216329,1.3933974355502228,0.014227642276422772,0.055437490952715246,0.009669375924651002,10.083333333333334,2.4054424784337534,18.0,0,0
2021-05-24,TELL,3.0,3.0,1.0,1.0,25.714452676347967,12.750534185693919,12.963918490654047,0.9974666666666667,8.541637851473803,2.0,17.864738918743097,10.0,2.0,0.0,6.0,0.0,0.0,164,0.3324888888888889,0.33217264854835354,0.6666666666666666,0.694735335944949,0.6666666666666666,0.0,0.3333333333333333,0.3333333333333333,2.0,0.0,0.0,4.250178061897973,4.321306163551349,3.0,1.3862943611198906,0.018292682926829267,3.2852047176965113,82.0,0.036585365853658534,0.9035087719298246,-0.10895368112105258,8.0,0.6931471805599453,1.3516370020918933,0.008807588075880758,0.3176888888888889,0.6666666666666666,1.0,0.6931471805599453,1.0,0,0
2021-05-24,UWMC,3.833333333333333,5.0,4.0,0.0,34.1059476606145,18.076678631237215,16.029269029377282,2.493922222222222,21.784176675592107,1.7380952380952381,19.572744978580076,8.333333333333332,2.833333333333333,1.0,0.0,0.0,0.0,164,0.6505884057971014,0.6387207560500788,0.453416149068323,0.573880695922801,0.7391304347826086,0.2608695652173913,0.8,0.0,0.0,0.0,0.0,4.7156552951053605,4.181548442446248,3.833333333333333,1.575536360758419,0.023373983739837397,3.5583705651373125,82.0,0.046747967479674794,0.9473684210526315,0.20914583578715995,1.0527905391124766,0.1892419996385284,0.6982462140819565,-0.036585365853658534,0.2607661345032235,0.22279982178016908,24.158333333333328,3.2251891869247924,17.0,0,0
2021-05-24,VIAC,2.0,2.0,2.0,0.0,13.86406259854644,8.080237416216702,5.783825182329737,1.3907,9.779851611012004,2.0,13.86406259854644,3.0,2.0,0.0,0.0,0.0,0.0,164,0.69535,0.7054102317770378,1.0,1.0,1.0,0.0,1.0,0.0,0.0,0.0,0.0,4.040118708108351,2.8919125911648687,2.0,1.0986122886681098,0.012195121951219513,2.698946393482585,82.0,0.024390243902439025,0.8596491228070176,0.25390742999005855,1.1465539445340456,0.4054651081081645,0.602459988198103,-0.003387533875338751,0.48609912286324786,0.8498338181426417,2.5000000000000004,1.252762968495368,11.0,0,0
2021-05-25,BABA,3.0,3.0,3.0,1.0,22.320744392505354,12.062664062234816,10.258080330270536,1.9240333333333335,14.686166607224084,1.6666666666666665,12.771400520950102,13.0,2.0,0.0,0.0,0.0,0.0,88,0.6413444444444445,0.6579604312907801,0.5555555555555555,0.5721762812372136,0.6666666666666666,0.0,1.0,0.3333333333333333,0.0,0.0,0.0,4.0208880207449385,3.4193601100901785,3.0,1.3862943611198906,0.03409090909090909,3.1493432817492217,43.0,0.06976744186046512,0.9428571428571428,0.36823934920634926,2.676049750683391,0.7801585575495751,1.123647335568287,0.059604840234448855,0.48735361241344266,0.5656323501384544,0.8333333333333333,0.6061358035703155,8.0,0,1
2021-05-25,CLOV,2.0,2.0,2.0,0.0,19.213658779739188,10.48458522928745,8.729073550451737,0.296,2.9941489018252017,0.0,0.0,0.0,0.0,0.0,0.0,0.0,0.0,88,0.148,0.1558343955281715,0.0,0.0,0.0,0.0,1.0,0.0,0.0,0.0,0.0,5.242292614643725,4.364536775225869,2.0,1.0986122886681098,0.022727272727272728,3.006358553117158,43.0,0.046511627906976744,0.8714285714285714,-0.12510509523809524,0.10944715801476748,1.0986122886681098,0.07445033013462621,0.046511627906976744,-0.15668355704820794,-0.3342398701950001,1.5,0.9162907318741551,16.0,0,1
2021-05-25,NIO,4.0,4.0,4.0,0.0,31.67409821816623,17.23593000627302,14.438168211893208,2.4210333333333334,19.302499371119858,3.0,23.110212298758007,10.0,3.0,0.0,8.0,0.0,0.0,88,0.6052583333333333,0.60940959512619,0.75,0.7296249490539078,0.75,0.0,1.0,0.0,2.0,0.0,0.0,4.308982501568255,3.609542052973302,4.0,1.6094379124341003,0.045454545454545456,3.4865826606035397,43.0,0.09302325581395349,0.9714285714285714,0.3321532380952381,2.861586884051191,1.3217558399823193,1.1369963024222407,0.08895821516354699,0.4124099074074074,0.4923809523809524,1.333333333333333,0.8472978603872034,15.0,0,1
2021-05-25,OPEN,2.0,2.0,1.0,2.0,14.711781422947437,7.042286171939743,7.669495251007694,0.011733333333333373,0.45446476983808015,0.8,6.5704329477822645,9.0,1.0,0.0,2.0,0.0,0.0,88,0.005866666666666687,0.0308912127479821,0.4,0.4466102886448342,0.5,0.0,0.5,1.0,1.0,0.0,0.0,3.5211430859698716,3.834747625503847,2.0,1.0986122886681098,0.022727272727272728,2.7544108400430583,43.0,0.046511627906976744,0.8714285714285714,-0.26723842857142854,6.8645609890511485,1.0986122886681098,1.0639549296401125,0.046511627906976744,-0.010343333333333312,0.35000000000000003,0.0,0.0,1.0,0,1
2021-05-25,PLTR,2.0,2.0,2.0,1.0,16.27843434547012,9.173468897200278,7.1049654482698426,0.8260333333333334,6.830200139035778,0.0,0.0,2.0,0.0,0.0,0.0,0.0,0.0,88,0.4130166666666667,0.4195858148321525,0.0,0.0,0.0,0.0,1.0,0.5,0.0,0.0,0.0,4.586734448600139,3.5524827241349213,2.0,1.0986122886681098,0.022727272727272728,2.8494591542635117,43.0,0.046511627906976744,0.8714285714285714,0.13991157142857147,0.1092085994645089,1.0986122886681098,0.0927636363179769,0.046511627906976744,0.21517051450905877,-0.18751080522391847,8.0,2.1972245773362196,14.0,0,1
2021-05-25,SPCE,10.0,10.0,10.0,5.0,96.08045762391401,54.05593088346987,42.02452674044414,4.7387,45.17485092086551,6.0,57.70570349790905,11.0,6.0,0.0,5.0,1.0,0.0,88,0.47386999999999996,0.47017730804002417,0.6,0.6005977170069842,0.6,0.0,1.0,0.5,0.5,0.1,0.0,5.405593088346987,4.202452674044414,10.0,2.3978952727983707,0.11363636363636363,4.57554009473186,43.0,0.23255813953488372,1.0,0.20076490476190473,3.0810375309113147,-0.24116205681688774,2.088454802518343,0.07402155416903006,0.43656126068376067,0.5693658424908424,17.0,2.8903717578961645,7.0,0,1
2021-05-25,TSLA,2.0,2.0,2.0,1.0,18.885070205710505,9.992871113670812,8.892199092039693,1.037,9.642200071609091,-1.0,-9.662307313735766,1.0,0.0,1.0,0.0,0.0,0.0,88,0.5185,0.5105726357688342,-0.5,-0.5116373520715882,0.0,0.5,1.0,0.5,0.0,0.0,0.0,4.996435556835406,4.4460995460198465,2.0,1.0986122886681098,0.022727272727272728,2.9899692092398187,43.0,0.046511627906976744,0.8714285714285714,0.24539490476190473,0.5405534642367938,0.2513144282809062,0.24114157895815502,0.03025146530535073,0.30047784710015374,-0.6516564057518951,6.833333333333333,2.0583881324820035,19.0,0,1
2021-05-26,AMC,8.0,9.0,9.0,1.0,81.34059148247637,44.4579291131232,36.88266236935317,4.114483333333333,45.16606581156714,-0.5,-0.3045673127156103,3.5,0.5,1.0,0.5,0.0,0.0,92,0.5143104166666667,0.5552709291682185,-0.0625,-0.0037443459306688823,0.0625,0.125,1.0,0.1111111111111111,0.0625,0.0,0.0,5.5572411391404,4.610332796169146,8.0,2.1972245773362196,0.08695652173913043,4.410864199731994,48.0,0.16666666666666666,0.9615384615384616,0.2530384455128205,1.8936011812638585,1.2809338454620645,1.0393088567855178,0.1317829457364341,0.21977237076407907,-0.20804820804978807,15.083333333333332,2.7777835391168852,19.0,0,2
2021-05-26,BB,3.5,4.0,4.0,1.0,40.43807117711115,23.49845841976835,16.939612757342797,-0.10724999999999998,-0.3332341181268925,1.125,9.819525565975717,5.0,1.5,0.0,0.0,0.0,0.0,92,-0.03064285714285714,-0.008240603679324608,0.32142857142857145,0.24282873243305897,0.42857142857142855,0.0,1.0,0.25,0.0,0.0,0.0,6.713845262790957,4.839889359240799,3.5,1.5040773967762742,0.03804347826086957,3.724200051914096,48.0,0.07291666666666667,0.8846153846153846,-0.2919148282967033,2.2534433392554636,1.5040773967762742,1.0823807793696951,0.07291666666666667,-0.19698153306878308,0.23695421245421247,2.333333333333333,1.203972804325936,11.0,0,2
2021-05-26,GME,9.333333333333332,11.0,11.0,2.0,110.04813386340973,62.46853558457978,47.57959827882996,1.2828388888888886,25.26321231034889,0.49812382739212,24.656650880512412,133.83333333333334,2.833333333333333,2.0,111.5,0.0,0.0,92,0.1374470238095238,0.22956511322313972,0.05337041007772715,0.22405333025561266,0.3035714285714286,0.2142857142857143,1.0,0.18181818181818182,11.946428571428573,0.0,0.0,6.69305738406212,5.097814101303211,9.333333333333332,2.3353749158170363,0.10144927536231883,4.7099637457274675,48.0,0.19444444444444442,1.0,-0.12382494734432234,1.1302770688354309,1.9299098077088719,0.8030146479550635,0.18281653746770024,-0.12620248169560347,-0.1856705728177816,17.583333333333336,2.9222651216721185,19.0,0,2
2021-05-26,MVIS,2.0,2.0,2.0,1.0,17.59694138988543,10.217933262257123,7.379008127628304,0.8260666666666667,7.575540539662408,0.3333333333333333,2.2992349810428783,6.0,1.0,0.0,0.0,0.0,0.0,92,0.41303333333333336,0.4305032546176896,0.16666666666666666,0.1306610580839042,0.5,0.0,1.0,0.5,0.0,0.0,0.0,5.1089666311285615,3.689504063814152,2.0,1.0986122886681098,0.021739130434782608,2.9229971257931764,48.0,0.041666666666666664,0.7692307692307693,0.1517613621794872,0.3445274465220309,1.0986122886681098,0.3013128467644359,0.041666666666666664,0.15952063665736366,0.0446519705135829,1.3333333333333333,0.8472978603872036,15.0,0,2
2021-05-26,SNDL,2.0,2.0,2.0,0.0,16.373799321296268,8.17131687471973,8.202482446576537,0.008266666666666672,0.024993910778276174,0.7777777777777778,6.240030898578911,11.0,1.0,0.0,0.0,0.0,0.0,92,0.004133333333333336,0.0015264576221945218,0.3888888888888889,0.38109853285321105,0.5,0.0,1.0,0.0,0.0,0.0,0.0,4.085658437359865,4.101241223288269,2.0,1.0986122886681098,0.021739130434782608,2.854963285252791,48.0,0.041666666666666664,0.7692307692307693,-0.2571386378205128,3.265508087627366,0.4054651081081645,0.9067405812462561,0.018410852713178293,-0.174371,0.1588888888888889,1.4999999999999991,0.9162907318741547,8.0,0,2
2021-05-26,SPCE,4.0,4.0,4.0,1.0,39.60694397969948,21.54286268253583,18.06408129716365,2.9201,29.001756184345727,2.0,20.34757992426716,7.0,2.0,0.0,6.0,0.0,0.0,92,0.730025,0.7322391800591977,0.5,0.513737690408437,0.5,0.0,1.0,0.25,1.5,0.0,0.0,5.3857156706339575,4.5160203242909125,4.0,1.6094379124341003,0.043478260869565216,3.703939085965789,48.0,0.08333333333333333,0.9230769230769231,0.4687530288461539,1.4429549615861055,-0.7884573603642704,1.1801026785141544,-0.14922480620155038,0.6690227606837608,0.4393658424908425,27.0,3.332204510175204,8.0,0,2
2021-05-26,SPY,2.0,3.0,3.0,0.0,14.347437433455635,7.048603375365628,7.298834058090008,0.3221,3.102807255953661,0.06060606060606061,0.7845031070628057,7.0,0.5,0.5,0.0,0.0,0.0,92,0.16105,0.216262121395872,0.030303030303030304,0.05467897042251504,0.25,0.25,1.0,0.0,0.0,0.0,0.0,3.524301687682814,3.649417029045004,2.0,1.0986122886681098,0.021739130434782608,2.730948517650878,48.0,0.041666666666666664,0.7692307692307693,-0.10022197115384615,0.3583758890101621,0.4054651081081645,0.2161316334689516,0.018410852713178293,-0.038816339175489906,0.022424329304604376,16.333333333333336,2.852631429913318,18.0,0,2
2021-05-26,TSLA,2.333333333333333,3.0,2.0,3.0,22.391816825249126,12.786695256749299,9.605121568499825,0.6551888888888889,6.281463425048077,0.1282051282051282,1.2359362758570174,4.333333333333333,0.3333333333333333,0.0,0.0,0.0,0.0,92,0.28079523809523815,0.2805249557938982,0.054945054945054944,0.05519589078021438,0.14285714285714288,0.0,0.6666666666666666,1.0,0.0,0.0,0.0,5.480012252892557,4.1164806722142115,2.333333333333333,1.203972804325936,0.02536231884057971,3.152386252878754,48.0,0.048611111111111105,0.8461538461538461,0.019523266941392003,0.7462827796217244,0.10536051565782611,0.3353449170502707,0.0020994832041343614,0.061419989957296695,-0.06827728487277418,4.833333333333333,1.7635885922613586,19.0,0,2
2021-05-27,AG,3.0,3.0,2.0,0.0,15.736981633713986,6.80239476332431,8.934586870389676,-0.2562333333333333,-0.9769401587384432,-1.0,-6.354370040797351,1.0,0.0,1.0,0.0,0.0,0.0,124,-0.0854111111111111,-0.062079259001326145,-0.3333333333333333,-0.40378582047678835,0.0,0.3333333333333333,0.6666666666666666,0.0,0.0,0.0,0.0,2.2674649211081035,2.9781956234632254,3.0,1.3862943611198906,0.024193548387096774,2.8176207401845397,58.0,0.05172413793103448,0.7608695652173914,-0.4268807326761746,2.966117708216428,1.3862943611198906,1.1580769515464988,0.05172413793103448,-0.19067194444444444,-0.3183333333333333,1.0,0.6931471805599453,6.0,0,3
2021-05-27,AMC,11.416666666666668,15.0,12.0,3.0,129.28461114450047,74.48853930147396,54.796071843026496,3.6747555555555556,30.763871168687587,-0.17352941176470593,-19.062731234404666,26.916666666666668,2.5,3.75,1.0,0.0,0.3333333333333333,124,0.32187639902676396,0.23795462504275183,-0.015199656504937745,-0.14744779804534036,0.218978102189781,0.3284671532846715,0.8,0.2,0.0875912408759124,0.0,0.0291970802919708,6.524543588450274,4.799655927856335,11.416666666666668,2.519039656157459,0.0920698924731183,4.869721373890522,58.0,0.19683908045977014,1.0,-0.019593222538299537,2.192221451532805,0.3218150788212393,1.2936275997593063,0.03017241379310348,0.02211533229084306,-0.16119429312615438,17.083333333333332,2.8949907037524594,19.0,0,3
2021-05-27,BB,4.333333333333334,5.0,4.0,1.0,46.89430018258912,27.67947898963559,19.214821192953522,2.1396555555555556,23.92182356563303,-0.43333333333333335,-5.384291739734549,5.666666666666666,0.0,1.0,0.0,0.0,0.3333333333333333,124,0.49376666666666663,0.5101221997660753,-0.09999999999999999,-0.11481761576076627,0.0,0.23076923076923073,0.8,0.2,0.0,0.0,0.07692307692307691,6.387572074531289,4.434189506066197,4.333333333333334,1.6739764335716716,0.03494623655913979,3.868996503236074,58.0,0.07471264367816093,0.8695652173913043,0.15229704510160313,2.2362437166638482,0.16989903679539742,1.1770759463262788,0.0017959770114942541,0.32896013359788356,-0.20054578754578753,4.833333333333333,1.7635885922613586,12.0,0,3
2021-05-27,GME,10.416666666666666,14.0,13.0,3.0,111.19032720935874,67.60496499036879,43.58536221898997,4.838422222222222,45.41417763162739,2.3264705882352943,20.515951994068146,10.916666666666666,2.5,0.75,1.0,0.0,0.3333333333333333,124,0.4644885333333334,0.4084364060384287,0.22334117647058827,0.1845120210451305,0.24000000000000002,0.07200000000000001,0.9285714285714286,0.21428571428571427,0.096,0.0,0.032,6.490076639075403,4.184194773023037,10.416666666666666,2.4350742760401247,0.08400537634408602,4.720196779117009,58.0,0.17959770114942528,0.9565217391304348,0.1230189117682699,1.2663318280138645,0.09969936022308845,0.901489457177737,-0.014846743295019144,0.21393796104139962,0.011245041354286195,22.916666666666668,3.174575565971621,19.0,0,3
2021-05-27,MGM,3.0,3.0,3.0,0.0,12.518369278745874,5.676753802268282,6.8416154764775925,1.3023333333333331,4.606961487299365,0.3333333333333333,0.7324081924454064,3.0,1.0,0.0,0.0,0.0,0.0,124,0.43411111111111106,0.3680161037525252,0.1111111111111111,0.058506677358441145,0.3333333333333333,0.0,1.0,0.0,0.0,0.0,0.0,1.8922512674227605,2.2805384921591974,3.0,1.3862943611198906,0.024193548387096774,2.6040494478628102,58.0,0.05172413793103448,0.7608695652173914,0.09264148954604756,6.056096556682628,1.3862943611198906,1.2999333137153664,0.05172413793103448,0.3422144444444444,-0.03888888888888889,1.0,0.6931471805599453,4.0,0,3
2021-05-27,NIO,2.0,2.0,2.0,1.0,13.998631794928793,8.112527763478637,5.886104031450156,0.4184,3.657291479341783,1.0,8.741136422901011,1.0,1.0,0.0,0.0,0.0,0.0,124,0.2092,0.2612606383908669,0.5,0.6244279120240604,0.5,0.0,1.0,0.5,0.0,0.0,0.0,4.056263881739318,2.943052015725078,2.0,1.0986122886681098,0.016129032258064516,2.707958983270576,58.0,0.034482758620689655,0.6304347826086957,-0.1322696215650635,1.415732764953379,0.287682072451781,0.6091243493077205,0.008441091954022987,0.0001849907407407425,0.2382142857142857,5.583333333333333,1.8845412026790211,15.0,0,3
2021-05-27,NNDM,2.0,2.0,1.0,0.0,12.65607762826922,6.723832440821209,5.932245187448011,1.2324666666666668,7.7635709441187615,0.0,1.9810014688665838,4.0,1.0,1.0,0.0,0.0,0.0,124,0.6162333333333334,0.6134263056966147,0.0,0.15652570464973478,0.5,0.5,0.5,0.0,0.0,0.0,0.0,3.3619162204106043,2.9661225937240054,2.0,1.0986122886681098,0.016129032258064516,2.6141846700299674,58.0,0.034482758620689655,0.6304347826086957,0.2747637117682699,3.916943095345335,1.0986122886681098,0.994640211584118,0.034482758620689655,0.5902250000000001,0.06,0.0,0.0,3.0,0,3
2021-05-27,SNDL,2.333333333333333,3.0,3.0,0.0,23.17238156846397,12.149213871265072,11.023167697198899,0.8351,8.13838574170421,1.6,15.605943040436781,6.0,2.0,0.0,0.0,0.0,0.0,124,0.35790000000000005,0.3512105873821791,0.6857142857142858,0.6734716927704749,0.8571428571428572,0.0,1.0,0.0,0.0,0.0,0.0,5.206805944827889,4.724214727370957,2.333333333333333,1.203972804325936,0.018817204301075266,3.185210723930901,58.0,0.04022988505747126,0.6956521739130435,0.016430378434936554,3.0361293760976187,0.10536051565782611,0.991827841498674,-0.0014367816091954075,0.17918900000000004,0.43626984126984136,3.499999999999999,1.504077396776274,8.0,0,3
2021-05-27,SPCE,5.5,6.0,5.0,2.0,52.01509416355458,28.765107245731084,23.249986917823495,2.283983333333333,21.865651483944465,0.0,0.46187350316248477,3.0,1.0,1.0,0.0,1.0,0.0,124,0.4152696969696969,0.4203712755991716,0.0,0.008879605249010694,0.18181818181818182,0.18181818181818182,0.8333333333333334,0.3333333333333333,0.0,0.18181818181818182,0.0,5.230019499223833,4.227270348695181,5.5,1.8718021769015913,0.04435483870967742,3.970576668544336,58.0,0.09482758620689655,0.9130434782608695,0.0738000754046334,1.5988797286249459,0.26236426446749106,1.3619950473599403,0.011494252873563218,0.3177662076534576,-0.08563415750915751,31.0,3.4657359027997265,9.0,0,3
2021-05-27,TSLA,4.0,4.0,3.0,0.0,33.07511656500246,17.323365313999357,15.751751251003103,1.8507999999999998,14.989182401900887,0.6573426573426573,5.204032830697689,26.0,2.0,0.0,4.0,0.0,0.0,124,0.46269999999999994,0.45318607940330846,0.16433566433566432,0.15733981830329197,0.5,0.0,0.75,0.0,1.0,0.0,0.0,4.330841328499839,3.937937812750776,4.0,1.6094379124341003,0.03225806451612903,3.528567398413208,58.0,0.06896551724137931,0.8260869565217391,0.12123037843493645,1.6244436931469277,0.4054651081081644,0.7355419993755437,0.020354406130268204,0.23384582329062994,0.06336607177058243,7.166666666666666,2.1000608288825715,19.0,0,3
2021-05-28,AMC,30.583333333333332,36.0,33.0,4.0,293.9031568349368,165.91986615175415,127.98329068318267,12.784783333333332,112.73501957050445,7.6685463659147866,61.814080822929164,48.833333333333336,12.583333333333334,4.0,5.0,2.5,0.0,178,0.4180310626702997,0.38357879780726273,0.25074266046587856,0.2103212550984795,0.4114441416893733,0.13079019073569484,0.9166666666666666,0.1111111111111111,0.16348773841961853,0.08174386920980926,0.0,5.42517273520722,4.184739749858834,30.583333333333332,3.452629555294426,0.17181647940074907,5.6866470205280475,95.0,0.3219298245614035,1.0,0.06832461686078106,3.2921401505847165,0.9335898991369671,2.163903664513169,0.12509074410163337,0.1073195093163739,0.11995245111435324,25.166666666666668,3.264486336120253,19.0,0,4
2021-05-28,BB,6.083333333333333,8.0,8.0,4.0,71.83639838410737,41.509162752116815,30.327235631990572,3.2736416666666663,37.28596201167078,4.504385964912281,53.5085143134453,10.083333333333334,4.583333333333333,0.0,5.0,0.0,0.0,178,0.5381328767123288,0.5190399692966747,0.7404470079307859,0.744866328450052,0.7534246575342466,0.0,1.0,0.5,0.8219178082191781,0.0,0.0,6.8234240140466005,4.98529900799845,6.083333333333333,1.957744606702316,0.03417602996254682,4.288215808059056,95.0,0.06403508771929824,0.9387755102040817,0.18842643090281014,2.3830141583915188,0.2837681731306445,1.3848528317697026,-0.010677555958862689,0.389404676976879,0.661567887051665,9.166666666666668,2.3191143949452564,12.0,0,4
2021-05-28,BYND,3.0,3.0,3.0,1.0,25.384070392007988,13.381522510922872,12.002547881085116,1.2910000000000001,10.932641575874118,0.0,0.0,0.0,0.0,0.0,0.0,0.0,0.0,178,0.4303333333333334,0.4306890662939617,0.0,0.0,0.0,0.0,1.0,0.3333333333333333,0.0,0.0,0.0,4.460507503640957,4.000849293695039,3.0,1.3862943611198906,0.016853932584269662,3.272760433794581,95.0,0.031578947368421054,0.8877551020408163,0.08062688752381475,8.0,1.3862943611198906,1.3516370020918933,0.031578947368421054,0.41432166666666675,0.0,0.0,0.0,1.0,0,4
2021-05-28,GE,2.2,3.0,2.0,1.0,15.027342173956587,7.416708707157886,7.610633466798701,1.0448733333333333,6.888675341406352,0.5,3.8056738587018106,16.8,1.0,0.0,8.0,0.0,0.0,178,0.4749424242424242,0.4584094287374981,0.22727272727272727,0.2532499636094867,0.45454545454545453,0.0,0.6666666666666666,0.3333333333333333,3.6363636363636362,0.0,0.0,3.3712312305263117,3.4593788485448638,2.2,1.1631508098056809,0.012359550561797755,2.7742961496279577,95.0,0.023157894736842106,0.8367346938775511,0.12523597843290557,2.927610730710307,1.1631508098056809,0.9754799110431055,0.023157894736842106,0.3971665909090909,0.17449494949494948,1.3333333333333333,0.8472978603872036,6.0,0,4
2021-05-28,GME,6.583333333333333,10.0,8.0,1.0,61.247331490533,32.586044148094146,28.661287342438843,1.5727999999999998,14.253499415375888,1.2738095238095237,12.711296810331735,17.333333333333336,2.083333333333333,1.0,2.0,1.5,1.0,178,0.23890632911392404,0.232720333580232,0.1934900542495479,0.2075404185127073,0.3164556962025316,0.1518987341772152,0.8,0.1,0.3037974683544304,0.2278481012658228,0.1518987341772152,4.949778857938352,4.3536132672059,6.583333333333333,2.02595285672885,0.03698501872659176,4.131115666804014,95.0,0.06929824561403508,0.9591836734693877,-0.11080011669559461,0.5886389224216568,-0.4091214193112749,0.4332524724892244,-0.1102994555353902,-0.039799336511343014,-0.03532869524583915,31.833333333333336,3.4914442595099335,19.0,0,4
2021-05-28,MVIS,2.0,2.0,2.0,1.0,12.455304907606756,7.367708572374371,5.087596335232384,0.2538666666666667,1.6214157632088637,-0.3333333333333333,-2.1289597731208816,6.0,0.0,1.0,0.0,0.0,0.0,178,0.12693333333333334,0.13017872908262776,-0.16666666666666666,-0.17092795310218975,0.0,0.5,1.0,0.5,0.0,0.0,0.0,3.6838542861871857,2.543798167616192,2.0,1.0986122886681098,0.011235955056179775,2.5993734452083754,95.0,0.021052631578947368,0.8061224489795918,-0.2227731124761853,0.9218393430141102,1.0986122886681098,0.5222642889189993,0.021052631578947368,-0.11433603340793871,-0.28016555511779456,3.333333333333333,1.466337068793427,14.0,0,4
2021-05-28,PLTR,2.45,4.0,2.0,1.0,22.561506604627755,12.610328274688552,9.951178329939207,1.0341733333333334,8.444701283087193,1.1447368421052633,9.636242841926734,10.55,1.25,0.0,5.0,0.0,0.0,178,0.4221115646258503,0.3742968690466371,0.4672395273899033,0.42710990053962855,0.5102040816326531,0.0,0.5,0.25,2.0408163265306123,0.0,0.0,5.147072765179001,4.0617054407915125,2.45,1.2383742310432684,0.013764044943820226,3.159614304303673,95.0,0.02578947368421053,0.8571428571428571,0.07240511881633166,0.25077244676473504,1.2383742310432684,0.21225232328772736,0.02578947368421053,0.24700457913490906,0.3297287221659848,5.0,1.791759469228055,14.0,0,4
2021-05-28,RKT,3.5,4.0,4.0,1.0,24.092435720362033,13.947564886837743,10.144870833524285,1.4924499999999998,10.203566219401154,0.39473684210526316,2.8010104820121837,9.5,0.5,0.0,0.0,0.0,0.0,178,0.4264142857142857,0.4235174200663106,0.11278195488721805,0.11626099222690355,0.14285714285714285,0.0,1.0,0.25,0.0,0.0,0.0,3.985018539096498,2.8985345238640816,3.5,1.5040773967762742,0.019662921348314606,3.222566434995335,95.0,0.03684210526315789,0.9183673469387755,0.07670783990476704,0.7188752979071215,1.5040773967762742,0.6418196223508601,0.03684210526315789,0.12903525775192037,-0.07097184841608632,2.083333333333333,1.126011262856224,16.0,0,4
2021-05-28,SPCE,10.5,11.0,11.0,2.0,86.88443057934478,52.86375693726009,34.02067364208468,6.459583333333333,53.04749490458837,5.5,46.519261019595604,10.5,5.5,0.0,8.0,0.0,0.0,178,0.6151984126984127,0.6105523688291221,0.5238095238095238,0.5354153869618008,0.5238095238095238,0.0,1.0,0.18181818181818182,0.7619047619047619,0.0,0.0,5.0346435178342945,3.240064156389017,10.5,2.4423470353692043,0.05898876404494382,4.476022662487528,95.0,0.11052631578947368,0.9795918367346939,0.26549196688889404,2.071776799841476,0.5705448584676129,1.873607156010471,0.015698729582577134,0.47925810520035517,0.48817536630036634,36.5,3.624340932976365,9.0,0,4
2021-05-28,TLRY,2.0,2.0,2.0,0.0,16.82206407014985,8.881836305004146,7.940227765145702,1.3662333333333332,11.494985508102673,0.6666666666666667,4.927321379273279,4.0,1.0,1.0,0.0,0.0,0.0,178,0.6831166666666666,0.6833278877174243,0.33333333333333337,0.2929082518486322,0.5,0.5,1.0,0.0,0.0,0.0,0.0,4.440918152502073,3.970113882572851,2.0,1.0986122886681098,0.011235955056179775,2.880437244187424,95.0,0.021052631578947368,0.8061224489795918,0.33341022085714794,2.2032247331946424,1.0986122886681098,0.8549718398086672,0.021052631578947368,0.5829053134796238,0.20487274220032844,2.833333333333333,1.3437347467010947,7.0,0,4
2021-05-28,UWMC,3.0,3.0,3.0,1.0,31.667811772451987,18.154602968931627,13.51320880352036,1.5209000000000001,16.10961943225532,-1.0,-11.303487560712131,1.0,0.0,1.0,0.0,0.0,0.0,178,0.5069666666666667,0.5087064287236029,-0.3333333333333333,-0.35693933139217093,0.0,0.3333333333333333,1.0,0.3333333333333333,0.0,0.0,0.0,6.051534322977209,4.504402934506786,3.0,1.3862943611198906,0.016853932584269662,3.4863902436468104,95.0,0.031578947368421054,0.8877551020408163,0.15726022085714803,0.6890087751792213,1.1631508098056809,0.4740008332732021,0.027268602540834845,0.11490497508293362,-0.5719145857219622,7.083333333333329,2.089804328715382,17.0,0,4
2021-06-01,AMC,22.30952380952381,31.0,19.0,2.0,219.29087197545903,116.43084587399743,102.86002610146156,10.31241388888889,111.22950384890571,3.843584656084656,64.56936871279652,54.976190476190474,8.166666666666668,3.75,5.0,1.0,0.0,155,0.46224267164710076,0.5072235923315288,0.1722844776473378,0.2944462217288393,0.3660618996798293,0.16808964781216648,0.6129032258064516,0.06451612903225806,0.22411953041622198,0.044823906083244394,0.0,5.218885300648764,4.61058814969198,22.30952380952381,3.148862024247142,0.14393241167434717,5.39494881843084,80.0,0.2788690476190476,1.0,0.0797133757303134,2.1694553597414252,-0.30376753104728405,1.7679765513228685,-0.04306077694235588,0.14904581515966003,0.016457135272518575,54.75,4.020877410340228,19.0,0,1
2021-06-01,AMD,2.5,3.0,2.0,1.0,25.91671999004105,14.324759292161534,11.591960697879514,0.45955,5.094356325028723,0.5,5.541232786811371,1.0,0.5,0.0,0.0,0.0,0.0,155,0.18382,0.1965663991039884,0.2,0.21380918530356796,0.2,0.0,0.6666666666666666,0.3333333333333333,0.0,0.0,0.0,5.729903716864614,4.636784279151806,2.5,1.252762968495368,0.016129032258064516,3.2927476544868504,80.0,0.03125,0.9180327868852459,-0.19870929591678735,1.3038788517963555,1.0986122886681098,0.7124991909288434,0.02949561403508772,-0.06885280485721476,-0.04140666120038533,1.4999999999999973,0.916290731874154,15.0,0,1
2021-06-01,BB,8.726190476190474,11.0,8.0,3.0,103.19953974987189,57.20764883151872,45.99189091835316,4.586727777777778,52.50306749412424,3.8125,43.015788755564,42.14285714285714,4.0,0.25,12.0,2.0,0.0,155,0.5256277398817646,0.5087529229430445,0.4369031377899046,0.41682151741977513,0.45839017735334253,0.028649386084583908,0.7272727272727273,0.2727272727272727,1.3751705320600276,0.22919508867667127,0.0,6.555856073461901,5.270557758719872,8.726190476190474,2.2748222960166893,0.05629800307219661,4.646307712321718,80.0,0.10907738095238093,0.9836065573770492,0.14309844396497723,2.4883525341649078,0.3170776893143732,1.6387006497769572,0.04504229323308269,0.3669928963106984,0.32100166651424444,15.25,2.7880929087757464,12.0,0,1
2021-06-01,BNGO,2.0,2.0,1.0,1.0,15.265483695747346,8.160518247477505,7.1049654482698426,0.676,5.249538809048149,-0.5,-4.703775270631944,6.0,0.0,1.0,0.0,0.0,0.0,155,0.338,0.3438829003833376,-0.25,-0.30813142671282145,0.0,0.5,0.5,0.5,0.0,0.0,0.0,4.080259123738752,3.5524827241349213,2.0,1.0986122886681098,0.012903225806451613,2.7890452979244116,80.0,0.025,0.9016393442622951,-0.04452929591678734,3.0056270918473103,1.0986122886681098,0.9540937007733016,0.025,0.21552333333333334,-0.37923076923076926,1.0,0.6931471805599453,4.0,0,1
2021-06-01,GME,6.476190476190476,13.0,4.0,1.0,75.9496869206643,39.47328212937298,36.47640479129132,0.8201861111111111,10.658410558206146,0.6546957671957672,11.508486498124187,51.97619047619048,1.6666666666666667,1.75,0.0,0.0,0.0,155,0.12664638480392157,0.14033514804794037,0.10109272875816992,0.15152776745670785,0.2573529411764706,0.2702205882352941,0.3076923076923077,0.07692307692307693,0.0,0.0,0.0,6.095139152329652,5.632386033949396,6.476190476190476,2.011723367624885,0.041781874039938556,4.34315179166926,80.0,0.08095238095238096,0.9672131147540983,-0.25588291111286576,0.5380479409441905,-0.01422948910396471,0.3994318668000407,0.011654135338345875,-0.1461564154588599,-0.11366314971232076,37.416666666666664,3.6484913932086482,19.0,0,1
2021-06-01,SPCE,3.392857142857143,5.0,3.0,2.0,34.871090148059196,19.541580257617834,15.329509890441358,1.9909250000000003,20.633518513379286,1.0,10.888218381305554,4.142857142857142,2.0,1.0,1.0,0.0,0.0,155,0.5867989473684212,0.5917084446104612,0.2947368421052632,0.3122419842647665,0.5894736842105264,0.2947368421052632,0.6,0.4,0.2947368421052632,0.0,0.0,5.759623654876836,4.518171336130084,3.392857142857143,1.4799798451972135,0.021889400921658985,3.57993168272049,80.0,0.04241071428571429,0.9508196721311475,0.20426965145163384,0.8012816255460321,-0.9623671901719908,0.7891226140700199,-0.0681156015037594,0.42009871923544306,0.23291220840562948,43.0,3.784189633918261,10.0,0,1
2021-06-01,SPY,3.283333333333333,6.0,2.0,1.0,22.216859277687426,11.461628290971598,10.755230986715828,1.3533994444444444,9.47838253732406,-0.3488400488400488,0.9113966105404029,38.1,1.2,1.0,0.0,0.0,0.0,155,0.41220287648054144,0.4266301739077619,-0.10624570015432959,0.041022747596719304,0.36548223350253806,0.30456852791878175,0.3333333333333333,0.16666666666666666,0.0,0.0,0.0,3.4908512561334817,3.2757048690505064,3.283333333333333,1.454731522673119,0.02118279569892473,3.14487870776252,80.0,0.041041666666666664,0.9344262295081968,0.029673580563754076,0.9610767380303588,0.4739022696613927,0.5106436834093293,0.023497807017543854,0.22862453730505153,-0.16137818903154338,13.666666666666666,2.6855773452501515,19.0,0,1
2021-06-10,AMC,7.741666666666666,17.0,4.0,3.0,71.81026926635734,39.725422370910984,32.084846895446354,4.003048611111112,37.08994214424111,2.989729810419466,25.80888976616828,56.71666666666666,4.866666666666667,1.7916666666666665,4.866666666666666,0.0,1.3333333333333333,197,0.5170783997129531,0.5164991375630102,0.3861868431112335,0.35940388512454147,0.628632938643703,0.23143164693218513,0.23529411764705882,0.17647058823529413,0.6286329386437028,0.0,0.1722282023681378,5.1313785624427535,4.14443662804474,7.741666666666666,2.1681008656142513,0.039297800338409475,4.287857006605486,130.0,0.059551282051282045,0.8909090909090909,0.03764406609092008,0.7515486862804266,-0.9807611586328906,0.6297722914776209,-0.21931776556776558,0.1807694096431573,0.22174527685404738,73.80952380952381,4.314945200532198,20.0,0,3
2021-06-10,BB,6.0249999999999995,16.0,7.0,2.0,70.26668161598438,37.560987057962116,32.705694558022266,1.2919880555555556,15.014002206234302,0.4236768950004245,1.6753528579297206,37.575,0.9,0.375,2.2,0.0,1.3333333333333333,197,0.21443785154449058,0.21367171269432614,0.07031981659758084,0.023842777535528426,0.14937759336099588,0.062240663900414946,0.4375,0.125,0.36514522821576767,0.0,0.22130013831258646,6.234188723313215,5.428331046974651,6.0249999999999995,1.9494752152198094,0.03058375634517766,4.266428919688731,130.0,0.04634615384615384,0.8727272727272727,-0.26499648207754245,1.6373238910609154,-0.3253470807968799,1.23426981320724,-0.06273122710622708,0.010431620979336198,-0.06742681156757456,22.64285714285714,3.163061045761804,12.0,0,3
2021-06-10,CLF,18.708333333333336,23.0,20.0,11.0,164.05999601258887,95.86320409690242,68.19679191568646,11.116137499999999,100.14289815916449,5.084126984126984,37.80822267565634,47.875,8.0,1.875,17.0,0.0,0.0,197,0.5941810690423162,0.6104041240588607,0.271757344363135,0.2304536364413613,0.4276169265033407,0.10022271714922047,0.8695652173913043,0.4782608695652174,0.908685968819599,0.0,0.0,5.124091087584984,3.6452628195467147,18.708333333333336,2.9810415581439873,0.09496615905245348,5.1063090200071946,130.0,0.14391025641025643,1.0,0.11474673542028313,8.0,2.9810415581439873,2.816249714843771,0.14391025641025643,0.46397440237564946,0.1750906776964683,0.0,0.0,6.0,0,3
2021-06-10,CLNE,11.416666666666666,17.0,13.0,3.0,106.10468159314195,59.64735936549986,46.457322227642095,5.1011805555555565,46.66482922310455,5.803571428571429,50.15945424022758,20.125,7.0,1.25,13.0,0.0,0.0,197,0.44681873479318746,0.43979990818916626,0.5083420229405632,0.47273554274036506,0.6131386861313869,0.10948905109489052,0.7647058823529411,0.17647058823529413,1.1386861313868615,0.0,0.0,5.224586221795608,4.069254501691279,11.416666666666666,2.519039656157459,0.05795262267343485,4.673806688852612,130.0,0.08782051282051281,0.9272727272727272,-0.03261559882884557,8.0,2.1135745480492947,2.460659398149706,0.08157051282051281,0.42914415145985413,0.5066263366660534,0.5,0.4054651081081644,2.0,0,3
2021-06-10,CLOV,13.741666666666665,27.0,19.0,6.0,140.63993804283137,72.7021348774984,67.93780316533298,2.978940277777778,30.154759603169904,3.17901552470518,24.60691493451265,72.00833333333333,6.033333333333333,2.375,11.366666666666667,0.5,1.3333333333333333,197,0.21678158479886803,0.214411070019004,0.23134133593973416,0.17496392046915368,0.4390539721043057,0.17283201940570045,0.7037037037037037,0.2222222222222222,0.8271679805942996,0.036385688295936934,0.09702850212249849,5.290634436203644,4.943927458969047,13.741666666666665,2.6906779513777392,0.06975465313028764,4.953288189816549,130.0,0.1057051282051282,0.9636363636363636,-0.262652748823165,3.2377026864161906,2.2852128432695746,1.9993127313584147,0.0994551282051282,-0.022741329548410405,-0.033312463997018704,2.5,1.252762968495368,13.0,0,3
2021-06-10,GME,14.108333333333336,25.0,7.0,1.0,122.58740642592383,63.10427538112559,59.48313104479825,6.24794361111111,57.74173391096032,3.204171496184682,27.33325009374909,73.575,6.066666666666666,2.0416666666666665,11.366666666666667,2.5,0.0,197,0.4428548336286669,0.4710250065193446,0.2271119784655415,0.22296947860028196,0.43000590667454214,0.1447135262847017,0.28,0.04,0.8056704075605433,0.17720023626698164,0.0,4.472837002796851,4.2161699500152325,14.108333333333336,2.7152464679728054,0.07161590524534689,4.816948650074578,130.0,0.10852564102564105,0.9818181818181818,-0.03657949999336613,1.434251897148339,0.7035231003479203,1.0572994132001223,0.027573260073260095,0.17581471412568933,0.03230146355714228,33.30952380952381,3.535422977716154,19.0,0,3
2021-06-10,INO,2.0,2.0,2.0,1.0,13.633964700237993,7.43955930913332,6.194405391104672,1.6003333333333334,10.544494416070611,1.5,9.536022004580595,8.0,2.0,0.0,2.0,2.0,0.0,197,0.8001666666666667,0.7733989817273436,0.75,0.6994313256813798,1.0,0.0,1.0,0.5,1.0,1.0,0.0,3.71977965456666,3.097202695552336,2.0,1.0986122886681098,0.01015228426395939,2.683345176284403,130.0,0.015384615384615385,0.8090909090909091,0.32073233304463367,1.6024851346615063,1.0986122886681098,0.839488011116964,0.015384615384615385,0.701022212009804,0.7058823529411764,0.0,0.0,5.0,0,3
2021-06-10,RKT,3.625,5.0,4.0,1.0,26.21894968626815,13.359415024532108,12.859534661736042,0.6959625000000002,6.111745664568877,2.4583333333333335,15.3102640476392,3.25,2.5,0.125,0.5,0.0,0.0,197,0.19198965517241384,0.2331041379498824,0.67816091954023,0.5839388774470153,0.6896551724137931,0.034482758620689655,0.8,0.2,0.13793103448275862,0.0,0.0,3.6853558688364436,3.5474578377202874,3.625,1.5314763709643886,0.018401015228426396,3.3039134103755563,130.0,0.027884615384615386,0.8545454545454545,-0.2874446784496192,0.6660647392036707,0.8383291904044433,0.5855197748603909,0.015384615384615385,-0.08797675374233244,0.49154579627034245,4.75,1.749199854809259,16.0,0,3
2021-06-10,SENS,2.0,2.0,2.0,2.0,16.44084559467059,9.584383610076006,6.856461984594587,0.8052666666666667,6.548564254292942,1.0,8.700181192753352,1.0,1.0,0.0,1.0,0.0,0.0,197,0.40263333333333334,0.39831067183160596,0.5,0.5291808832249828,0.5,0.0,1.0,1.0,0.5,0.0,0.0,4.792191805038003,3.4282309922972933,2.0,1.0986122886681098,0.01015228426395939,2.8588149032383754,130.0,0.015384615384615385,0.8090909090909091,-0.07680100028869968,6.864560989051151,1.0986122886681098,1.0639549296401125,0.015384615384615385,0.3880016666666667,0.5,0.0,0.0,1.0,0,3
2021-06-10,UWMC,11.75,14.0,13.0,2.0,111.28273333640419,66.21567366716334,45.06705966924085,6.1011500000000005,55.280547152340624,4.369047619047619,41.09283935882436,16.125,5.5,1.25,7.5,0.0,0.0,197,0.5192468085106383,0.4967576325181488,0.37183383991894625,0.3692651872110474,0.46808510638297873,0.10638297872340426,0.9285714285714286,0.14285714285714285,0.6382978723404256,0.0,0.0,5.635376482311774,3.8354944399353914,11.75,2.545531271604435,0.05964467005076142,4.721020095126873,130.0,0.09038461538461538,0.9454545454545454,0.03981247488860529,2.2610177009942927,2.545531271604435,1.6188536401351574,0.09038461538461538,0.16180011692690532,0.1943636986414285,3.2499999999999964,1.4469189829363247,16.0,0,3
2021-06-10,WISH,9.2,11.0,10.0,10.0,90.32101922513044,49.35847396127446,40.96254526385596,6.479733333333334,64.0973075797553,4.414285714285715,43.984539930619455,15.3,5.7,1.0,5.2,1.0,0.0,197,0.7043188405797103,0.7096610305070739,0.47981366459627334,0.48698011058738616,0.6195652173913044,0.10869565217391305,0.9090909090909091,0.9090909090909091,0.5652173913043479,0.10869565217391305,0.0,5.3650515175298334,4.452450572158257,9.2,2.322387720290225,0.046700507614213196,4.514380982627896,130.0,0.07076923076923076,0.9090909090909091,0.22488450695767725,8.0,1.9169226121820608,2.221642569263112,0.06451923076923076,0.5728738405797102,0.5489639913936589,0.75,0.5596157879354227,5.0,0,3
2021-06-10,WKHS,3.125,4.0,2.0,0.0,27.235983061030975,15.597452477986987,11.638530583043984,1.8600375000000002,14.809645190112388,1.021825396825397,6.1730599380812885,23.875,2.0,1.125,3.0,0.0,0.0,197,0.5952120000000001,0.5437529152858781,0.32698412698412704,0.2266508950401593,0.64,0.36,0.5,0.0,0.96,0.0,0.0,4.991184792955836,3.7243297865740748,3.125,1.4170660197866443,0.015862944162436547,3.3405971596262236,130.0,0.02403846153846154,0.8363636363636363,0.11577766637796705,8.0,1.4170660197866443,1.4034693340124622,0.02403846153846154,0.6101436666666668,0.35823412698412704,0.0,0.0,2.0,0,3
2021-06-11,AMC,20.417857142857134,33.0,20.0,3.0,180.78272512418047,95.85769363092807,84.92503149325245,7.510938571428571,68.81955324876438,1.5638188608776844,11.009599144469497,64.8952380952381,6.366666666666666,2.9261904761904765,3.8666666666666667,0.5333333333333333,0.0,366,0.367861255903446,0.38067549430672604,0.07659074357980616,0.0608996193464113,0.3118185528540611,0.14331525858550528,0.6060606060606061,0.09090909090909091,0.1893767127281209,0.026120925893533917,0.0,4.694796959359781,4.159350851514902,20.417857142857134,3.0642250199992596,0.05578649492583916,5.202812155909427,206.0,0.09911581137309289,1.0,-0.0550524462870684,1.8178023489308148,0.8961241543850083,1.4266074804216142,0.03956452932181084,0.022311679181335864,-0.08573159340437023,80.05119047619047,4.3950809362439625,20.0,0,4
2021-06-11,AMD,3.7,5.0,3.0,1.0,27.410231282329995,14.517722121482716,12.892509160847275,2.5889133333333336,19.21086699534441,0.9217948717948717,6.159802660360246,28.7,1.2,1.0,0.0,0.0,0.5,366,0.6997063063063064,0.7008648266214629,0.2491337491337491,0.22472640222963614,0.3243243243243243,0.27027027027027023,0.6,0.2,0.0,0.0,0.13513513513513511,3.923708681481815,3.4844619353641284,3.7,1.547562508716013,0.010109289617486339,3.3467493367104675,206.0,0.01796116504854369,0.8735632183908046,0.276792604115792,1.8669843243332411,1.547562508716013,1.0419560901774856,0.01796116504854369,0.4631908347824249,0.007727087933363769,2.6666666666666643,1.2992829841302602,14.0,0,4
2021-06-11,ASO,2.5,3.0,3.0,3.0,19.755098390815043,10.401792749132373,9.35330564168267,0.6298,5.289616573124615,1.2692307692307692,9.704311386225097,7.5,1.5,0.0,0.0,0.0,0.0,366,0.25192000000000003,0.26775956608669566,0.5076923076923077,0.49123072911330223,0.6,0.0,1.0,1.0,0.0,0.0,0.0,4.160717099652949,3.741322256673068,2.5,1.252762968495368,0.006830601092896175,3.0327919220774824,206.0,0.012135922330097087,0.7988505747126436,-0.17099370219051435,2.1986677503172563,0.5596157879354228,0.9154544874620001,0.0044436146377893945,0.0036468182447397524,0.3567791596228668,3.0,1.3862943611198906,9.0,0,4
2021-06-11,BABA,3.5,4.0,2.0,1.0,24.816720432747566,12.649579009704654,12.16714142304291,1.6533166666666665,14.161715043454759,2.5,19.692756453344305,6.0,2.5,0.0,0.0,0.0,0.0,366,0.47237619047619045,0.5706521569533132,0.7142857142857143,0.7935277550758965,0.7142857142857143,0.0,0.5,0.25,0.0,0.0,0.0,3.614165431344187,3.4763261208694027,3.5,1.5040773967762742,0.009562841530054645,3.251022360803867,206.0,0.01699029126213592,0.8620689655172413,0.049462488285676065,2.434578434473348,1.5040773967762742,1.1982780603569034,0.01699029126213592,0.3339548028896331,0.7132513977575021,0.0,0.0,7.0,0,4
2021-06-11,BB,16.608333333333334,24.0,19.0,6.0,185.4697626549111,103.46850747037236,82.00125518453878,9.845126666666667,107.00401134785112,10.38888888888889,119.29823887594304,43.383333333333326,12.033333333333333,0.5333333333333333,15.2,3.2,0.0,366,0.5927823381836428,0.5769350745703223,0.6255226626526175,0.6432220388285708,0.7245358755644756,0.032112393376818864,0.7916666666666666,0.25,0.9152032112393376,0.1926743602609132,0.0,6.229915151251722,4.9373560572727815,16.608333333333334,2.8683722748340106,0.045377959927140256,5.2282690954026245,206.0,0.08062297734627832,0.9770114942528736,0.1698686359931284,2.628767842793834,0.9188970596142012,2.055693112060451,0.03427682350012448,0.37805421504126385,0.484260043657583,28.66785714285714,3.390064208669822,13.0,0,4
2021-06-11,CLF,18.392857142857142,25.0,20.0,10.0,159.12737570205826,87.74623318425422,71.38114251780401,8.962035515873014,82.10816496299006,8.449603174603174,81.3669581916863,56.636904761904766,11.791666666666668,2.476190476190476,15.458333333333334,2.3333333333333335,0.0,366,0.48725629989212504,0.5159901908815808,0.45939590075512404,0.5113322445789185,0.6411003236245956,0.13462783171521034,0.8,0.4,0.840453074433657,0.12686084142394824,0.0,4.770668988658482,3.880916486404878,18.392857142857142,2.9649048097587314,0.05025370804059329,5.07596959665365,206.0,0.08928571428571429,0.9885057471264368,0.06434259770161066,3.8841419554388157,-0.016136748385255917,2.6510608885513154,-0.05462454212454214,0.3273405797733426,0.3491413668703006,18.708333333333336,2.9810415581439873,7.0,0,4
2021-06-11,CLNE,13.667857142857143,18.0,16.0,6.0,123.44529740121027,67.9344010564791,55.51089634473116,4.742817738095238,50.072893198558425,5.605158730158731,56.7753834446154,25.353571428571428,6.825,0.34285714285714286,3.325,0.2,0.0,366,0.34700521731556483,0.4056281952630097,0.4100978428127632,0.4599234206556237,0.4993467467990593,0.025084922916122288,0.8888888888888888,0.3333333333333333,0.24327149203031095,0.014632871701071337,0.0,4.970376873742919,4.061419121119604,13.667857142857143,2.685658510787309,0.03734387197501952,4.8238662410463,206.0,0.0663488210818308,0.9655172413793104,-0.07590848487494956,4.306016574890624,0.16661885462985015,2.501326269971683,-0.02147169173868202,0.30698969724257213,0.3829650553912252,11.916666666666666,2.5585184671312464,3.0,0,4
2021-06-11,CLOV,12.001190476190475,20.0,16.0,9.0,115.09856890318912,60.79031678406669,54.308252119122436,6.909321904761905,63.17647772472126,4.0246031746031745,33.657703878098374,18.728571428571424,5.866666666666666,1.5928571428571427,4.533333333333333,3.5333333333333337,0.0,366,0.5757197103461958,0.5488902105973168,0.3353503290017525,0.29242504228187494,0.4888403928181728,0.1327249280825315,0.8,0.45,0.3777403035413154,0.2944152365836723,0.0,5.065357216408692,4.52523874417844,12.001190476190475,2.565040928360369,0.03279013791308873,4.754439562212622,206.0,0.058258206195099395,0.9425287356321839,0.15280600815568146,2.372593001052169,-0.12563702301737045,1.7972993512624413,-0.04744692201002881,0.33338847433473157,0.07244115057970124,14.241666666666665,2.7240329056088197,13.0,0,4
2021-06-11,GME,10.65,21.0,10.0,4.0,81.98127240287566,43.847767747490224,38.13350465538542,3.2489475000000008,26.758359198756217,0.6560457516339868,7.184453601866039,53.09166666666667,3.9916666666666667,1.45,8.991666666666667,0.5333333333333333,0.0,366,0.30506549295774654,0.3263959977012703,0.06160054005952928,0.08763530244517198,0.37480438184663534,0.13615023474178403,0.47619047619047616,0.19047619047619047,0.8442879499217527,0.05007824726134585,0.0,4.117161290844153,3.5806107657638893,10.65,2.4553061800117097,0.029098360655737707,4.418614948637192,206.0,0.051699029126213596,0.9310344827586207,-0.11784820923276784,0.9459894378010381,-0.2599402879610957,0.7270134428228952,-0.056826611899427455,0.030118804612841887,-0.14297827218484543,46.917857142857144,3.869488235421222,19.0,0,4
2021-06-11,MVIS,3.0,3.0,3.0,1.0,24.060831639674554,12.86419350416644,11.196638135508113,0.34,2.0012753706930533,0.0,0.0,0.0,0.0,0.0,0.0,0.0,0.0,366,0.11333333333333334,0.08317565247383621,0.0,0.0,0.0,0.0,1.0,0.3333333333333333,0.0,0.0,0.0,4.2880645013888135,3.7322127118360378,3.0,1.3862943611198906,0.00819672131147541,3.2213061348580054,206.0,0.014563106796116505,0.8275862068965517,-0.30958036885718104,2.398504026076273,1.3862943611198906,0.9823663105281026,0.014563106796116505,-0.0951218976054696,-0.07876343871567817,3.9999999999999996,1.6094379124341003,12.0,0,4
2021-06-11,RKT,4.366666666666666,7.0,7.0,1.0,31.93957305822326,16.33229461082978,15.607278447393478,1.012938888888889,13.039859413606463,1.1647075147075148,9.540766137550332,26.566666666666666,1.8333333333333333,0.3333333333333333,0.3333333333333333,0.0,0.0,366,0.23197073791348607,0.40826655352705726,0.26672691176507973,0.2987130141081813,0.41984732824427484,0.07633587786259542,1.0,0.14285714285714285,0.07633587786259542,0.0,0.0,3.740220139884683,3.5741859039832393,4.366666666666666,1.6802069833223074,0.011930783242258651,3.494674763470089,206.0,0.021197411003236244,0.8850574712643678,-0.1909429642770283,0.812655147411466,0.14873061235791885,0.7203147170948587,-0.006687204381379142,-0.0303521537598809,0.04620374251818071,8.375,2.2380465718564744,16.0,0,4
2021-06-11,SAVA,2.0,2.0,2.0,1.0,12.883090444160237,5.703782474656202,7.179307969504034,0.09483333333333333,-1.625240580352201,0.0,0.0,4.0,0.0,0.0,0.0,0.0,0.0,366,0.04741666666666666,-0.12615300555379588,0.0,0.0,0.0,0.0,1.0,0.5,0.0,0.0,0.0,2.851891237328101,3.589653984752017,2.0,1.0986122886681098,0.00546448087431694,2.630671584773232,206.0,0.009708737864077669,0.7816091954022989,-0.3754970355238477,0.0,1.0986122886681098,1.0986122886681098,0.009708737864077669,0.04741666666666666,0.0,0.0,0.0,0.0,1,4
2021-06-11,SENS,3.333333333333333,4.0,4.0,2.0,29.491421324203863,16.481334615377257,13.010086708826606,1.4944444444444445,13.082960221318254,1.8888888888888888,16.27267878287091,5.0,2.0,0.3333333333333333,3.0,0.0,0.0,366,0.44833333333333336,0.4436191825919545,0.5666666666666667,0.551776688006413,0.6000000000000001,0.1,1.0,0.5,0.9000000000000001,0.0,0.0,4.944400384613178,3.903026012647982,3.333333333333333,1.466337068793427,0.009107468123861566,3.417445375991197,206.0,0.016181229773462782,0.8505747126436781,0.025419631142818977,4.856561362044572,0.3677247801253172,1.3767490953320243,0.0007966143888473963,0.41357000000000005,0.5416666666666666,2.0,1.0986122886681098,2.0,0,4
2021-06-11,SKLZ,2.5,3.0,3.0,2.0,13.743375571841643,6.945435158866714,6.79794041297493,1.3472,7.922981054338943,2.0,11.767753712550931,2.0,2.0,0.0,2.0,0.0,0.0,366,0.53888,0.5764945455301449,0.8,0.8562491544407402,0.8,0.0,1.0,0.6666666666666666,0.8,0.0,0.0,2.7781740635466856,2.719176165189972,2.5,1.252762968495368,0.006830601092896175,2.690793868130584,206.0,0.012135922330097087,0.7988505747126436,0.11596629780948564,2.9519787070219623,1.0296194171811583,1.0512726664411416,0.010212845407020164,0.38349222222222223,0.7064814814814815,0.25,0.22314355131420976,6.0,0,4
2021-06-11,SPY,6.033333333333333,8.0,4.0,3.0,28.5478019005745,11.391006885032207,17.156795015542293,1.3644666666666667,8.015352421222204,-0.02908855850032327,4.6371853627642805,35.9,1.5,1.0,6.333333333333333,0.0,0.0,366,0.2261546961325967,0.28076951245275744,-0.004821308038727614,0.16243581130745346,0.24861878453038674,0.16574585635359115,0.5,0.375,1.0497237569060773,0.0,0.0,1.8880121908893162,2.843667682134082,6.033333333333333,1.9506607518139112,0.016484517304189435,3.3860093553179884,206.0,0.029288025889967637,0.896551724137931,-0.19675900605791768,1.8922414738906759,1.2575135712539658,0.9338363364164657,0.021595718197659944,-0.010965453533586966,-0.05464151190822494,8.950000000000001,2.2975725511705014,20.0,0,4
2021-06-11,UWMC,13.408333333333333,17.0,14.0,4.0,117.73957369977514,69.66153959944533,48.0780341003298,6.4675361111111105,54.26604455592986,2.5214285714285714,22.25138493191846,15.316666666666666,3.0,0.3333333333333333,2.0,0.0,0.0,366,0.4823519784545266,0.4608989386550964,0.18804936517801651,0.18898815608639286,0.22374145431945308,0.02486016159105034,0.8235294117647058,0.23529411764705882,0.14916096954630206,0.0,0.0,5.19539139337069,3.5856830901426826,13.408333333333333,2.6678067429012446,0.03663479052823315,4.776932638637121,206.0,0.06508899676375404,0.9540229885057471,0.05943827626401221,2.0688158502430736,0.12227547129680971,1.659667084445453,-0.02529561862086134,0.12313794644526166,-0.008012468095448588,14.999999999999996,2.772588722239781,16.0,0,4
2021-06-11,WEN,3.125,4.0,2.0,2.0,19.392393532604085,8.629012466606133,10.763381065997955,0.3085000000000001,3.1171250559170898,0.6507936507936507,4.106213619708879,39.25,2.0,0.0,0.0,0.0,0.0,366,0.09872000000000003,0.16073957300197744,0.20825396825396822,0.21174351751913323,0.64,0.0,0.5,0.5,0.0,0.0,0.0,2.7612839893139625,3.4442819411193453,3.125,1.4170660197866443,0.00853825136612022,3.0151619652695216,206.0,0.01516990291262136,0.8390804597701149,-0.32419370219051435,0.0,1.4170660197866443,1.4170660197866443,0.01516990291262136,0.09872000000000003,0.20825396825396822,0.0,0.0,0.0,1,4
2021-06-11,WISH,7.25,8.0,8.0,8.0,74.9560600239406,41.815576156012156,33.140483867928445,5.554341666666667,58.26913350221812,2.127272727272727,23.569507713373795,28.0,3.0,2.0,7.0,0.0,0.0,366,0.766116091954023,0.7773772191815744,0.2934169278996865,0.31444432519326404,0.41379310344827586,0.27586206896551724,1.0,1.0,0.9655172413793104,0.0,0.0,5.7676656766913315,4.571101223162544,7.25,2.1102132003465894,0.01980874316939891,4.330155015509061,206.0,0.03519417475728155,0.9080459770114943,0.3432023897635086,3.553236430699738,-0.2121745199436358,1.893348663304965,-0.03557505601194921,0.5994551499250375,0.33857657146725845,9.95,2.3933394562625097,6.0,0,4
2021-06-11,WKHS,8.125,11.0,10.0,3.0,81.94044597532448,47.33582943817035,34.60461653715413,4.276566666666667,42.57849139275471,3.533333333333333,33.27084113430808,19.25,5.0,0.5,2.0,0.0,0.0,366,0.5263466666666666,0.5196272840103504,0.43487179487179484,0.4060368568695275,0.6153846153846154,0.06153846153846154,0.9090909090909091,0.2727272727272727,0.24615384615384617,0.0,0.0,5.8259482385440435,4.259029727649739,8.125,2.211017899468555,0.02219945355191257,4.418122831887508,206.0,0.03944174757281554,0.9195402298850575,0.10343296447615224,6.719362360563673,0.7939518796819109,2.126567912705041,0.015403286034353997,0.5115177333333333,0.4497725885225885,3.125,1.4170660197866443,3.0,0,4
2021-06-11,XL,2.833333333333333,4.0,1.0,1.0,14.189206018243253,6.087779372922427,8.101426645320826,0.8537944444444445,3.726096782644136,2.263888888888889,8.287846359347503,7.0,2.5,0.3333333333333333,0.0,0.0,0.0,366,0.3013392156862746,0.2626007951293006,0.7990196078431373,0.5840951458941189,0.8823529411764707,0.11764705882352942,0.25,0.25,0.0,0.0,0.0,2.1486280139726217,2.8593270512897035,2.833333333333333,1.3437347467010947,0.007741347905282331,2.720585045211487,206.0,0.013754045307443364,0.8160919540229885,-0.1215744865042398,4.706608191787117,0.6505875661411494,1.2363130260427553,0.006061737615135671,0.2749304656862746,0.8052696078431373,1.0,0.6931471805599453,3.0,0,4
2021-06-14,AMC,14.691666666666668,27.0,13.0,3.0,122.95743604242253,62.857041266913335,60.100394775509194,5.239207222222221,41.556069196960074,2.12281746031746,22.654166959309123,48.016666666666666,5.083333333333333,2.1166666666666667,9.333333333333332,0.0,0.0,258,0.3566108148988465,0.337971175510056,0.14449126218836936,0.18424397652121688,0.3460011344299489,0.14407260351673282,0.48148148148148145,0.1111111111111111,0.6352807714123652,0.0,0.0,4.278414606936812,4.090781266625696,14.691666666666668,2.7531297858751067,0.05694444444444445,4.819938248956221,149.0,0.09860178970917227,1.0,-0.10377794205918756,1.2236363278036844,-0.31109523412415285,0.9999895854163174,-0.0005140216639206163,0.03739632352971223,-0.02166061197479735,92.46904761904761,4.537630339980794,20.0,0,0
2021-06-14,ASO,4.25,5.0,5.0,2.0,25.96019503055183,14.484927880688659,11.475267149863171,1.177633333333333,7.27488203532277,0.0625,0.5024473369045773,2.0,0.25,0.0,0.0,0.0,0.0,258,0.27709019607843133,0.2802321795641814,0.014705882352941176,0.01935452858937543,0.058823529411764705,0.0,1.0,0.4,0.0,0.0,0.0,3.40821832486792,2.7000628587913345,4.25,1.6582280766035324,0.016472868217054265,3.294361520088854,149.0,0.028523489932885907,0.8666666666666667,-0.18329856087960272,2.7632715170670665,0.4054651081081644,1.258281447145396,0.016387567602788818,0.01622101432317108,-0.16159188110111503,4.5,1.7047480922384253,10.0,0,0
2021-06-14,BB,5.441666666666666,13.0,6.0,1.0,53.0036360726842,28.760555599868127,24.243080472816064,2.6926055555555553,27.62270520478792,3.5457298136645963,37.514401940104705,21.866666666666667,4.416666666666666,0.3666666666666667,3.0,0.0,0.0,258,0.4948126595201633,0.5211473636810263,0.6515889397239687,0.7077703478429477,0.8116385911179173,0.06738131699846861,0.46153846153846156,0.07692307692307693,0.5513016845329249,0.0,0.0,5.285247583436716,4.455083700976918,5.441666666666666,1.8627873058053759,0.02109173126614987,3.989051378976734,149.0,0.03652125279642058,0.88,0.03442390256212924,1.0282566737845746,-1.0055849690286347,0.9066895292901157,-0.044101724549857745,0.2504454194686022,0.47905018759630336,41.77619047619048,3.755981650511738,14.0,0,0
2021-06-14,BNGO,2.0,2.0,2.0,0.0,16.737458499295183,9.293209849798478,7.444248649496706,1.0705666666666667,10.02706827162395,1.0,11.102668896125934,2.0,1.0,0.0,0.0,0.0,0.0,258,0.5352833333333333,0.5990795001550678,0.5,0.6633425795555202,0.5,0.0,1.0,0.0,0.0,0.0,0.0,4.646604924899239,3.722124324748353,2.0,1.0986122886681098,0.007751937984496124,2.87567870276786,149.0,0.013422818791946308,0.7866666666666666,0.07489457637529928,2.2038907412140065,0.4054651081081645,0.8645057273118988,0.008568449859907474,0.39590666666666663,0.38326923076923075,3.0,1.3862943611198906,6.0,0,0
2021-06-14,CLF,14.241666666666667,20.0,16.0,12.0,125.98606194373029,70.83710792120792,55.14895402252236,8.083928888888888,72.86015716160746,6.655555555555555,58.07576512050932,33.33333333333333,8.166666666666666,1.0,15.0,3.0,0.0,258,0.5676251999219816,0.5783191889444828,0.4673298225082894,0.4609697630397238,0.5734347571679344,0.07021650087770626,0.8,0.6,1.0532475131655938,0.21064950263311877,0.0,4.973933850523669,3.8723665785270236,14.241666666666667,2.7240329056088197,0.05520025839793282,4.8440773319612225,149.0,0.09558165548098434,0.9866666666666667,0.10723644296394752,2.5172562564997856,-0.24087190414991166,2.2619437439134673,0.0062959411952700495,0.38334666480859286,0.3341054935857098,37.10119047619048,3.6402455277387444,8.0,0,0
2021-06-14,CLNE,6.575,10.0,8.0,3.0,59.82483756892286,34.19629750449024,25.628540064432627,3.2983066666666665,30.906449230874657,3.0714285714285716,28.379379957162257,27.5,4.0,0.0,6.0,0.0,0.0,258,0.5016435994930291,0.516615681492959,0.46713742531233027,0.47437454258805145,0.6083650190114068,0.0,0.8,0.3,0.9125475285171103,0.0,0.0,5.200957795359732,3.897876815883289,6.575,2.024853351395433,0.02548449612403101,4.107998218200305,149.0,0.044127516778523494,0.8933333333333333,0.04125484253499501,2.1229331799314766,-0.660805159391876,1.7062381850404416,-0.0222213043033073,0.44427781855425813,0.41949974575015414,25.58452380952381,3.280329234797528,4.0,0,0
2021-06-14,CLOV,6.766666666666667,15.0,8.0,2.0,64.44584890391465,34.937884274427724,29.50796462948693,3.7972166666666665,37.837045401280285,1.292753623188406,12.464149018331145,31.183333333333334,2.1666666666666665,0.6166666666666667,10.0,0.0,0.0,258,0.5611650246305419,0.587113771403544,0.19104733347611913,0.19340499396500357,0.32019704433497537,0.09113300492610837,0.5333333333333333,0.13333333333333333,1.477832512315271,0.0,0.0,5.163234129225772,4.360782950170482,6.766666666666667,2.049841071903545,0.02622739018087855,4.181223066416561,149.0,0.04541387024608501,0.9066666666666666,0.1007762676725078,1.441444383485525,-0.5151998564568236,1.2231621664435939,-0.012844335949014386,0.3122111364351012,-0.08624840901506736,26.24285714285714,3.30479136355106,13.0,0,0
2021-06-14,CRSR,3.0,4.0,4.0,3.0,24.565388175602088,13.625173874309672,10.940214301292418,1.5128666666666666,12.207918588897147,-0.5909090909090908,-2.2233897244092207,11.5,0.5,1.0,1.5,0.0,0.0,258,0.5042888888888889,0.4969560627998477,-0.19696969696969693,-0.09050904095289047,0.16666666666666666,0.3333333333333333,1.0,0.75,0.5,0.0,0.0,4.54172462476989,3.646738100430806,3.0,1.3862943611198906,0.011627906976744186,3.2412394122853407,149.0,0.020134228187919462,0.8333333333333334,0.04390013193085485,2.9291181473124137,0.8898574748059995,1.1683108747412603,0.017013562445894498,0.3751048428260193,-0.2435671851713268,1.6428571428571428,0.9718605830289658,6.0,0,0
2021-06-14,GME,8.941666666666668,19.0,7.0,1.0,74.10053301650248,38.90574564910623,35.19478736739628,4.6729127777777775,33.008322642569475,1.779994160428943,18.31235005523718,48.516666666666666,3.3333333333333335,1.1166666666666667,3.333333333333333,0.0,0.0,258,0.5225997514756134,0.445453241682059,0.1990673804766758,0.24712845251948384,0.37278657968313134,0.124883504193849,0.3684210526315789,0.05263157894736842,0.37278657968313134,0.0,0.0,4.351061955165654,3.9360433216100215,8.941666666666668,2.29673467931587,0.034657622739018096,4.318827656168371,149.0,0.060011185682326634,0.96,0.06221099451757939,0.6678205835595683,-0.1585715006958397,0.4456766331264699,0.008312156556113039,0.23239978848282145,-0.008591458770675353,48.23452380952382,3.896595080865115,20.0,0,0
2021-06-14,IDEX,2.0,2.0,2.0,1.0,9.082507000466299,3.2188758248682006,5.863631175598098,0.8522333333333334,4.05544758887998,0.0,0.0,0.0,0.0,0.0,0.0,0.0,0.0,258,0.4261166666666667,0.4465119144605969,0.0,0.0,0.0,0.0,1.0,0.5,0.0,0.0,0.0,1.6094379124341003,2.931815587799049,2.0,1.0986122886681098,0.007751937984496124,2.310801942083647,149.0,0.013422818791946308,0.7866666666666666,-0.03427209029136735,5.950449954101016,0.4054651081081645,1.0436816742347044,0.008568449859907474,0.380425,0.05,1.5,0.9162907318741551,2.0,0,0
2021-06-14,PLTR,3.0,5.0,4.0,2.0,20.08276985131915,10.365651498869804,9.717118352449345,1.2729083333333333,9.319562428024389,1.2472222222222222,10.700687925918796,14.25,1.75,0.25,0.0,0.0,0.0,258,0.42430277777777775,0.4640576223808205,0.41574074074074074,0.5328292862558456,0.5833333333333334,0.08333333333333333,0.8,0.4,0.0,0.0,0.0,3.4552171662899345,3.2390394508164486,3.0,1.3862943611198906,0.011627906976744186,3.0484561121627176,149.0,0.020134228187919462,0.8333333333333334,-0.0360859791802563,0.36671525573460034,0.6931471805599453,0.2953958211201888,0.015279859255880627,0.21594336220369212,0.34772510200446993,4.575,1.7182923173461826,16.0,0,0
2021-06-14,RKT,2.0,3.0,3.0,1.0,18.011818110515065,8.458633703319896,9.553184407195172,1.5000333333333333,12.96145758323659,1.1966966966966968,11.450518703219757,27.0,2.0,0.0,16.0,0.0,0.0,258,0.7500166666666667,0.7196085094635649,0.5983483483483484,0.6357225368901039,1.0,0.0,1.0,0.3333333333333333,8.0,0.0,0.0,4.229316851659948,4.776592203597586,2.0,1.0986122886681098,0.007751937984496124,2.9450607916175837,149.0,0.013422818791946308,0.7866666666666666,0.2896279097086326,0.1836496039206261,-0.5815946946541977,0.15868175035853738,-0.0077745922112899355,0.5059473809547683,0.3882983573227192,12.491666666666667,2.602072210895589,16.0,0,0
2021-06-14,SAVA,4.166666666666667,5.0,4.0,4.0,18.461947632758,7.638155712204522,10.823791920553479,1.6427944444444444,6.851881383960031,-0.16666666666666666,-1.2780935180026494,0.3333333333333333,0.0,0.16666666666666666,0.0,0.0,0.0,258,0.39427066666666666,0.3711353493280622,-0.039999999999999994,-0.06922853121600568,0.0,0.039999999999999994,0.8,0.8,0.0,0.0,0.0,1.8331573709290852,2.5977100609328345,4.166666666666667,1.6422277352570913,0.016149870801033594,2.968461155653088,149.0,0.027964205816554812,0.8533333333333334,-0.06611809029136739,6.4614319341984014,0.5436154465889815,1.587297120823686,0.018255467952477143,0.39189983333333334,-0.039999999999999994,2.0,1.0986122886681098,1.0,0,0
2021-06-14,SENS,6.866666666666666,9.0,7.0,4.0,53.48962437320257,29.31009368184567,24.179530691356902,1.1967066666666666,10.799730821894116,0.7714285714285714,6.9912603570452285,7.666666666666666,0.6666666666666666,0.0,1.3333333333333333,0.0,0.0,258,0.17427766990291263,0.20190328401903315,0.11234396671289874,0.13070311184588793,0.0970873786407767,0.0,0.7777777777777778,0.4444444444444444,0.1941747572815534,0.0,0.0,4.268460244928981,3.5212908773820732,6.866666666666666,2.0626344233634546,0.026614987080103358,3.998010305071569,149.0,0.046085011185682326,0.92,-0.28611108705512145,4.553711335178207,0.5962973545700276,1.8997295964623806,0.029903781412219544,0.11709766990291262,0.05901063337956542,5.333333333333333,1.8458266904983307,3.0,0,0
2021-06-14,UWMC,7.208333333333333,11.0,10.0,1.0,69.49765185167058,39.77100244709104,29.72664940457953,1.549088888888889,14.439548737206447,3.3633633633633635,28.62213455745203,29.333333333333332,4.333333333333334,0.0,15.0,0.0,0.0,258,0.2149025048169557,0.20777031097431747,0.4665937613914493,0.41184318886831583,0.601156069364162,0.0,0.9090909090909091,0.09090909090909091,2.0809248554913298,0.0,0.0,5.517364501330549,4.1239282410977385,7.208333333333333,2.1051498983900427,0.027939276485788114,4.2555794021950275,149.0,0.048378076062639816,0.9466666666666667,-0.24548625214107836,1.1385457000242527,-0.5626568445112019,0.963619902789189,-0.016710920701114226,-0.1684291261150356,0.2611294598590834,28.40833333333333,3.381278080893224,17.0,0,0
2021-06-14,VIAC,2.25,3.0,2.0,1.0,12.713744625852936,6.503308749435174,6.21043587641776,0.8801249999999999,4.738928521594563,0.4756410256410256,2.6311544835467444,16.75,1.0,0.25,4.0,0.0,0.0,258,0.39116666666666666,0.3727405780951526,0.21139601139601139,0.20695354208990385,0.4444444444444444,0.1111111111111111,0.6666666666666666,0.3333333333333333,1.7777777777777777,0.0,0.0,2.8903594441934106,2.7601937228523377,2.25,1.1786549963416462,0.00872093023255814,2.6183985872692888,149.0,0.015100671140939598,0.8133333333333334,-0.06922209029136739,1.6211688523023167,0.4855078157817009,0.7805734126512034,0.010246302208900764,0.20008220619658118,-0.010377313318489817,3.0000000000000004,1.3862943611198908,9.0,0,0
2021-06-14,WISH,13.283333333333333,16.0,13.0,14.0,138.0483504171583,76.73585885903513,61.31249155812321,9.440415555555557,97.32342938767555,4.188888888888888,40.030573159246956,24.7,4.5,0.5333333333333333,6.0,0.0,0.0,258,0.7106962777080721,0.7049952360428859,0.315349226265161,0.2899750198990533,0.33877038895859474,0.04015056461731493,0.8125,0.875,0.451693851944793,0.0,0.0,5.776852611721591,4.6157459140368795,13.283333333333333,2.659093356375679,0.05148578811369509,4.934821717374498,149.0,0.08914988814317673,0.9733333333333334,0.25030752075003804,3.45127479594329,0.5488801560290897,2.336718159316725,0.05395571338589518,0.5057295310813854,0.3458380234377486,17.2,2.9014215940827497,7.0,0,0
2021-06-14,WKHS,6.991666666666666,10.0,7.0,2.0,64.31886878651036,34.810515782036425,29.50835300447394,4.368377777777778,41.53864922715064,3.6523809523809523,37.787044971634295,13.233333333333334,4.0,0.6666666666666666,4.0,0.0,0.0,258,0.624797775129122,0.6458236907901367,0.5223906010556786,0.5874954843664694,0.5721096543504172,0.09535160905840286,0.7,0.2,0.5721096543504172,0.0,0.0,4.978858037955151,4.22050340945992,6.991666666666666,2.0783993321013923,0.027099483204134366,4.179280949925826,149.0,0.04692393736017897,0.9333333333333333,0.164409018171088,3.3040192375168864,-0.13261856736716293,1.8833984503644503,0.007482189787363432,0.5836515084624554,0.5155478049628824,11.25,2.505525936990736,4.0,0,0
2021-06-15,AMC,3.325,8.0,4.0,0.0,41.26066402453945,22.3830986357765,18.877565388762953,2.2521380555555552,29.531618802446598,1.780952380952381,19.904168340327384,13.066666666666666,2.416666666666667,0.2,1.0,2.0,0.0,87,0.6773347535505428,0.7157329989862233,0.53562477622628,0.4824005820286736,0.7268170426065164,0.06015037593984962,0.5,0.0,0.3007518796992481,0.6015037593984962,0.0,6.731758988203458,5.677463274815925,3.325,1.4644121403838426,0.038218390804597706,3.743856724902597,50.0,0.0665,0.96,0.17923367493972026,-0.45453854855556614,-1.288717645491264,-0.3758045037847779,-0.03210178970917227,0.3516432928650377,0.39081976752512343,95.7440476190476,4.572068806699916,20.0,0,1
2021-06-15,BB,3.541666666666667,6.0,4.0,1.0,43.549854217828226,24.74835449589981,18.801499721928412,2.2076125,27.022426856105348,1.25,14.500840660360033,1.9166666666666667,1.4166666666666667,0.0,0.0,0.0,0.0,87,0.6233258823529412,0.6204940829639571,0.3529411764705882,0.3329710494053445,0.39999999999999997,0.0,0.6666666666666666,0.16666666666666666,0.0,0.0,0.0,6.98777068119524,5.30865874501508,3.541666666666667,1.5132940518811981,0.0407088122605364,3.796608881584376,50.0,0.07083333333333335,0.98,0.12522480374211858,0.5786212695253148,-0.34949325392417774,0.5229896598927514,0.034312080536912766,0.3741422685846312,0.14782297735672445,42.884523809523806,3.7815617251141562,14.0,0,1
2021-06-15,CLF,3.125,4.0,3.0,3.0,32.7830315232332,18.685105414660498,14.0979261085727,1.7813541666666666,18.513827963944163,0.5,5.547836282949973,8.0,1.0,1.0,4.0,0.0,0.0,87,0.5700333333333333,0.5647381313965272,0.16,0.16922889754775255,0.32,0.32,0.75,0.75,1.28,0.0,0.0,5.979233732691359,4.511336354743264,3.125,1.4170660197866443,0.035919540229885055,3.5199586504919136,50.0,0.0625,0.92,0.07193225472251069,0.8140328359895975,-1.3069668858221755,0.8390484682162591,-0.03308165548098434,0.36946853822384546,7.584661867257592e-05,51.34285714285714,3.9578154837446617,8.0,0,1
2021-06-15,CLNE,2.158333333333333,6.0,4.0,1.0,25.078251458951605,13.227150827063305,11.851100631888302,0.8930186111111111,9.97819743280272,0.41428571428571426,5.3905728791170535,3.5666666666666664,0.5,0.2,0.0,0.0,0.0,87,0.4137537966537967,0.39788250186162927,0.19194704908990623,0.21495010878012807,0.23166023166023167,0.09266409266409267,0.6666666666666666,0.16666666666666666,0.0,0.0,0.0,6.12840964960462,5.490857435623925,2.158333333333333,1.1500444623003803,0.024808429118773945,3.2611016895252187,50.0,0.043166666666666666,0.88,-0.0843472819570259,0.8251604147753752,-0.8748088890950527,0.7301866283756171,-0.0009608501118568286,0.3313058357403743,0.12095249826211359,32.15952380952381,3.501329969775678,5.0,0,1
2021-06-15,CRSR,3.0416666666666665,6.0,5.0,2.0,28.700593335921276,16.13249914987234,12.568094186048938,1.632726388888889,16.121914820527074,-0.45,-3.259051115707279,13.25,0.0,1.0,0.0,0.0,0.0,87,0.5367867579908676,0.5617275793510896,-0.14794520547945206,-0.11355344043108316,0.0,0.32876712328767127,0.8333333333333334,0.3333333333333333,0.0,0.0,0.0,5.303835336944331,4.131976170755816,3.0416666666666665,1.396657148155437,0.034961685823754786,3.3911670232495505,50.0,0.06083333333333333,0.9,0.038685679380045024,2.75916588561181,0.010362787035546495,1.169557583937109,0.04069910514541387,0.40822921986450594,-0.1604959581037341,3.642857142857143,1.5353299402803784,6.0,0,1
2021-06-15,INO,2.0,2.0,2.0,0.0,12.030915363920236,6.3784261836515865,5.652489180268651,1.1015666666666668,6.438906040267334,2.0,12.030915363920236,4.0,2.0,0.0,0.0,0.0,0.0,87,0.5507833333333334,0.5351966866608591,1.0,1.0,1.0,0.0,1.0,0.0,0.0,0.0,0.0,3.1892130918257933,2.8262445901343254,2.0,1.0986122886681098,0.022988505747126436,2.5673246391620306,50.0,0.04,0.86,0.05268225472251081,1.4210352952116807,1.0986122886681098,0.7845573966835586,0.04,0.4116305453431373,0.9183823529411764,2.0,1.0986122886681098,6.0,0,1
2021-06-15,PLTR,3.25,4.0,4.0,0.0,30.126110668918606,18.048151010258575,12.07795965866003,0.5654583333333333,5.061343092634935,0.08333333333333333,1.086596305532303,0.75,0.25,0.0,0.0,0.0,0.0,87,0.17398717948717948,0.16800519483773824,0.02564102564102564,0.03606825711668631,0.07692307692307693,0.0,1.0,0.0,0.0,0.0,0.0,5.553277233925716,3.7162952795877016,3.25,1.4469189829363254,0.03735632183908046,3.438047038290171,50.0,0.065,0.94,-0.3241138991236431,0.4653689870440105,0.0606246218164348,0.37079365358131544,0.04486577181208054,-0.05155642259484264,-0.05173307870371075,7.575,2.1488509930520037,16.0,0,1
2021-06-15,WISH,5.333333333333333,6.0,5.0,6.0,52.25183602465505,30.177610435284418,22.074225589370627,3.7355777777777774,39.75238438196161,3.6903225806451614,42.30869784202336,51.33333333333333,4.333333333333334,1.0,43.666666666666664,0.0,0.0,87,0.7004208333333333,0.7607844509655973,0.6919354838709678,0.8097073913739603,0.8125000000000001,0.1875,0.8333333333333334,1.0,8.1875,0.0,0.0,5.658301956615829,4.138917298006993,5.333333333333333,1.8458266904983307,0.06130268199233716,3.9750322833313807,50.0,0.10666666666666666,1.0,0.20231975472251068,1.648853938272532,-0.8132666658773484,1.410770081026001,0.01751677852348993,0.5040326061545763,0.7066568197302974,30.233333333333334,3.441485900576267,7.0,0,1
2021-06-16,ABNB,2.0,2.0,2.0,2.0,8.798454696065097,3.4657359027997265,5.33271879326537,0.9416,4.564691445772959,2.0,8.798454696065097,14.0,2.0,0.0,6.0,0.0,0.0,196,0.4708,0.5188060407715016,1.0,1.0,1.0,0.0,1.0,1.0,3.0,0.0,0.0,1.7328679513998633,2.666359396632685,2.0,1.0986122886681098,0.01020408163265306,2.2822246891680953,126.0,0.015873015873015872,0.7421875,-0.056814712269388945,3.4518223958180516,1.0986122886681098,0.9643334214056022,0.015873015873015872,0.3893097222222222,1.0266666666666666,1.0,0.6931471805599453,4.0,0,2
2021-06-16,AMC,13.575,19.0,14.0,6.0,123.96330107219136,70.03777848736614,53.9255225848252,9.222768888888888,85.75724568806812,8.41813725490196,75.24325612030133,43.93333333333333,8.916666666666666,0.2,18.083333333333336,1.5,0.0,196,0.6793936566400655,0.6917954341835933,0.6201206080959087,0.606980093862478,0.6568446899938613,0.014732965009208105,0.7368421052631579,0.3157894736842105,1.3321055862492328,0.11049723756906078,0.0,5.159320698885167,3.9724141867274554,13.575,2.679307732236556,0.06926020408163265,4.828020102773433,126.0,0.10773809523809523,0.984375,0.15177894437067652,1.035523769236842,1.2148955918527133,0.8604129996423577,0.041238095238095226,0.3402934335856751,0.4637352584510027,68.48571428571428,4.241121181596644,20.0,0,2
2021-06-16,ARVL,4.0,4.0,4.0,2.0,36.30811850499042,20.04780792269587,16.260310582294544,2.677566666666667,22.765565094686767,2.2755555555555556,15.416573534822998,39.0,3.0,1.0,3.0,0.0,0.0,196,0.6693916666666667,0.6270103225414372,0.5688888888888889,0.4246040326409105,0.75,0.25,1.0,0.5,0.75,0.0,0.0,5.011951980673968,4.065077645573636,4.0,1.6094379124341003,0.02040816326530612,3.619210957255799,126.0,0.031746031746031744,0.859375,0.14177695439727778,8.0,1.6094379124341003,1.5950538088115112,0.031746031746031744,0.6330033333333334,0.5188888888888888,0.0,0.0,1.0,0,2
2021-06-16,ASTS,4.333333333333334,5.0,5.0,4.0,31.844175097735974,18.65154413099765,13.19263096673833,2.854711111111111,20.676489258959535,2.9333333333333336,20.19613867281801,12.666666666666666,3.0,0.0,8.0,0.0,0.0,196,0.6587794871794871,0.6493020841488079,0.6769230769230768,0.6342176743731665,0.6923076923076922,0.0,1.0,0.8,1.8461538461538458,0.0,0.0,4.304202491768688,3.0444533000165372,4.333333333333334,1.6739764335716716,0.02210884353741497,3.4917744110263387,126.0,0.0343915343915344,0.90625,0.13116477491009815,0.0,1.6739764335716716,1.6739764335716716,0.0343915343915344,0.6587794871794871,0.6769230769230768,0.0,0.0,0.0,1,2
2021-06-16,BB,2.375,4.0,2.0,1.0,23.20294565691806,13.20186816380293,10.001077493115135,0.9992666666666667,9.524914286827073,-0.875,-9.6104831706232,5.0,0.25,1.0,1.75,0.0,0.0,196,0.42074385964912286,0.410504529367252,-0.3684210526315789,-0.41419237508569484,0.10526315789473684,0.42105263157894735,0.5,0.25,0.7368421052631579,0.0,0.0,5.5586813321275494,4.210979997101109,2.375,1.2163953243244932,0.01211734693877551,3.1864743471154475,126.0,0.018849206349206348,0.765625,-0.10687085262026608,0.24717080553550325,-0.296898727556705,0.22374308318165803,-0.051984126984126994,0.15328545176316583,-0.553186310568972,40.34285714285714,3.72189966514207,14.0,0,2
2021-06-16,CLF,3.25,4.0,4.0,3.0,35.8522597554908,20.06114318278237,15.79111657270843,1.9939666666666667,22.70737545948858,0.3333333333333334,1.7668680623943187,7.0,1.0,2.0,0.0,0.0,0.0,196,0.6135282051282052,0.6333596714503033,0.10256410256410259,0.049281916243054155,0.3076923076923077,0.6153846153846154,1.0,0.75,0.0,0.0,0.0,6.172659440856114,4.8588050992949015,3.25,1.4469189829363254,0.016581632653061226,3.606916939834967,126.0,0.025793650793650792,0.8125,0.08591349285881622,0.794900249555739,0.02985296314968111,0.8327054894046053,-0.03670634920634921,0.4249167433520507,-0.06536005081722485,54.46785714285714,4.015803702400762,8.0,0,2
2021-06-16,CLNE,5.824999999999999,10.0,5.0,4.0,56.26141826240127,31.213630758988366,25.0477875034129,3.631202222222222,36.659774276939046,2.175925925925926,23.148777382324482,18.433333333333334,3.166666666666667,0.2,3.5,0.0,0.0,196,0.6233823557463043,0.6515970519256936,0.3735495151804165,0.4114502992860827,0.5436337625178828,0.03433476394849786,0.5,0.4,0.6008583690987125,0.0,0.0,5.358563220427188,4.300049356809081,5.824999999999999,1.9205923410710233,0.029719387755102036,4.047627068179176,126.0,0.046230158730158726,0.953125,0.09576764347691535,1.6152433314748074,0.770547878770643,1.4432322840312413,0.00306349206349206,0.5202467050001921,0.2929576118981285,34.31785714285714,3.5643887041007414,6.0,0,2
2021-06-16,CLOV,5.708333333333333,10.0,8.0,1.0,67.43123986248621,37.70351231766405,29.727727544822155,1.6389166666666664,18.555795583179034,0.8842592592592593,9.72701031198676,7.75,1.0833333333333333,0.25,3.5,0.0,0.0,196,0.28710948905109485,0.2751809935724186,0.15490673154906734,0.14425080024960588,0.1897810218978102,0.043795620437956206,0.8,0.1,0.6131386861313869,0.0,0.0,6.604994858568885,5.207777088144027,5.708333333333333,1.9033505346365174,0.029124149659863943,4.225829443498003,126.0,0.045304232804232805,0.9375,-0.2405052232182941,1.1962653776689571,1.0383530971499129,1.0551750361964585,0.017804232804232805,0.02836705501133241,-0.12782951064691525,34.384523809523806,3.5662745440265367,13.0,0,2
2021-06-16,CRSR,3.325,5.0,3.0,3.0,29.42307606034246,17.536882253950612,11.886193806391846,1.8487966666666666,16.036591255162875,0.41987577639751555,4.207709105585862,24.4,1.0,0.0,0.0,0.0,0.0,196,0.5560290726817042,0.5450344900130141,0.126278428991734,0.14300711104972375,0.3007518796992481,0.0,0.6,0.6,0.0,0.0,0.0,5.274250301940033,3.5747951297419083,3.325,1.4644121403838426,0.016964285714285716,3.415201401388275,126.0,0.02638888888888889,0.84375,0.028414360412315265,2.686818663752847,0.06775499222840553,1.224451432917161,-0.034444444444444444,0.4265095495969756,0.12222787781789515,6.684523809523809,2.0392084114433837,6.0,0,2
2021-06-16,DKNG,8.958333333333332,12.0,10.0,4.0,85.51702877773187,47.47618045777581,38.04084831995606,2.372980555555556,25.0778226787296,-0.06944444444444442,0.3276779695720258,33.0,2.0,3.25,2.0,0.0,0.0,196,0.26489085271317836,0.2932494619745222,-0.007751937984496122,0.0038317277185073483,0.2232558139534884,0.3627906976744186,0.8333333333333334,0.3333333333333333,0.2232558139534884,0.0,0.0,5.299666655751719,4.246420277576491,8.958333333333332,2.298409721583565,0.045705782312925165,4.4603412590450136,126.0,0.07109788359788359,0.96875,-0.2627238595562106,5.354701234011711,2.1442590417563063,2.0958884551692014,0.06776455026455026,0.10828807493540057,-0.21747416020671834,2.166666666666667,1.1526795099383855,7.0,0,2
2021-06-16,GME,5.325,12.0,4.0,1.0,56.36908748896309,30.561486057204263,25.80760143175882,3.332305,35.20785879080331,3.021470588235294,29.134962757180382,47.266666666666666,3.5,0.2,10.583333333333334,2.5,0.0,196,0.6257849765258215,0.6245951523997423,0.5674123170394918,0.5168606421539984,0.6572769953051643,0.03755868544600939,0.3333333333333333,0.08333333333333333,1.9874804381846636,0.4694835680751174,0.0,5.739246207925683,4.846497921457055,5.325,1.8445100346135839,0.027168367346938775,4.049505612769365,126.0,0.042261904761904764,0.921875,0.0981702642564326,0.1241179127645502,1.1555382254641193,0.08532474394654743,0.02242857142857143,0.30663342735926413,0.3818661641743937,41.16785714285715,3.7416582517378605,20.0,0,2
2021-06-16,GOEV,2.5,3.0,3.0,1.0,24.143412257943204,13.569507130638012,10.573905127305194,1.0010833333333333,10.207020018086764,1.02,10.493978135017434,25.5,1.0,0.0,10.0,0.0,0.0,196,0.4004333333333333,0.4227662564444943,0.40800000000000003,0.4346518223232885,0.4,0.0,1.0,0.3333333333333333,4.0,0.0,0.0,5.427802852255205,4.229562050922078,2.5,1.252762968495368,0.012755102040816327,3.2245959241800364,126.0,0.01984126984126984,0.78125,-0.12718137893605563,4.147349646612846,0.4418327522790393,1.1357715051870472,-0.005158730158730161,0.30002616666666665,0.3938359788359789,3.0,1.3862943611198906,4.0,0,2
2021-06-16,RIDE,3.25,4.0,3.0,4.0,23.568722771347147,9.164283742604571,14.404439028742575,1.0843416666666665,8.666740637382151,1.25,11.317179751772215,7.5,1.25,0.0,6.5,0.0,0.0,196,0.3336435897435897,0.36772211720859305,0.38461538461538464,0.4801778976979899,0.38461538461538464,0.0,0.75,1.0,2.0,0.0,0.0,2.8197796131090986,4.432135085766946,3.25,1.4469189829363254,0.016581632653061226,3.201474201923757,126.0,0.025793650793650792,0.8125,-0.19397112252579923,3.316928356338553,1.4469189829363254,1.172265910769298,0.025793650793650792,0.17522275641025636,0.35981713900134954,2.25,1.1786549963416462,9.0,0,2
2021-06-16,TQQQ,2.0,2.0,2.0,0.0,7.796057974316123,2.5649493574615367,5.231108616854587,0.7126999999999999,3.1409079487523486,0.0,2.129631286203691,2.0,1.0,1.0,0.0,0.0,1.0,196,0.35634999999999994,0.4028841190124515,0.0,0.27316770773379273,0.5,0.5,1.0,0.0,0.0,0.0,0.5,1.2824746787307684,2.6155543084272934,2.0,1.0986122886681098,0.01020408163265306,2.1743036636571658,126.0,0.015873015873015872,0.7421875,-0.171264712269389,6.86456098905115,1.0986122886681098,1.0639549296401125,0.015873015873015872,0.3237533333333333,0.0,0.0,0.0,1.0,0,2
2021-06-16,TTCF,4.25,5.0,5.0,3.0,34.64806697580273,19.00165557158673,15.646411404215996,2.763841666666667,22.785140254456618,-0.08333333333333331,-2.2179470240604022,3.25,0.25,1.0,0.0,0.0,0.0,196,0.6503156862745099,0.6576164918628546,-0.019607843137254898,-0.0640135862589205,0.058823529411764705,0.23529411764705882,1.0,0.6,0.0,0.0,0.0,4.470977781549819,3.6815085656978814,4.25,1.6582280766035324,0.021683673469387755,3.5736949231126007,126.0,0.03373015873015873,0.890625,0.12270097400512092,0.0,1.6582280766035324,1.6582280766035324,0.03373015873015873,0.6503156862745099,-0.019607843137254898,0.0,0.0,0.0,1,2
2021-06-16,UWMC,4.125,7.0,5.0,2.0,41.10978982256627,24.11948608441121,16.990303738155056,3.1057944444444443,30.88307678328028,2.6644880174291936,27.271708496414377,30.666666666666664,3.0000000000000004,0.0,17.666666666666664,1.0,0.0,196,0.7529198653198653,0.7512341200617797,0.6459364890737439,0.6633872032457875,0.7272727272727274,0.0,0.7142857142857143,0.2857142857142857,4.282828282828282,0.24242424242424243,0.0,5.847148141675445,4.118861512280014,4.125,1.634130525024472,0.021045918367346938,3.740280251008834,126.0,0.03273809523809524,0.875,0.22530515305047638,0.5257910165852838,1.5163474893680886,0.46192577834300197,0.03023809523809524,0.36147894248035967,0.42964249947180555,32.49166666666666,3.511296651667155,17.0,0,2
2021-06-16,WISH,16.666666666666668,18.0,16.0,16.0,168.00483072985398,99.35383291545628,68.65099781439767,10.421044444444444,106.90118773964288,8.127450980392158,78.80494577160566,32.66666666666667,9.666666666666666,1.0,9.666666666666666,1.0,0.0,196,0.6252626666666666,0.6362982973479872,0.48764705882352943,0.4690635705488809,0.58,0.06,0.8888888888888888,0.8888888888888888,0.58,0.06,0.0,5.9612299749273765,4.11905986886386,16.666666666666668,2.8716796248840124,0.08503401360544219,5.129927298714873,126.0,0.1322751322751323,1.0,0.09764795439727769,2.590148298610428,1.0258529343856817,2.3587157845093554,0.025608465608465636,0.43821839782124306,0.45777162048931064,35.56666666666666,3.599137078613075,7.0,0,2
2021-06-16,WKHS,3.25,4.0,3.0,1.0,35.35402431903874,19.78549005525808,15.568534263780657,2.5716666666666668,27.937602601894568,1.0,10.08526729590903,1.0,1.0,0.0,1.0,0.0,0.0,196,0.7912820512820513,0.7902241156418987,0.3076923076923077,0.28526504380091017,0.3076923076923077,0.0,0.75,0.25,0.3076923076923077,0.0,0.0,6.087843093925563,4.790318235009433,3.25,1.4469189829363254,0.016581632653061226,3.5933049081415205,126.0,0.025793650793650792,0.8125,0.26366733901266237,1.5457183678676056,0.540197702078321,1.1085512223342326,-0.003730158730158733,0.6807225087621543,0.2727603785690602,19.71785714285714,3.030995992296815,5.0,0,2
2021-06-17,AMC,7.291666666666666,14.0,9.0,1.0,56.635655426952695,28.998379797212525,27.637275629740156,3.3787486111111105,23.72631099614941,5.105128205128206,33.69841707869477,29.333333333333336,5.333333333333334,0.0,4.0,0.0,0.0,163,0.46337123809523806,0.41892886764153436,0.7001318681318682,0.5950035684173934,0.7314285714285715,0.0,0.6428571428571429,0.07142857142857142,0.5485714285714286,0.0,0.0,3.9769206579034324,3.7902549435072217,7.291666666666666,2.1152509943765465,0.04473415132924335,4.054141394018378,84.0,0.08680555555555555,0.984375,0.040014412111945896,0.26948648690352095,-0.5640567378600094,0.22702929032597363,-0.020932539682539678,0.09701962049713275,0.5121999475416261,59.75119047619047,4.1067866783445455,20.0,0,3
2021-06-17,CLF,2.5,3.0,2.0,3.0,23.288096829097686,12.976998777744818,10.31109805135287,1.940666666666667,18.199661906526266,0.9,8.81371580016695,11.0,1.5,0.0,0.0,0.0,0.0,163,0.7762666666666668,0.781500611238717,0.36,0.37846440887151034,0.6,0.0,0.6666666666666666,1.0,0.0,0.0,0.0,5.190799511097927,4.124439220541148,2.5,1.252762968495368,0.015337423312883436,3.189986387910546,84.0,0.02976190476190476,0.890625,0.3529098406833746,0.5377774387090578,-0.19415601444095731,0.5662035258168316,0.003968253968253968,0.556978794634102,0.18694764149046741,57.71785714285714,4.072743890841627,9.0,0,3
2021-06-17,DKNG,6.958333333333333,9.0,9.0,4.0,55.357490513933016,30.619607694828904,24.73788281910412,2.146229166666667,16.071124575369467,3.5256410256410255,24.090904768239778,28.0,4.5,1.3333333333333333,4.5,0.5,0.0,163,0.30844011976047914,0.29031526585050854,0.5066789497927222,0.43518780465990053,0.6467065868263473,0.19161676646706585,1.0,0.4444444444444444,0.6467065868263473,0.0718562874251497,0.0,4.400422662729903,3.5551448362784366,6.958333333333333,2.074219597698684,0.04268916155419223,4.031715160026623,84.0,0.08283730158730158,0.96875,-0.11491670622281303,3.0112387578862903,-0.2241901238848807,1.7991427382245029,0.011739417989417994,0.15230029934704242,0.30984432446972476,11.125,2.495269436823547,7.0,0,3
2021-06-17,GME,4.125,8.0,4.0,0.0,35.65429742351695,18.223125079750247,17.4311723437667,2.1266374999999997,13.900113234378773,0.8717948717948718,2.4021941556380457,19.5,1.0,0.0,3.0,0.0,0.0,163,0.5155484848484848,0.3898580041913966,0.21134421134421136,0.06737460360258285,0.24242424242424243,0.0,0.5,0.0,0.7272727272727273,0.0,0.0,4.417727292060666,4.225738750004049,4.125,1.634130525024472,0.02530674846625767,3.6015306772163664,84.0,0.049107142857142856,0.953125,0.09219165886519265,-0.1363848166229954,-0.2103795095891119,-0.09045861477702055,0.006845238095238092,0.1784999485289539,-0.0007457496773337069,40.01666666666667,3.7139784881689555,20.0,0,3
2021-06-17,RIDE,2.25,4.0,4.0,4.0,18.099484077756166,8.590103620186337,9.50938045756983,0.6202333333333333,5.738962471953905,0.125,4.251186042416458,5.5,0.75,0.5,2.25,0.0,0.0,163,0.27565925925925927,0.3170787878427404,0.05555555555555555,0.23487885202435488,0.3333333333333333,0.2222222222222222,1.0,1.0,1.0,0.0,0.0,3.8178238311939277,4.22639131447548,2.25,1.1786549963416462,0.013803680981595092,2.9496613230519606,84.0,0.026785714285714284,0.875,-0.1476975667240329,1.919337093872972,-0.2682639865946792,0.8316559750278025,0.000992063492063492,0.10055624643874644,0.01152654071075123,5.5,1.8718021769015913,10.0,0,3
2021-06-17,RKT,2.833333333333333,4.0,3.0,2.0,22.976052693908443,12.299550824021637,10.676501869886806,1.2104222222222223,10.154878373896139,1.2619047619047619,10.65468794611086,6.833333333333334,1.3333333333333333,0.0,1.0,1.0,0.0,163,0.42720784313725496,0.44197663145978355,0.44537815126050423,0.46373013189231144,0.4705882352941177,0.0,0.75,0.5,0.35294117647058826,0.35294117647058826,0.0,4.34101793788999,3.7681771305482847,2.833333333333333,1.3437347467010947,0.01738241308793456,3.1770555277892427,84.0,0.03373015873015873,0.90625,0.003851017153962799,1.2333413997274463,1.056052674249314,0.7060897478320961,0.031084656084656083,0.1093137293445014,0.17532180476285164,10.325,2.4270126713690976,15.0,0,3
2021-06-17,USO,2.0,2.0,2.0,2.0,4.969813299576001,0.0,4.969813299576001,1.5981,3.971129317026203,2.0,4.969813299576001,2.0,2.0,0.0,1.0,0.0,0.0,163,0.79905,0.7990499999999999,1.0,1.0,1.0,0.0,1.0,1.0,0.5,0.0,0.0,0.0,2.4849066497880004,2.0,1.0986122886681098,0.012269938650306749,1.7867156538126496,84.0,0.023809523809523808,0.859375,0.3756931740167079,6.72777113218357,1.0986122886681098,1.0562473956487497,0.023809523809523808,0.7639400000000001,0.9166666666666666,0.0,0.0,2.0,0,3
2021-06-17,UWMC,3.458333333333333,5.0,4.0,2.0,38.84816188238475,21.479816661288343,17.368345221096412,1.275101388888889,14.153830397072802,-1.6666666666666667,-18.14605788364999,2.333333333333333,0.3333333333333333,2.0,0.0,0.0,0.0,163,0.36870401606425707,0.36433719669734727,-0.48192771084337355,-0.4671020970976264,0.0963855421686747,0.5783132530120483,0.8,0.4,0.0,0.0,0.0,6.2110313237460275,5.022172112124264,3.458333333333333,1.4947750041139605,0.021216768916155416,3.6850762782598383,84.0,0.04117063492063492,0.9375,-0.054652809919035095,0.2948856490636486,-0.1393555209105115,0.25202090874697736,0.00843253968253968,-0.02223456670790852,-0.7005185248989991,36.61666666666666,3.627447214595435,17.0,0,3
2021-06-17,WISH,7.5,8.0,8.0,8.0,84.20922747403,47.5902980609695,36.6189294130605,5.174783333333334,58.47471054384305,4.0,43.09792290062819,11.0,4.0,0.0,0.0,2.0,0.0,163,0.6899711111111112,0.694397897924863,0.5333333333333333,0.5117957282522219,0.5333333333333333,0.0,1.0,1.0,0.0,0.26666666666666666,0.0,6.345373074795933,4.8825239217414,7.5,2.1400661634962708,0.046012269938650305,4.445109731656648,84.0,0.08928571428571429,1.0,0.26661428512781904,1.4232076887324168,-0.7316134613877416,1.483518341877413,-0.04298941798941801,0.47166370893235426,0.47907554205793806,51.733333333333334,3.9652477666654438,8.0,0,3
2021-06-17,WKHS,2.875,5.0,4.0,5.0,28.70004460886264,16.319750733311132,12.380293875551505,1.4214458333333333,14.269770409385842,1.625,16.126251490756477,6.0,1.75,0.0,3.25,0.0,0.0,163,0.4944159420289855,0.4972037710693768,0.5652173913043478,0.5618894224915822,0.6086956521739131,0.0,0.8,1.0,1.1304347826086956,0.0,0.0,5.676435037673437,4.306189174104872,2.875,1.3545456628053103,0.01763803680981595,3.391148547789433,84.0,0.03422619047619048,0.921875,0.07105911604569332,1.2529048130324263,-0.09237332013101507,0.9438319530564012,0.008432539682539687,0.344292296944986,0.5149008467964848,22.96785714285714,3.17671364698899,6.0,0,3
2021-06-18,AMC,11.083333333333332,17.0,14.0,9.0,104.50773027010167,58.91636202598701,45.59136824411467,5.487522222222223,51.52631949434718,5.62962962962963,48.745164244957074,19.166666666666668,6.75,0.0,2.75,1.0,0.0,179,0.4951147869674187,0.49303835573863,0.507936507936508,0.4664263984967861,0.6090225563909775,0.0,0.8235294117647058,0.5294117647058824,0.2481203007518797,0.09022556390977444,0.0,5.315761987307099,4.113506909243429,11.083333333333332,2.491827092632574,0.06191806331471135,4.658784222934194,102.0,0.10866013071895424,1.0,0.12344465644425767,0.6698531083394057,0.37657609825602734,0.532500197891171,0.021854575163398685,0.13636960746455146,0.23499799393967258,59.30119047619047,4.099351846095314,20.0,0,4
2021-06-18,AMD,4.5,5.0,4.0,1.0,38.58720968744681,21.440888337341228,17.14632135010558,1.0486,9.166308147154876,0.0,0.07941365690028412,3.0,1.0,1.0,0.0,0.0,0.0,179,0.23302222222222221,0.2375478357051782,0.0,0.0020580305635864355,0.2222222222222222,0.2222222222222222,0.8,0.2,0.0,0.0,0.0,4.764641852742495,3.8102936333567956,4.5,1.7047480922384253,0.025139664804469275,3.6785060783979393,102.0,0.04411764705882353,0.9452054794520548,-0.1386479083009388,2.480436970094589,1.0116009116784799,1.2199557813121664,0.03221288515406163,-0.0018191972597597639,-0.1966991116991117,6.6999999999999975,2.041220328859638,14.0,0,4
2021-06-18,AMZN,3.0,3.0,3.0,1.0,22.360908275781057,11.283700962090016,11.077207313691043,1.4098000000000002,10.771802080300857,0.0,0.0,0.0,0.0,0.0,0.0,0.0,0.0,179,0.46993333333333337,0.4817247111544087,0.0,0.0,0.0,0.0,1.0,0.3333333333333333,0.0,0.0,0.0,3.7612336540300055,3.692402437897014,3.0,1.3862943611198906,0.01675977653631285,3.1510640388728635,102.0,0.029411764705882353,0.8904109589041096,0.09826320281017237,4.821361091626087,0.6931471805599453,1.2011199691877072,0.01750700280112045,0.313119761904762,-0.05336996336996338,2.083333333333334,1.1260112628562242,9.0,0,4
2021-06-18,BB,4.583333333333333,7.0,6.0,2.0,51.94235210334793,29.880239296749153,22.062112806598776,2.2986222222222223,26.42304060000077,1.1666666666666667,11.70257178919738,3.0,1.25,0.0,0.25,0.0,0.0,179,0.5015175757575758,0.5086993470651415,0.2545454545454546,0.22529922722623671,0.27272727272727276,0.0,0.8571428571428571,0.2857142857142857,0.05454545454545455,0.0,0.0,6.519324937472543,4.813551885076097,4.583333333333333,1.7197859696029656,0.025605214152700183,3.9692036254181082,102.0,0.04493464052287582,0.958904109589041,0.12984744523441483,0.7472238196419823,0.7234525300552741,0.6511546492945184,0.02459733893557423,0.23839864155582935,0.08820124923964034,29.675,3.423447990596975,15.0,0,4
2021-06-18,CLNE,3.958333333333333,6.0,6.0,0.0,47.24590678040684,26.171727740787006,21.07417903961984,0.7081430555555555,10.226546929336385,1.3289627039627039,17.0074852642287,44.625,1.625,0.0,31.0,0.0,0.0,179,0.178899298245614,0.2164536068038257,0.33573794626426207,0.35997796260483256,0.41052631578947374,0.0,1.0,0.0,7.831578947368421,0.0,0.0,6.611804902935665,5.324003125798696,3.958333333333333,1.6010696627635836,0.02211359404096834,3.876310990619727,102.0,0.038807189542483654,0.9315068493150684,-0.192770832277547,1.094711157485726,0.8873031950009027,1.0300986678844612,0.026406395891690006,0.04404017971218657,0.2441842534974631,29.267857142857142,3.4100863290794012,7.0,0,4
2021-06-18,GME,2.25,7.0,3.0,2.0,19.181035231558717,10.19984627818967,8.981188953369047,1.0909166666666665,9.635592036172454,0.7962962962962963,7.533064653064551,7.666666666666666,1.25,0.0,0.25,0.0,0.0,179,0.4848518518518518,0.502349947218643,0.35390946502057613,0.3927350407380691,0.5555555555555556,0.0,0.42857142857142855,0.2857142857142857,0.1111111111111111,0.0,0.0,4.533265012528742,3.9916395348306875,2.25,1.1786549963416462,0.012569832402234637,3.0047433134886936,102.0,0.022058823529411766,0.8493150684931506,0.11318172132869081,-0.847350410340851,-0.4554755286828258,-0.5583259516550751,-0.02704831932773109,0.15715255795656335,0.16458562676515381,30.03333333333334,3.4350618956149117,20.0,0,4
2021-06-18,GOEV,2.0,3.0,2.0,2.0,16.445677131231403,9.341549580399871,7.10412755083153,0.6747166666666666,5.749915978317983,0.6875,5.92825812569594,8.5,1.0,0.0,0.0,0.0,0.0,179,0.3373583333333333,0.3496308441686795,0.34375,0.3604751618550139,0.5,0.0,0.6666666666666666,0.6666666666666666,0.0,0.0,0.0,4.6707747901999355,3.552063775415765,2.0,1.0986122886681098,0.0111731843575419,2.8590918890893104,102.0,0.0196078431372549,0.7945205479452054,-0.034311797189827686,2.4734637803306225,1.0986122886681098,0.9189826769350206,0.0196078431372549,0.21692949999999997,0.3091859788359788,5.5,1.8718021769015913,5.0,0,4
2021-06-18,IDEX,2.125,3.0,2.0,0.0,13.201808078763175,7.050345307789855,6.151462770973319,0.31829583333333333,2.1670786100466444,0.0,0.0,0.0,0.0,0.0,0.0,0.0,0.0,179,0.14978627450980392,0.16415013739918488,0.0,0.0,0.0,0.0,0.6666666666666666,0.0,0.0,0.0,0.0,3.3178095566069907,2.8948060098697974,2.125,1.1394342831883648,0.011871508379888268,2.653369285991868,102.0,0.020833333333333332,0.8356164383561644,-0.22188385601335708,3.1342262981662232,1.1394342831883648,0.9949156952935565,0.020833333333333332,0.0648987745098039,0.0,4.0,1.6094379124341003,4.0,0,4
2021-06-18,NVDA,2.0,2.0,2.0,0.0,10.608069110721736,4.77912349311153,5.8289456176102075,0.7361333333333333,3.8483811418339346,0.0,0.0,2.0,0.0,0.0,0.0,0.0,0.0,179,0.36806666666666665,0.3627786642099001,0.0,0.0,0.0,0.0,1.0,0.0,0.0,0.0,0.0,2.389561746555765,2.9144728088051037,2.0,1.0986122886681098,0.0111731843575419,2.4517004692789923,102.0,0.0196078431372549,0.7945205479452054,-0.003603463856494349,3.3441460744489975,1.0986122886681098,0.9442950920392716,0.0196078431372549,0.1850983712121212,-0.06924603174603175,1.3666666666666663,0.8614824953791599,7.0,0,4
2021-06-18,PLTR,8.958333333333332,11.0,11.0,6.0,74.39916568141388,42.77786698465705,31.621298696756824,3.613109722222222,28.393114517334006,2.736111111111111,18.922534781771446,12.625,3.958333333333333,1.0,6.5,0.0,0.0,179,0.4033238759689923,0.3816321629051153,0.30542635658914735,0.25433799705227883,0.4418604651162791,0.1116279069767442,1.0,0.5454545454545454,0.7255813953488373,0.0,0.0,4.775203756426834,3.5298193894054135,8.958333333333332,2.298409721583565,0.05004655493482309,4.322796209719453,102.0,0.08782679738562091,0.9863013698630136,0.03165374544583127,2.063351785569584,1.3821189897094097,1.3694002653074775,0.06996965452847806,0.20579459583817253,0.18614424815712413,9.25,2.327277705584417,16.0,0,4
2021-06-18,PLUG,2.0,2.0,2.0,2.0,9.21830854162536,3.1780538303479458,6.040254711277414,1.6874333333333333,7.4056392232103985,2.0,9.21830854162536,8.0,2.0,0.0,5.0,1.0,0.0,179,0.8437166666666667,0.8033620473615267,1.0,1.0,1.0,0.0,1.0,1.0,2.5,0.5,0.0,1.5890269151739729,3.020127355638707,2.0,1.0986122886681098,0.0111731843575419,2.324181066344808,102.0,0.0196078431372549,0.7945205479452054,0.47204653614350567,5.1424718278919785,1.0986122886681098,1.009024315206707,0.0196078431372549,0.77959,1.018888888888889,1.5,0.9162907318741551,4.0,0,4
2021-06-18,PRPL,3.5,4.0,4.0,4.0,24.750501868442353,13.870612505852435,10.879889362589918,1.8221,12.949465240288266,1.3,9.575580127329983,6.0,1.5,0.0,0.0,0.0,0.0,179,0.5206000000000001,0.5232001075824337,0.37142857142857144,0.38688428130579205,0.42857142857142855,0.0,1.0,1.0,0.0,0.0,0.0,3.9630321445292673,3.1085398178828334,3.5,1.5040773967762742,0.019553072625698324,3.248454116956413,102.0,0.03431372549019608,0.9178082191780822,0.14892986947683906,5.120421920944756,0.8109302162163289,1.3427351970504053,0.022408963585434177,0.4293016666666667,0.29642857142857143,1.7000000000000002,0.9932517730102834,7.0,0,4
2021-06-18,RKT,2.0,2.0,2.0,1.0,14.913722766611045,8.313852267398207,6.5998704992128365,1.3085333333333333,9.767497930709402,1.3333333333333333,9.357408396877082,5.0,2.0,0.0,0.0,0.0,0.0,179,0.6542666666666667,0.654933585903645,0.6666666666666666,0.6274361233149994,1.0,0.0,1.0,0.5,0.0,0.0,0.0,4.156926133699104,3.2999352496064183,2.0,1.0986122886681098,0.0111731843575419,2.7671818040804035,102.0,0.0196078431372549,0.7945205479452054,0.28259653614350566,0.7654479056144734,-0.24512245803298494,0.4483127584150032,-0.014122315592903827,0.33451740168090577,0.3829877627122964,9.533333333333333,2.354544831924757,15.0,0,4
2021-06-18,RUN,2.0,2.0,2.0,2.0,6.733401891837359,0.6931471805599453,6.040254711277414,0.7363999999999999,2.1375764293266375,0.0,0.0,0.0,0.0,0.0,0.0,0.0,0.0,179,0.36819999999999997,0.3174586135899504,0.0,0.0,0.0,0.0,1.0,1.0,0.0,0.0,0.0,0.34657359027997264,3.020127355638707,2.0,1.0986122886681098,0.0111731843575419,2.0455488552886543,102.0,0.0196078431372549,0.7945205479452054,-0.00347013052316103,4.477777527009392,0.4054651081081645,1.009024315206707,0.007703081232492998,0.29201,-0.05,1.0,0.6931471805599453,3.0,0,4
2021-06-18,SPY,2.5,3.0,1.0,0.0,16.51987011280366,9.06790120201665,7.451968910787009,1.1081666666666667,7.327643799182084,0.425,2.844992943124359,21.0,0.5,0.0,0.0,0.0,0.0,179,0.4432666666666667,0.4435654608145389,0.16999999999999998,0.17221642323442718,0.2,0.0,0.3333333333333333,0.0,0.0,0.0,0.0,3.6271604808066598,2.9807875643148036,2.5,1.252762968495368,0.013966480446927373,2.863335671828005,102.0,0.024509803921568627,0.8767123287671232,0.0715965361435057,0.5240782927144044,0.4418327522790393,0.2885451881296437,0.009628851540616247,0.20404034700653556,0.0737240437010358,8.283333333333335,2.2282206777051834,19.0,0,4
2021-06-18,TSLA,2.333333333333333,5.0,2.0,0.0,20.97676590896,11.054027124120102,9.9227387848399,1.4602,12.891353853393333,1.3888888888888888,11.133127587930955,7.0,2.0,0.0,0.3333333333333333,0.0,0.0,179,0.6258,0.6145539264413934,0.5952380952380953,0.5307361314060124,0.8571428571428572,0.0,0.4,0.0,0.14285714285714288,0.0,0.0,4.737440196051473,4.252602336359958,2.333333333333333,1.203972804325936,0.013035381750465548,3.089985800249724,102.0,0.02287581699346405,0.863013698630137,0.254129869476839,0.8620686718849677,0.7985076962177715,0.4376228611512385,0.0169234360410831,0.30863340403747846,0.47249402270161345,3.483333333333333,1.5003668173797384,17.0,0,4
2021-06-18,UWMC,3.125,4.0,3.0,1.0,36.71242184457807,20.417306985420108,16.29511485915796,2.3124625,27.98485088014501,1.3333333333333335,17.13841628324048,25.0,2.0,1.0,3.0,0.0,0.0,179,0.739988,0.7622719906253747,0.4266666666666667,0.4668288122150023,0.64,0.32,0.75,0.25,0.96,0.0,0.0,6.533538235334435,5.214436754930547,3.125,1.4170660197866443,0.017458100558659217,3.6299895320820528,102.0,0.030637254901960783,0.9041095890410958,0.368317869476839,0.1947573399316824,-0.07770898432731621,0.1667599115490177,-0.010533380018674137,0.35795509877756265,0.26289119240157577,28.324999999999996,3.378440394539539,17.0,0,4
2021-06-18,WISH,7.291666666666666,9.0,5.0,7.0,70.43581013685174,37.040234566420295,33.395575570431454,4.2452902777777775,49.01383100143853,1.9294662309368196,22.021690383447524,36.375,3.125,1.0,4.25,0.0,0.0,179,0.5822112380952381,0.6958652268811584,0.26461251167133526,0.3126490678627953,0.4285714285714286,0.13714285714285715,0.5555555555555556,0.7777777777777778,0.5828571428571429,0.0,0.0,5.079803597680498,4.579964649659171,7.291666666666666,2.1152509943765465,0.04073556797020484,4.268799286148058,102.0,0.07148692810457516,0.9726027397260274,0.2105411075720771,1.2509078897764843,-0.024815169119724256,1.351699864582875,-0.01779878618113913,0.3294052803609256,0.1836880537292733,50.03333333333333,3.932479013995528,9.0,0,4
2021-06-21,AMC,16.57738095238095,24.0,15.0,5.0,164.49889379761578,86.69347184915604,77.80542194845975,8.315602579365079,83.55744845615462,8.394225382460677,88.61148751115765,77.69047619047619,9.976190476190476,1.6428571428571428,21.5,1.0,0.0,229,0.5016234230999402,0.5079514307187741,0.506366199013786,0.5386752789971768,0.6017953321364453,0.09910233393177739,0.625,0.20833333333333334,1.2969479353680433,0.060323159784560154,0.0,5.229624154634908,4.6934689003020615,16.57738095238095,2.8666129023406635,0.07239030983572467,5.108964510792458,125.0,0.13261904761904758,1.0,0.13603902554292646,1.076959894409248,0.3747858097080896,0.8544488792320979,0.023958916900093344,0.15006896258203545,0.2455308596201251,49.96666666666667,3.931171824266907,20.0,0,0
2021-06-21,BB,3.791666666666667,6.0,5.0,1.0,50.205228549681735,26.867395990490518,23.33783255919122,0.7063597222222221,13.850414144730799,0.6666666666666666,10.609753937051085,3.3333333333333335,1.3333333333333333,0.0,0.0,0.0,1.0,229,0.18629267399267394,0.2758759305522293,0.1758241758241758,0.21132766931938093,0.3516483516483516,0.0,0.8333333333333334,0.16666666666666666,0.0,0.0,0.26373626373626374,7.085906634854641,6.155032762863618,3.791666666666667,1.5668782980153044,0.016557496360989812,3.9358416469425297,125.0,0.030333333333333337,0.9036144578313253,-0.17929172356433984,0.48794819141274465,-0.15290767158766116,0.412257679226709,-0.01460130718954248,-0.10190213899695136,-0.003247302208911146,17.65,2.9258461460898246,16.0,0,0
2021-06-21,CLF,2.0,2.0,2.0,1.0,18.454059425622013,9.735068900911164,8.718990524710849,1.1073333333333335,10.676431835056004,0.6666666666666666,7.116116207034327,8.0,1.0,0.0,0.0,0.0,0.0,229,0.5536666666666668,0.5785410997556785,0.3333333333333333,0.38561251174655686,0.5,0.0,1.0,0.5,0.0,0.0,0.0,4.867534450455582,4.359495262355424,2.0,1.0986122886681098,0.008733624454148471,2.9680557591162757,125.0,0.016,0.8192771084337349,0.18808226910965298,0.3565564968143522,0.287682072451781,0.37818290480998307,0.0037450980392156868,0.2750131279674354,0.12061430815713409,24.366666666666667,3.2334359761995306,9.0,0,0
2021-06-21,CLNE,8.267857142857142,13.0,9.0,3.0,81.68038016915833,43.548334236541145,38.13204593261715,1.474482738095238,17.473528612901426,4.678571428571429,50.133530431750245,13.071428571428571,5.142857142857142,0.0,1.0,0.0,0.0,229,0.17833916486681067,0.213925652362466,0.5658747300215984,0.6137768987843197,0.6220302375809935,0.0,0.6923076923076923,0.23076923076923078,0.12095032397408208,0.0,0.0,5.267185134441262,4.612083309344624,8.267857142857142,2.226552192430739,0.036104179663131626,4.414982332881834,125.0,0.06614285714285714,0.9759036144578314,-0.1872452326902031,1.6449431428486998,0.6254825296671556,1.5755277144134376,0.027335667600373488,0.03453508142110254,0.4575341399415863,19.558333333333334,3.023266373747311,8.0,0,0
2021-06-21,CRSR,2.7857142857142856,5.0,3.0,2.0,28.29320329552177,15.12996937403569,13.163233921486082,1.7554928571428572,17.939446529955056,0.7238095238095239,7.937563984599562,17.357142857142858,0.6428571428571428,0.14285714285714285,0.0,0.0,0.0,229,0.6301769230769231,0.6340549828373269,0.25982905982905985,0.28054667057992383,0.23076923076923075,0.05128205128205128,0.6,0.4,0.0,0.0,0.0,5.431271057346145,4.725263458995004,2.7857142857142856,1.3312345839368631,0.012164691203992514,3.3773555196778333,125.0,0.022285714285714284,0.8795180722891566,0.2645925255199093,1.8437909896400868,0.6380874033769178,0.9697992246488101,0.012481792717086833,0.44139261302477595,0.18622929308798725,10.866666666666667,2.473733349189875,8.0,0,0
2021-06-21,DKNG,2.142857142857143,3.0,2.0,3.0,12.586614306116438,4.953296616583488,7.63331768953295,0.7698285714285715,4.776956619078366,1.0714285714285714,8.771572670609746,14.571428571428571,1.1428571428571428,0.0,9.0,0.0,0.0,229,0.35925333333333337,0.3795267339491776,0.5,0.6968969142358815,0.5333333333333333,0.0,0.6666666666666666,1.0,4.2,0.0,0.0,2.3115384210722945,3.562214921782043,2.142857142857143,1.1451323043030026,0.009357454772301934,2.6090850658602767,125.0,0.017142857142857144,0.8674698795180723,-0.006331064223680405,1.0800900738576056,1.0273492686466192,0.7775016425095975,0.015917366946778713,0.2413081735985394,0.3778314271873665,17.708333333333332,2.928969057394309,7.0,0,0
2021-06-21,GME,4.869047619047619,11.0,4.0,2.0,46.3110408655543,22.24419833635431,24.066842529199988,1.658480357142857,13.934676479012404,0.505493057438029,8.68942079339377,38.0654761904762,0.976190476190476,0.7678571428571428,0.0,0.0,0.0,229,0.3406169926650367,0.3008931826746499,0.10381764504839716,0.18763173167755073,0.2004889975550122,0.15770171149144255,0.36363636363636365,0.18181818181818182,0.0,0.0,0.0,4.568490611867389,4.942823404530071,4.869047619047619,1.7696923751993765,0.021262216677063836,3.8567436903639285,125.0,0.03895238095238095,0.9397590361445783,-0.024967404891977074,0.08383495707479105,0.5910373788577303,0.05621160866494179,0.01689355742296918,-0.004897631918082457,-0.126217539473927,21.63333333333334,3.1194237458965413,20.0,0,0
2021-06-21,IDEX,2.0,2.0,1.0,0.0,10.516941964186824,4.68213122712422,5.834810737062605,1.3778666666666668,7.379951160019922,-0.5,-1.7647258585929175,5.0,1.0,1.0,0.0,0.0,0.0,229,0.6889333333333334,0.7017202514904763,-0.25,-0.1677983832755102,0.5,0.5,0.5,0.0,0.0,0.0,0.0,2.34106561356211,2.9174053685313024,2.0,1.0986122886681098,0.008733624454148471,2.443819165530792,125.0,0.016,0.8192771084337349,0.3233489357763196,2.3292254758986863,-0.040821994520255034,0.8971219866138833,-0.004833333333333332,0.5965565196078432,-0.25,5.125,1.8123787564307907,5.0,0,0
2021-06-21,NVDA,4.625,6.0,5.0,0.0,38.13281052005349,18.609795140724437,19.523015379329053,2.4343041666666667,20.155515537132032,1.6666666666666665,13.302357507778543,12.5,2.5,0.0,0.0,0.0,0.0,229,0.5263360360360361,0.5285609757647562,0.36036036036036034,0.34884282921614257,0.5405405405405406,0.0,0.8333333333333334,0.0,0.0,0.0,0.0,4.023739489886364,4.221192514449525,4.625,1.7272209480904839,0.02019650655021834,3.6669612588424396,125.0,0.037,0.927710843373494,0.1607516384790223,4.341748037882295,0.6286086594223741,1.5179731370282403,0.017392156862745096,0.3249644072481573,0.2911143286143286,2.166666666666666,1.1526795099383853,8.0,0,0
2021-06-21,PINS,3.125,4.0,3.0,3.0,11.269912013809314,3.5327496101885094,7.737162403620804,1.642,6.204141756109451,-0.015625,-0.07315830042381594,2.0,0.0,0.0,0.0,0.0,0.0,229,0.52544,0.5505048973325929,-0.005,-0.006491470415578505,0.0,0.0,0.75,0.75,0.0,0.0,0.0,1.1304798752603231,2.475891969158657,3.125,1.4170660197866443,0.013646288209606987,2.507150087858423,125.0,0.025,0.891566265060241,0.15985560244298624,6.291630531098156,0.723918839226699,1.3410747320994236,0.01519607843137255,0.47846333333333335,-0.07166666666666667,1.0,0.6931471805599453,3.0,0,0
2021-06-21,PLTR,4.125,5.0,5.0,2.0,42.68128330117641,23.73053469775857,18.950748603417836,2.015070833333333,20.753587258099955,0.3333333333333333,3.7024234462699255,6.0,1.0,0.0,0.0,0.0,0.0,229,0.48850202020202016,0.48624562461382065,0.0808080808080808,0.08674583236272741,0.24242424242424243,0.0,1.0,0.4,0.0,0.0,0.0,5.75285689642632,4.5941208735558385,4.125,1.634130525024472,0.018013100436681223,3.7769197106107644,125.0,0.033,0.9156626506024096,0.12291762264500639,0.9749507973453341,-0.6642791965590928,0.683790691514286,-0.05482679738562091,0.27549578869699326,-0.0658665575746119,17.208333333333332,2.9018793647476446,16.0,0,0
2021-06-21,RUN,2.0,2.0,1.0,2.0,10.888371075875895,3.8066624897703196,7.0817085861055755,1.6996333333333333,8.752375102152282,0.8363636363636364,3.716449716825868,21.0,1.0,0.0,7.0,0.0,0.0,229,0.8498166666666667,0.8038277756297182,0.4181818181818182,0.34132283800099134,0.5,0.0,0.5,1.0,3.5,0.0,0.0,1.9033312448851598,3.5408542930527878,2.0,1.0986122886681098,0.008733624454148471,2.475560701811589,125.0,0.016,0.8192771084337349,0.4842322691096529,3.0056270918473103,0.0,0.9540937007733016,-0.0036078431372549014,0.7552166666666666,0.3681818181818182,3.0,1.3862943611198906,4.0,0,0
2021-06-21,SPY,8.017857142857142,13.0,6.0,4.0,61.26133265629916,29.247305256970154,32.01402739932901,1.6134674603174604,9.939926774642899,1.1000505295496805,5.79933658477612,35.44642857142857,3.0595238095238093,1.625,0.0,0.0,0.0,229,0.20123424894828015,0.16225449796219593,0.13720006604628532,0.09466553098530753,0.38158871566443947,0.2026726057906459,0.46153846153846156,0.3076923076923077,0.0,0.0,0.0,3.6477708115597522,3.99284083376932,8.017857142857142,2.1992067385402105,0.035012476606363065,4.1313405694792,125.0,0.06414285714285714,0.963855421686747,-0.16435014860873362,2.1933822514573293,0.9464437700448425,1.207008168777715,0.03963305322128852,-0.025152070711850993,0.03242410974732113,4.750000000000001,1.7491998548092593,19.0,0,0
2021-06-21,TSLA,2.125,3.0,2.0,3.0,19.870489449326815,9.919064208973905,9.95142524035291,-0.012283333333333335,-0.12937743463069545,-0.036290322580645164,-0.3822373544698185,3.875,0.0,0.125,0.0,0.0,0.0,229,-0.005780392156862746,-0.0065110341122009245,-0.017077798861480076,-0.019236433780083266,0.0,0.058823529411764705,0.6666666666666666,1.0,0.0,0.0,0.0,4.667794921870073,4.683023642519016,2.125,1.1394342831883648,0.009279475982532752,3.0383361731057623,125.0,0.017,0.8493975903614458,-0.37136478971387654,0.7043369002912577,-0.06453852113757108,0.3625482884478848,-0.00587581699346405,-0.3399361057664432,-0.1676229918461413,4.616666666666666,1.725738368130261,17.0,0,0
2021-06-21,UWMC,5.0,6.0,5.0,1.0,51.4387765107591,28.188787132083164,23.24998937867594,2.3478333333333334,24.81890299348536,3.05,32.41063054089853,35.0,3.5,0.5,12.0,0.0,0.0,229,0.4695666666666667,0.48249403809777935,0.61,0.6300816764978735,0.7,0.1,0.8333333333333334,0.16666666666666666,2.4,0.0,0.0,5.637757426416632,4.649997875735188,5.0,1.791759469228055,0.021834061135371178,3.9596463274020994,125.0,0.04,0.9518072289156626,0.10398226910965291,0.6137683656882995,0.3746934494414107,0.5255306744345019,0.009362745098039218,0.07984519877756274,0.45266897017935354,18.041666666666664,2.946629560546259,17.0,0,0
2021-06-21,WISH,8.625,10.0,8.0,9.0,93.81884514449246,49.56590406021418,44.2529410842783,6.298416666666667,69.95610873909953,2.656017369727047,27.14923048056428,25.375,4.5,1.125,8.0,0.0,0.0,229,0.7302512077294686,0.7456509257959699,0.307944042866904,0.2893792866321383,0.5217391304347826,0.13043478260869565,0.8,0.9,0.927536231884058,0.0,0.0,5.746771485242224,5.130775777887339,8.625,2.264363880173848,0.03766375545851528,4.551968177949185,125.0,0.069,0.9879518072289156,0.36466681017245484,1.2745841881123716,0.14911288579730142,1.4297075596893465,-0.0024869281045751535,0.45369802142372756,0.19712229267460865,50.074999999999996,3.933295140703686,9.0,0,0
2021-06-21,WKHS,2.125,4.0,4.0,2.0,23.45468244268897,12.717328171176261,10.73735427151271,0.7737375,9.763152789777267,0.6,6.204853399589288,8.0,0.5,0.0,1.5,0.0,0.0,229,0.36411176470588236,0.4162560211008326,0.2823529411764706,0.2645464680560361,0.23529411764705882,0.0,1.0,0.5,0.7058823529411765,0.0,0.0,5.984625021730005,5.052872598358923,2.125,1.1394342831883648,0.009279475982532752,3.1968217085334243,125.0,0.017,0.8493975903614458,-0.0014726328511314168,0.7986245271573619,0.1903537284912189,0.6212467965556959,0.0014771241830065385,0.16203539269587217,0.1695650007876008,16.176190476190477,2.84352415018607,7.0,0,0
2021-06-22,AMC,4.408333333333333,8.0,5.0,2.0,40.21186985130012,19.593620336672203,20.61824951462792,1.7877805555555555,15.969671421556061,0.8705128205128205,5.285978450632907,16.95,1.5,0.45,0.25,0.25,0.0,151,0.4055456836798992,0.3971382450159734,0.19746982695943,0.13145318708580278,0.3402646502835539,0.10207939508506617,0.625,0.25,0.05671077504725898,0.05671077504725898,0.0,4.444677581097665,4.677107640369282,4.408333333333333,1.687940973922044,0.029194260485651213,3.718726318048623,83.0,0.053112449799196784,0.9298245614035088,-0.02810441704531058,-0.5258407572312984,-1.1786719284186196,-0.41262307987014935,-0.0795065978198508,0.044366718673663985,-0.0873680329112359,51.85238095238095,3.9675027624345107,20.0,0,1
2021-06-22,AMZN,2.083333333333333,4.0,2.0,1.0,10.686526770410053,4.989630116321473,5.696896654088579,0.7086472222222222,4.941921221678872,0.3611111111111111,1.7295607803850355,5.75,0.5833333333333333,0.0,0.0,0.0,0.0,151,0.3401506666666667,0.4624440969317149,0.17333333333333337,0.16184498645285014,0.28,0.0,0.5,0.25,0.0,0.0,0.0,2.3950224558343076,2.734510393962518,2.083333333333333,1.126011262856224,0.013796909492273728,2.458436620166627,83.0,0.0251004016064257,0.7894736842105263,-0.09349943405854305,2.293873605277716,0.3638712108093273,0.8599465628188099,0.015957544463568556,0.1506187321428572,0.07115384615384619,5.976190476190476,1.942502990733699,10.0,0,1
2021-06-22,BABA,2.0,2.0,0.0,1.0,12.284033186999386,5.934894195619588,6.349138991379798,1.1688666666666667,7.23247562585882,0.3333333333333333,1.9938047370848269,3.0,1.0,0.0,0.0,0.0,0.0,151,0.5844333333333334,0.5887704401119005,0.16666666666666666,0.1623086413666595,0.5,0.0,0.0,0.5,0.0,0.0,0.0,2.967447097809794,3.174569495689899,2.0,1.0986122886681098,0.013245033112582781,2.586562801779927,83.0,0.024096385542168676,0.7631578947368421,0.1507832326081236,1.4271637468448815,0.18232155679395468,0.7024249617200142,0.012096385542168676,0.37893917999401017,0.01997055006488968,5.0,1.791759469228055,10.0,0,1
2021-06-22,BB,3.908333333333333,7.0,5.0,0.0,38.33903309096488,21.056510848673213,17.282522242291666,1.8723388888888888,18.349072215456484,0.9730769230769232,8.820654435580758,9.45,1.25,0.2,6.0,0.0,0.0,151,0.4790632551528074,0.47860028634318097,0.24897490569132363,0.2300698198270281,0.31982942430703626,0.051172707889125806,0.7142857142857143,0.0,1.535181236673774,0.0,0.0,5.387593394116814,4.421967311460555,3.908333333333333,1.5909344408695407,0.02588300220750552,3.6722172343915744,83.0,0.04708835341365462,0.9122807017543859,0.045413154427597635,0.46611055230059206,0.024056142854236295,0.39262726620817734,0.01675502008032128,0.1832888084635484,0.06111221886702789,16.0,2.833213344056216,16.0,0,1
2021-06-22,CLF,2.375,4.0,2.0,1.0,24.36556810996482,12.855680925361229,11.509887184603592,1.0956916666666667,11.160547318521697,0.3119047619047619,3.5185840649646902,14.75,1.25,0.0,0.0,0.0,0.0,151,0.46134385964912283,0.45804584847571655,0.13132832080200502,0.1444080453648725,0.5263157894736842,0.0,0.5,0.25,0.0,0.0,0.0,5.412918284362623,4.846268288254144,2.375,1.2163953243244932,0.015728476821192054,3.233392668164438,83.0,0.0286144578313253,0.8421052631578947,0.02769375892391307,0.42012502511907623,0.11778303565638337,0.4410353260329609,0.0126144578313253,0.15500698761655812,-0.09805737104086087,12.125,2.5745188084776873,10.0,0,1
2021-06-22,CLNE,4.625,6.0,6.0,1.0,42.57863907487706,24.79902810541539,17.779610969461675,1.5679583333333333,15.072284340251239,0.4090909090909091,4.166534567214508,7.5,0.5,0.0,0.0,0.0,0.0,151,0.339018018018018,0.35398699131143513,0.08845208845208846,0.09785504322689624,0.10810810810810811,0.0,1.0,0.16666666666666666,0.0,0.0,0.0,5.361952022792517,3.8442402096133352,4.625,1.7272209480904839,0.030629139072847682,3.7745671008250326,83.0,0.05572289156626506,0.9473684210526315,-0.09463208270719176,0.9588111556206445,-0.49933124434025533,0.9648688604516453,-0.010419965576592083,0.18629697632896933,-0.048182238129003546,21.251190476190473,3.1023955117288184,9.0,0,1
2021-06-22,CLOV,5.575,9.0,6.0,2.0,62.169220666166545,34.4874255506817,27.681795115484846,1.8076333333333332,19.560276667050626,1.6397435897435897,18.54087206101216,14.95,3.25,2.2,1.0,0.0,0.0,151,0.32423916292974586,0.3146295941537455,0.29412441071633894,0.298232338484217,0.5829596412556054,0.3946188340807175,0.6666666666666666,0.2222222222222222,0.17937219730941703,0.0,0.0,6.186085300570708,4.965344415333605,5.575,1.8832745780638283,0.03692052980132451,4.145817167746752,83.0,0.06716867469879519,0.9824561403508771,-0.1094109377954639,1.1439799175561582,0.9181936820202412,0.9975251716951483,0.05416867469879519,0.06727992743752675,0.05466923978536478,10.875,2.474435349920705,14.0,0,1
2021-06-22,DKNG,2.5,3.0,2.0,1.0,14.8413315372318,8.381299748284448,6.460031788947355,0.6581333333333333,3.843350605458583,-1.0,-3.5553480614894135,1.0,0.0,1.0,0.0,0.0,0.0,151,0.26325333333333334,0.2589626541134087,-0.4,-0.23955721577745684,0.0,0.4,0.6666666666666666,0.3333333333333333,0.0,0.0,0.0,3.352519899313779,2.5840127155789423,2.5,1.252762968495368,0.016556291390728478,2.7626224445472203,83.0,0.030120481927710843,0.8596491228070176,-0.17039676739187642,1.1271864421834505,0.10763066419236544,0.827875691486813,0.0129776247848537,0.1273455069318727,-0.5471685728126335,18.351190476190474,2.9627539409006465,8.0,0,1
2021-06-22,GME,2.658333333333333,7.0,3.0,1.0,25.85592972899245,13.068908693434734,12.787021035557716,1.1645722222222223,11.360907562277447,-0.1230769230769231,-2.2052196203427052,7.7,0.25,0.45,0.25,0.25,0.0,151,0.43808359456635326,0.43939273046284527,-0.046298529057149755,-0.08528873815239278,0.09404388714733543,0.16927899686520378,0.42857142857142855,0.14285714285714285,0.09404388714733543,0.09404388714733543,0.0,4.916203897216828,4.810164652874376,2.658333333333333,1.2970076702931252,0.01760485651214128,3.290486643089281,83.0,0.032028112449799195,0.8771929824561403,0.004433493841143499,-0.6334173282031039,-0.47268470490625125,-0.4244858193795731,-0.006924268502581751,0.09089562034998233,-0.2515245958318938,17.56071428571429,2.9210472118391926,20.0,0,1
2021-06-22,GSAT,2.0,2.0,2.0,1.0,16.749228801170673,9.141847375530883,7.607381425639792,0.8127,6.681682455029836,1.0,9.192278229157775,4.0,1.0,0.0,0.0,0.0,0.0,151,0.40635,0.3989247824092549,0.5,0.5488179986242285,0.5,0.0,1.0,0.5,0.0,0.0,0.0,4.570923687765442,3.803690712819896,2.0,1.0986122886681098,0.013245033112582781,2.8763420671561706,83.0,0.024096385542168676,0.7631578947368421,-0.027300100725209775,0.0,1.0986122886681098,1.0986122886681098,0.024096385542168676,0.40635,0.5,0.0,0.0,0.0,1,1
2021-06-22,PLTR,2.25,3.0,2.0,1.0,16.86941004737832,8.966866554188723,7.902543493189597,1.7604416666666667,13.295309766316036,2.173076923076923,16.580086961555736,7.25,2.25,0.0,3.0,0.0,0.0,151,0.7824185185185185,0.7881312819461795,0.9658119658119657,0.982849246949952,1.0,0.0,0.6666666666666666,0.3333333333333333,1.3333333333333333,0.0,0.0,3.9852740240838767,3.51224155252871,2.25,1.1786549963416462,0.014900662251655629,2.883090315049338,83.0,0.02710843373493976,0.8245614035087719,0.34876841779330875,0.27340814785698686,-0.4554755286828258,0.1962712252307509,-0.005891566265060242,0.5534346369837828,0.8092145704476925,18.333333333333332,2.9618307218783095,16.0,0,1
2021-06-22,PRPL,5.25,6.0,5.0,3.0,38.56609729147008,20.395220228267966,18.17087706320212,2.1675833333333334,16.077212371315007,0.3214285714285714,2.4002469452787807,21.75,1.25,1.0,0.0,0.0,0.0,151,0.4128730158730159,0.41687423671129176,0.06122448979591836,0.06223722683523021,0.23809523809523808,0.19047619047619047,0.8333333333333334,0.5,0.0,0.0,0.0,3.8848038530034223,3.4611194406099277,5.25,1.8325814637483102,0.0347682119205298,3.677972622569416,83.0,0.06325301204819277,0.9649122807017544,-0.020777084852193872,4.036608588135898,1.1394342831883648,1.5960353941836276,0.055253012048192766,0.28947634920634924,-0.032346938775510224,5.5,1.8718021769015913,8.0,0,1
2021-06-22,SPY,2.7,4.0,2.0,1.0,17.916568701805133,8.976794734199654,8.939773967605477,-0.7251166666666666,-6.832118424144431,-0.7333333333333334,-5.695012108498341,9.2,0.0,1.2,0.0,0.0,0.0,151,-0.2685617283950617,-0.3813296249887447,-0.2716049382716049,-0.31786287895207055,0.0,0.4444444444444444,0.5,0.25,0.0,0.0,0.0,3.324738790444316,3.311027395409436,2.7,1.308332819650179,0.017880794701986755,2.9400381889207927,83.0,0.032530120481927716,0.8947368421052632,-0.7022118291202715,0.45402682231298613,-0.8908739188900316,0.27590357115740227,-0.031612736660929425,-0.49636558467843106,-0.40027386490585043,12.267857142857142,2.58534435398261,19.0,0,1
2021-06-22,WISH,7.333333333333334,9.0,9.0,6.0,84.37559330292356,48.5685864046909,35.80700689823266,5.591505555555556,64.9380312679303,3.111111111111111,33.074684855254546,15.5,3.333333333333333,0.0,2.0,0.0,0.0,151,0.7624780303030303,0.7696305142980279,0.4242424242424242,0.3919935085553766,0.4545454545454545,0.0,1.0,0.6666666666666666,0.2727272727272727,0.0,0.0,6.622989055185122,4.882773667940817,7.333333333333334,2.120263536200091,0.04856512141280354,4.447060267242193,83.0,0.08835341365461848,1.0,0.32882792957782053,1.0221208870628806,-0.14410034397375693,1.172389021706897,0.01935341365461847,0.4494122836108158,0.29802347190678363,45.416666666666664,3.8376585901392835,10.0,0,1
2021-06-22,WKHS,2.125,3.0,2.0,0.0,13.443547034635554,4.936208098321138,8.507338936314415,0.7525416666666668,3.8823264231959893,1.0,4.382026634673881,4.0,1.0,0.0,0.0,0.0,0.0,151,0.35413725490196085,0.28878735747297046,0.47058823529411764,0.32595762289402924,0.47058823529411764,0.0,0.6666666666666666,0.0,0.0,0.0,0.0,2.3229214580334765,4.003453617089137,2.125,1.1394342831883648,0.014072847682119206,2.670247742817931,83.0,0.025602409638554216,0.8070175438596491,-0.07951284582324891,0.7237353686512925,0.0,0.5642750823962777,0.008602409638554215,0.13385529465665658,0.3436826478464243,11.309523809523808,2.5103732562250607,8.0,0,1
2021-06-23,AMC,4.25,9.0,3.0,4.0,26.07866490379573,10.93705915127795,15.14160575251778,0.765838888888889,3.241957099543561,-1.2003968253968256,-7.350618615914611,43.625,0.7916666666666666,2.0,0.0,0.0,0.0,180,0.18019738562091506,0.12431453494659908,-0.2824463118580766,-0.2818633025513792,0.18627450980392157,0.47058823529411764,0.3333333333333333,0.4444444444444444,0.0,0.0,0.0,2.5734256826536352,3.5627307652983013,4.25,1.6582280766035324,0.02361111111111111,3.298746144900915,104.0,0.040865384615384616,0.9444444444444444,-0.2243911503846819,-0.5456518638851483,-0.029712897318511455,-0.43064239601095067,-0.012247065183812168,-0.18023638737883887,-0.5844025610358978,52.935714285714276,3.987792861194121,20.0,0,2
2021-06-23,AMD,3.3666666666666667,7.0,3.0,2.0,26.420740208825432,14.726304836458374,11.694435372367057,1.2096644444444447,10.003642660858146,1.3666666666666667,12.501393203236937,10.566666666666666,2.1999999999999997,0.16666666666666666,1.6,0.0,0.0,180,0.3593062706270628,0.37862840260306513,0.40594059405940597,0.4731658955967117,0.6534653465346534,0.0495049504950495,0.42857142857142855,0.2857142857142857,0.4752475247524753,0.0,0.0,4.374149951423279,3.473594665059522,3.3666666666666667,1.4739999415389962,0.018703703703703705,3.311299668985903,104.0,0.032371794871794875,0.9027777777777778,-0.04528226537853419,1.7639855157475846,0.4807481685287128,0.9252866542879699,0.0118898671609515,0.09845649125945988,0.15681501177205898,8.824999999999998,2.2849301577553245,14.0,0,2
2021-06-23,ASO,2.0,2.0,2.0,1.0,13.333855311498064,7.996317231796746,5.337538079701318,1.3465,9.02052918877368,1.0,7.265429723253954,1.0,1.0,0.0,0.0,0.0,0.0,180,0.67325,0.6765132047739476,0.5,0.5448858978534753,0.5,0.0,1.0,0.5,0.0,0.0,0.0,3.998158615898373,2.668769039850659,2.0,1.0986122886681098,0.011111111111111112,2.662624243443627,104.0,0.019230769230769232,0.8125,0.26866146399440305,1.2122192886133165,0.08701137698962991,0.623685235671925,-0.001853568118628357,0.43041565359477124,0.2953499989739486,6.783333333333333,2.0519846954467966,11.0,0,2
2021-06-23,BB,3.125,4.0,3.0,1.0,30.688654474710745,17.781532638006226,12.907121836704519,-0.26021249999999996,-3.1452901906592876,0.6666666666666667,5.249895117615141,4.0,1.0,1.0,0.0,0.0,0.0,180,-0.08326799999999998,-0.10249032564302198,0.21333333333333335,0.17106957628075103,0.32,0.32,0.75,0.25,0.0,0.0,0.0,5.690090444161992,4.130278987745446,3.125,1.4170660197866443,0.017361111111111112,3.455958713814698,104.0,0.030048076923076924,0.8611111111111112,-0.487856536005597,0.22935714117609393,-0.17386842108289646,0.19414273751520938,-0.017040276490577693,-0.371927276113566,0.013021901224471472,16.366666666666667,2.8545526600912114,16.0,0,2
2021-06-23,CLNE,6.125,7.0,7.0,1.0,52.869272563027614,30.57562523408532,22.293647328942292,2.2426208333333335,18.420623815350528,4.0,33.080777972909075,12.0,4.0,0.0,2.0,4.0,0.0,180,0.36614217687074835,0.348418333038166,0.6530612244897959,0.6257089679732615,0.6530612244897959,0.0,1.0,0.14285714285714285,0.32653061224489793,0.6530612244897959,0.0,4.991938813728216,3.6397791557456802,6.125,1.9636097261547143,0.034027777777777775,3.986560233037645,104.0,0.05889423076923077,0.9722222222222222,-0.03844635913484862,1.1021656651403668,0.23638877806423042,1.1148965911113513,0.003171339202965709,0.19647023428079877,0.5120042934860994,23.71785714285714,3.207525943672614,10.0,0,2
2021-06-23,CLOV,7.625,9.0,9.0,3.0,89.74866023778232,51.75670719614477,37.991953041637544,3.4292375,39.72573945095015,4.5,55.26377978057046,12.5,4.5,0.0,2.0,0.0,0.0,180,0.4497360655737705,0.44263323091063195,0.5901639344262295,0.6157616128658995,0.5901639344262295,0.0,1.0,0.3333333333333333,0.26229508196721313,0.0,0.0,6.78776487818292,4.9825512185754155,7.625,2.1546649629174235,0.04236111111111111,4.508093709815953,104.0,0.0733173076923077,0.9861111111111112,0.04514752956817353,1.3794998283799942,0.27139038485359523,1.2373899760703204,0.0061486329935125095,0.19154020526839743,0.3531454001022955,15.075000000000001,2.7772652701236833,14.0,0,2
2021-06-23,CRSR,2.6666666666666665,4.0,4.0,2.0,25.45381856523305,14.307652994821467,11.146165570411586,1.7120888888888888,16.372328230387474,1.1313131313131313,9.481945786029542,17.0,1.6666666666666665,0.0,2.0,0.0,0.0,180,0.6420333333333333,0.6432169769902488,0.42424242424242425,0.3725156507157938,0.625,0.0,1.0,0.5,0.75,0.0,0.0,5.36536987305805,4.179812088904345,2.6666666666666665,1.2992829841302609,0.014814814814814814,3.2754005170800355,104.0,0.02564102564102564,0.8333333333333334,0.23744479732773638,1.552229996144492,1.0761394328160512,0.8601287180796542,0.022628977448254557,0.3870835104606734,0.3019369187956129,7.860714285714286,2.1816273805225515,10.0,0,2
2021-06-23,DKNG,5.325,7.0,5.0,3.0,36.956639238072576,21.249923997196507,15.706715240876068,3.9994283333333334,27.008525409797656,4.331666666666667,30.18904182108834,29.375,5.125,0.0,17.0,1.0,0.0,180,0.7510663536776213,0.7308165993073739,0.8134585289514867,0.8168773579927612,0.9624413145539906,0.0,0.7142857142857143,0.42857142857142855,3.192488262910798,0.18779342723004694,0.0,3.9905960558115505,2.9496178856105293,5.325,1.8445100346135839,0.029583333333333333,3.6364444355249845,104.0,0.051201923076923075,0.9583333333333334,0.34647781767202435,1.8103180258397342,0.5917470661182158,1.3569846091802602,0.021081441149212232,0.601995860609494,0.6862899561388532,20.684523809523807,3.076598817605305,9.0,0,2
2021-06-23,GME,3.916666666666667,8.0,4.0,1.0,40.32776082234669,21.627423088428426,18.700337733918268,2.7393,30.023848164241212,2.442460317460317,25.04121283791605,24.958333333333336,2.7916666666666665,0.0,12.0,0.0,0.0,180,0.6993957446808511,0.7444957902945158,0.6236068895643363,0.6209423069192586,0.7127659574468084,0.0,0.5,0.125,3.0638297872340425,0.0,0.0,5.521895256620023,4.774554315042962,3.916666666666667,1.5926307941177191,0.02175925925925926,3.721534449033861,104.0,0.037660256410256415,0.9166666666666666,0.2948072086752541,-0.14728094119849539,0.2956231238245939,-0.09948601893568476,0.00563214396045722,0.35743304347248084,0.43340740106735887,19.227380952380955,3.0070371792483996,20.0,0,2
2021-06-23,PLTR,4.125,5.0,4.0,2.0,34.802388190323335,18.764821435092127,16.037566755231207,1.6635458333333333,16.412407975373913,1.0694444444444444,9.079117812148777,3.125,1.125,0.0,2.0,0.0,0.0,180,0.40328383838383836,0.4715885555215236,0.25925925925925924,0.26087628706679356,0.2727272727272727,0.0,0.8,0.4,0.48484848484848486,0.0,0.0,4.549047620628395,3.8878949709651414,4.125,1.634130525024472,0.022916666666666665,3.578014600408602,104.0,0.039663461538461536,0.9305555555555556,-0.0013046976217586104,1.0232505572444894,0.4554755286828258,0.6935591551236077,0.012555027803521777,0.14220108220522792,0.07937126560438776,17.333333333333332,2.908720896564361,16.0,0,2
2021-06-23,PRPL,3.1666666666666665,4.0,3.0,2.0,23.327009860220503,12.10225517581952,11.224754684400985,1.8373111111111111,13.569159078192623,1.0833333333333333,8.087574008198972,44.166666666666664,2.0,1.1666666666666667,33.0,0.0,0.0,180,0.5802035087719298,0.5816930313615583,0.34210526315789475,0.3467042735721861,0.6315789473684211,0.368421052631579,0.75,0.5,10.421052631578949,0.0,0.0,3.821764792364059,3.544659374021364,3.1666666666666665,1.4271163556401456,0.01759259259259259,3.191587249950483,104.0,0.030448717948717948,0.875,0.17561497276633287,2.0819382182270565,-0.4054651081081646,1.0989412128880476,-0.032804294099474815,0.43616319131161235,0.24547261009667024,10.75,2.463853240590168,9.0,0,2
2021-06-23,RKT,3.3333333333333335,4.0,4.0,2.0,20.535090732202743,10.893981479234313,9.641109252968429,0.31772222222222224,2.735782902251202,1.3333333333333333,11.78108779870848,3.3333333333333335,1.3333333333333333,0.0,0.0,0.0,0.0,180,0.09531666666666666,0.13322477791447002,0.39999999999999997,0.5737051738580147,0.39999999999999997,0.0,1.0,0.5,0.0,0.0,0.0,3.2681944437702937,2.8923327758905284,3.3333333333333335,1.4663370687934272,0.01851851851851852,3.0696837317408825,104.0,0.032051282051282055,0.8888888888888888,-0.3092718693389303,1.4400578919184144,1.2431935174792175,0.8014307174002625,0.029039233858510972,-0.2546690566524276,0.12852762063702278,6.559523809523809,2.022808200049378,16.0,0,2
2021-06-23,SPCE,2.0,2.0,2.0,1.0,16.27887891505999,8.554874258383926,7.724004656676065,0.33993333333333337,3.197286831353227,1.0,7.741099090035366,3.0,1.0,0.0,0.0,0.0,0.0,180,0.16996666666666668,0.19640706513243603,0.5,0.4755302334040881,0.5,0.0,1.0,0.5,0.0,0.0,0.0,4.277437129191963,3.8620023283380327,2.0,1.0986122886681098,0.011111111111111112,2.849484883670572,104.0,0.019230769230769232,0.8125,-0.23462186933893028,0.29382109870255513,1.0986122886681098,0.28543051538864217,0.019230769230769232,-0.07347494158327056,0.35749442058758696,1.4583333333333333,0.8994836135577738,11.0,0,2
2021-06-23,UWMC,3.0,3.0,2.0,2.0,27.297535999099402,14.878976382443549,12.418559616655855,0.30446666666666666,1.7241423530154063,1.0,9.608574962178647,7.0,2.0,1.0,0.0,0.0,0.0,180,0.10148888888888889,0.06316109824243071,0.3333333333333333,0.35199422257362906,0.6666666666666666,0.3333333333333333,0.6666666666666666,0.6666666666666666,0.0,0.0,0.0,4.95965879414785,4.139519872218618,3.0,1.3862943611198906,0.016666666666666666,3.3427747336889935,104.0,0.028846153846153848,0.8472222222222222,-0.30309964711670806,0.09023282038393253,0.3746934494414107,0.07719305473377625,0.007761816496756259,-0.27871576947640553,0.14554278934264642,17.45833333333333,2.91551593969719,17.0,0,2
2021-06-23,WISH,18.0,19.0,16.0,19.0,184.17323339344588,107.10217442961643,77.07105896382943,12.979383333333333,134.48977744439347,6.127777777777777,63.587099732816796,31.5,7.0,0.0,2.0,0.0,0.0,180,0.7210768518518518,0.7302351974083304,0.34043209876543207,0.3452570091820935,0.3888888888888889,0.0,0.8421052631578947,1.0,0.1111111111111111,0.0,0.0,5.950120801645357,4.281725497990524,18.0,2.9444389791664403,0.1,5.221291783653742,104.0,0.17307692307692307,1.0,0.3164883158462548,1.6400129463290314,0.8241754429663493,1.8905512878632418,0.0847235094223046,0.36988720364448574,0.19300102521767026,47.41666666666667,3.879844107063911,11.0,0,2
2021-06-24,AMC,2.125,5.0,2.0,1.0,11.192686750140638,5.595426469696956,5.597260280443684,0.5688472222222222,4.181676971674477,0.800595238095238,4.1807757925637885,18.833333333333336,1.4583333333333333,0.0,0.0,0.0,0.0,163,0.2676928104575163,0.37360796965232085,0.37675070028011204,0.37352745465794945,0.6862745098039216,0.0,0.4,0.2,0.0,0.0,0.0,2.633141868092685,2.6340048378558514,2.125,1.1394342831883648,0.01303680981595092,2.500836325289415,99.0,0.021464646464646464,0.8283582089552238,-0.13000406417689797,-1.1916702699858073,-0.5187937934151676,-0.9438122902547832,-0.019400738150738152,-0.09820732754977907,0.09018586796429606,43.61071428571428,3.7979740607966597,20.0,0,3
2021-06-24,AMD,2.125,3.0,3.0,1.0,16.182558936352596,9.401795572675097,6.780763363677499,0.721125,5.862873576163967,0.3958333333333333,3.2175160625419483,3.5,1.125,0.0,0.0,0.0,0.0,163,0.3393529411764706,0.36229582720651016,0.18627450980392157,0.19882616063360048,0.5294117647058824,0.0,1.0,0.3333333333333333,0.0,0.0,0.0,4.4243743871412216,3.1909474652599994,2.125,1.1394342831883648,0.01303680981595092,2.8438948540297164,99.0,0.021464646464646464,0.8283582089552238,-0.0583439334579437,0.9556195013477978,-0.33456565835063135,0.5372942542657968,-0.01090714840714841,0.06245618161084787,-0.08314810218639573,11.191666666666665,2.500752658238078,14.0,0,3
2021-06-24,BB,9.458333333333334,11.0,9.0,4.0,78.52134482080632,42.806800109381435,35.714544711424864,0.9390972222222222,8.965279957929381,1.75,14.670694897292758,11.0,3.0,1.0,0.0,0.0,0.0,163,0.099287812041116,0.1141763424759097,0.18502202643171806,0.18683703050135952,0.3171806167400881,0.10572687224669602,0.8181818181818182,0.36363636363636365,0.0,0.0,0.0,4.525829086454425,3.77598710605373,9.458333333333334,2.347399108783838,0.05802658486707567,4.376025473935779,99.0,0.09553872053872055,0.9850746268656716,-0.29840906259329825,1.3085465948682908,0.9303330889971939,1.0647797030887816,0.06549064361564362,-0.1755597307391167,-0.0009560723438105101,17.116666666666667,2.896832324899109,16.0,0,3
2021-06-24,BCRX,2.0,2.0,2.0,2.0,10.38591370178042,3.9889840465642745,6.396929655216146,1.2887,6.227662228319234,0.25,0.8047189562170501,8.0,1.0,0.0,0.0,0.0,0.0,163,0.64435,0.5996258400694826,0.125,0.07748176802962459,0.5,0.0,1.0,1.0,0.0,0.0,0.0,1.9944920232821373,3.198464827608073,2.0,1.0986122886681098,0.012269938650306749,2.43237695117296,99.0,0.020202020202020204,0.7910447761194029,0.2466531253655857,3.842362679322319,0.4054651081081645,0.9978671376409965,0.010586635586635588,0.5494455555555555,0.08774509803921568,1.0,0.6931471805599453,3.0,0,3
2021-06-24,CLNE,2.625,4.0,4.0,0.0,24.055511005878543,13.994532131165016,10.06097887471353,1.0791416666666667,10.232108432758821,-0.5,-5.076636517398379,0.5,0.0,0.5,0.0,0.0,0.0,163,0.4111015873015873,0.42535402512373816,-0.19047619047619047,-0.21103839848414696,0.0,0.19047619047619047,1.0,0.0,0.0,0.0,0.0,5.3312503356819105,3.832753857033726,2.625,1.2878542883066382,0.016104294478527608,3.2210938035690435,99.0,0.026515151515151516,0.8656716417910447,0.013404712667173024,0.334243387599802,-0.6757554378480761,0.3409606669555396,-0.03237907925407925,0.2231225358681003,-0.3641861827043767,24.01785714285714,3.2195898556018574,11.0,0,3
2021-06-24,CLOV,9.416666666666666,13.0,12.0,4.0,101.0123812876467,59.99567477118968,41.01670651645701,2.7120083333333334,32.12687212263901,1.0,12.285920252630246,9.083333333333332,1.5,0.5,1.25,0.0,0.0,163,0.2880008849557522,0.31804885414148687,0.10619469026548674,0.1216278647826784,0.1592920353982301,0.05309734513274337,0.9230769230769231,0.3076923076923077,0.13274336283185842,0.0,0.0,6.371222099595364,4.355756444225523,9.416666666666666,2.3434070875143007,0.05777096114519427,4.625094191090694,99.0,0.09511784511784512,0.9701492537313433,-0.10969598967866206,1.4918199058265653,0.18874212459687723,1.3907448016681427,0.02180053742553742,0.02673822137169063,-0.11994742539514335,16.991666666666667,2.8899086877327615,14.0,0,3
2021-06-24,GME,3.2916666666666665,8.0,5.0,1.0,26.46656808334199,14.808431104248763,11.658136979093229,-0.3393083333333333,-2.5469055770212323,5.551115123125783e-17,-0.7911288559327492,6.0,0.8333333333333333,0.6666666666666666,0.0,0.0,0.0,163,-0.10308101265822785,-0.09623104775054875,1.686414720949605e-17,-0.029891629826788318,0.2531645569620253,0.20253164556962025,0.625,0.125,0.0,0.0,0.0,4.498763879771777,3.54171249997769,3.2916666666666665,1.45667515788169,0.020194274028629857,3.3129695590421613,99.0,0.03324915824915825,0.9402985074626866,-0.5007778872926422,-0.3320460734801695,-0.13595563623602902,-0.2241828859692916,-0.004411098161098165,-0.4628456551124877,-0.20037827574585024,17.819047619047623,2.93486952815029,20.0,0,3
2021-06-24,GOEV,2.125,3.0,2.0,1.0,18.869977348304555,11.608356495607225,7.261620852697334,0.5233833333333333,4.97274304800355,0.5714285714285714,5.5411524202909535,17.25,1.0,0.0,4.75,0.0,0.0,163,0.24629803921568627,0.26352670998040945,0.2689075630252101,0.2936491294086699,0.47058823529411764,0.0,0.6666666666666666,0.3333333333333333,2.235294117647059,0.0,0.0,5.4627559979328115,3.417233342445804,2.125,1.1394342831883648,0.01303680981595092,2.9892099165683375,99.0,0.021464646464646464,0.8283582089552238,-0.151398835418728,2.0564232673146465,1.1394342831883648,0.8896899363319589,0.021464646464646464,0.11777478921568624,0.2397486344537815,3.0,1.3862943611198906,6.0,0,3
2021-06-24,GSAT,2.125,3.0,3.0,1.0,9.65935194715883,5.665726705410323,3.9936252417485063,0.752675,3.664394218075393,1.4,3.7159274093651056,11.0,2.0,0.0,0.0,0.0,0.0,163,0.3542,0.37936232555986593,0.6588235294117647,0.3846973823599104,0.9411764705882353,0.0,1.0,0.3333333333333333,0.0,0.0,0.0,2.666224331957799,1.8793530549404736,2.125,1.1394342831883648,0.01303680981595092,2.3664376239402793,99.0,0.021464646464646464,0.8283582089552238,-0.04349687463441426,3.6033371646705152,0.3856624808119846,1.0468150786361403,0.010647338772338772,0.3124060185185185,0.6338235294117647,3.125,1.4170660197866443,2.0,0,3
2021-06-24,PLTR,3.083333333333333,6.0,5.0,2.0,30.471518621780614,17.845278885737628,12.626239736042987,1.4230444444444443,14.352212583186223,0.22916666666666669,2.9635646313227753,1.8333333333333333,0.625,0.3333333333333333,0.5,0.0,0.0,163,0.46152792792792796,0.47100417807622696,0.07432432432432434,0.0972568734793697,0.20270270270270271,0.10810810810810811,0.8333333333333334,0.3333333333333333,0.16216216216216217,0.0,0.0,5.787658016995988,4.094996671149077,3.083333333333333,1.4069136483226263,0.018916155419222903,3.449082966085542,99.0,0.031144781144781142,0.8955223880597015,0.06383105329351368,0.7127223128429114,-0.22721687670184565,0.47525468999207776,-0.008518680393680395,0.19061927251305244,-0.1054815472972056,20.958333333333332,3.0891467181934167,16.0,0,3
2021-06-24,SPCE,3.166666666666667,4.0,4.0,1.0,22.662026096020334,12.622695139470416,10.039330956549918,0.4051166666666667,3.548920032852097,1.0,7.37650812632622,1.3333333333333333,1.0,0.0,0.0,0.0,0.0,163,0.12793157894736842,0.15660206275533858,0.3157894736842105,0.3255008221714829,0.3157894736842105,0.0,1.0,0.25,0.0,0.0,0.0,3.9861142545696047,3.1703150389105,3.166666666666667,1.4271163556401458,0.019427402862985686,3.163871488697076,99.0,0.03198653198653199,0.9104477611940298,-0.2697652956870459,0.5859920729495396,0.32850406697203605,0.5590039679272727,0.012755762755762755,-0.12400836263590212,0.1482838942717975,3.125,1.4170660197866443,12.0,0,3
2021-06-24,TLRY,2.8333333333333335,4.0,4.0,1.0,22.54692009260805,13.019385257361854,9.527534835246197,0.7015777777777776,5.971110354759993,0.9603174603174602,7.686892864378784,5.5,1.0,0.3333333333333333,0.0,0.0,0.0,163,0.24761568627450975,0.2648304216378363,0.33893557422969184,0.3409287314101455,0.3529411764705882,0.1176470588235294,1.0,0.25,0.0,0.0,0.0,4.595077149657125,3.3626593536163045,2.8333333333333335,1.3437347467010947,0.017382413087934562,3.158995030279532,99.0,0.02861952861952862,0.8805970149253731,-0.15008118835990453,2.0401137213772382,0.4274440148269396,0.888489226227968,0.014196451696451697,0.05880918735676083,0.23077797785780974,4.0,1.6094379124341003,12.0,0,3
2021-06-24,TSLA,5.458333333333334,8.0,4.0,2.0,44.90877378521473,25.266528265946636,19.642245519268094,2.250480555555556,16.114562773920557,3.0,21.348616373537233,21.5,3.0,0.0,14.5,0.0,0.0,163,0.41230178117048344,0.35882883044172403,0.5496183206106869,0.47537740566334097,0.5496183206106869,0.0,0.5,0.25,2.65648854961832,0.0,0.0,4.628982277730681,3.598579331774307,5.458333333333334,1.865371286571301,0.03348670756646217,3.826656248804343,99.0,0.05513468013468014,0.9552238805970149,0.014604906536069162,2.3570266293091326,1.1722241060113556,1.1069452383370095,0.045519295519295525,0.0796293127579718,0.4186601825522647,6.783333333333333,2.0519846954467966,17.0,0,3
2021-06-24,WISH,11.0,13.0,11.0,13.0,114.65134923365147,65.91980761122907,48.731541622422405,8.213394444444445,85.9297836119541,2.642857142857143,31.018257150380023,20.0,4.5,1.3333333333333333,3.0,0.0,2.0,163,0.7466722222222223,0.7494877660517991,0.24025974025974026,0.2705441964504663,0.4090909090909091,0.1212121212121212,0.8461538461538461,1.0,0.2727272727272727,0.0,0.18181818181818182,5.992709782839007,4.430140147492946,11.0,2.4849066497880004,0.06748466257668712,4.7505800551347,99.0,0.1111111111111111,1.0,0.348975347587808,1.0714269970930468,-0.4595323293784399,1.28379700952648,-0.06196581196581197,0.3594287314222637,0.07580706177370686,48.75,3.907010463604602,12.0,0,3
2021-06-24,WKHS,3.25,7.0,5.0,2.0,33.14605508008119,18.891091796813573,14.254963283267617,1.6962805555555556,15.82531612038626,-1.1111111111111112,-12.156340457643692,11.916666666666668,1.0,1.9999999999999998,3.75,0.0,0.0,163,0.5219324786324786,0.47744191826605437,-0.3418803418803419,-0.3667507469071012,0.3076923076923077,0.6153846153846153,0.7142857142857143,0.2857142857142857,1.1538461538461537,0.0,0.0,5.812643629788791,4.386142548697729,3.25,1.4469189829363254,0.019938650306748466,3.5306470619233923,99.0,0.03282828282828283,0.9253731343283582,0.12423560399806433,1.0069867701804338,0.5474353693785515,0.7698138873069312,0.018805846930846935,0.250258560403981,-0.49660105537845534,10.166666666666666,2.412933150162911,10.0,0,3
2021-06-25,AMC,4.125,5.0,4.0,1.0,29.203115626330586,18.428775518509777,10.774340107820809,1.4954916666666667,8.749218728492094,2.0972222222222223,12.306216129784332,6.125,2.125,0.0,1.0,1.0,0.0,138,0.36254343434343433,0.29959881132010047,0.5084175084175084,0.421400794601813,0.5151515151515151,0.0,0.8,0.2,0.24242424242424243,0.24242424242424243,0.0,4.467581943881158,2.61196123825959,4.125,1.634130525024472,0.029891304347826088,3.4079450854943207,74.0,0.05574324324324324,0.9423076923076923,-0.047632456838918424,-0.5913927299751821,0.49469624183610716,-0.4596109646468858,0.03427859677859678,0.00825365581326315,0.23880109426494434,38.44404761904761,3.6748831517264176,20.0,0,4
2021-06-25,ASO,2.0,2.0,2.0,1.0,15.49275664040357,8.496990484098719,6.9957661563048505,0.6282,4.8749551335035015,0.75,5.989623645249546,8.0,1.0,0.0,0.0,0.0,0.0,138,0.3141,0.3146602794231017,0.375,0.3866079990974106,0.5,0.0,1.0,0.5,0.0,0.0,0.0,4.248495242049359,3.4978830781524253,2.0,1.0986122886681098,0.014492753623188406,2.8029212930308685,74.0,0.02702702702702703,0.8269230769230769,-0.09607589118235277,1.094296918013434,1.0986122886681098,0.5687546212385195,0.02702702702702703,0.03760315359477123,0.14534999897394857,5.583333333333333,1.8845412026790211,12.0,0,4
2021-06-25,BB,2.5833333333333335,5.0,3.0,2.0,29.792042201675173,16.15193749708269,13.640104704592483,1.5088291666666667,17.233531004421735,1.2083333333333335,16.318173182845406,15.125,1.4583333333333333,0.0,0.0,0.0,0.0,138,0.5840629032258065,0.5784608818610197,0.467741935483871,0.547735971652452,0.564516129032258,0.0,0.6,0.4,0.0,0.0,0.0,6.252362902096525,5.280040530809993,2.5833333333333335,1.2762934659055623,0.018719806763285024,3.427256286520749,74.0,0.034909909909909914,0.8846153846153846,0.1738870120434537,-0.15700375466974573,-1.071105642878276,-0.1236958952286864,-0.060628810628810634,0.30425096984351796,0.2725127353867565,24.866666666666667,3.2529551385210635,17.0,0,4
2021-06-25,BBBY,2.0,2.0,2.0,1.0,10.864216133840852,6.269096283706261,4.595119850134591,0.2925666666666667,1.72450578921142,2.0,10.864216133840852,4.0,2.0,0.0,0.0,1.0,0.0,138,0.14628333333333335,0.15873264743323467,1.0,1.0,1.0,0.0,1.0,0.5,0.0,0.5,0.0,3.1345481418531307,2.2975599250672953,2.0,1.0986122886681098,0.014492753623188406,2.473526822289454,74.0,0.02702702702702703,0.8269230769230769,-0.26389255784901944,8.0,1.0986122886681098,1.0639549296401125,0.02702702702702703,0.05864333333333334,0.9615546218487395,0.0,0.0,3.0,0,4
2021-06-25,CLF,3.625,5.0,5.0,4.0,37.91435052613524,21.94056145722895,15.973789068906285,0.8941041666666667,10.485842581055259,1.0,10.517753850242626,5.0,1.0,0.0,0.0,0.0,0.0,138,0.24664942528735634,0.2765665885223888,0.27586206896551724,0.2774082558263129,0.27586206896551724,0.0,1.0,0.8,0.0,0.0,0.0,6.052568677856262,4.406562501767251,3.625,1.5314763709643886,0.026268115942028984,3.661363090721398,74.0,0.048986486486486486,0.9230769230769231,-0.16352646589499642,0.6443322759957926,0.7582864827309069,0.6566371120449576,0.0372019747019747,-0.10861416353718834,0.0399099610825511,6.791666666666666,2.053054786506641,12.0,0,4
2021-06-25,CLNE,5.375,7.0,6.0,0.0,43.72452219435328,26.06830142801322,17.656220766340056,2.4918875000000003,19.44159427804543,2.583333333333333,20.57337679707367,5.5,3.25,0.0,1.25,0.0,0.0,138,0.4636069767441861,0.4446382327891093,0.48062015503875966,0.4705226212793374,0.6046511627906976,0.0,0.8571428571428571,0.0,0.23255813953488372,0.0,0.0,4.8499165447466455,3.2848782821097777,5.375,1.8523840910444898,0.03894927536231884,3.800521946148299,74.0,0.07263513513513513,0.9615384615384616,0.05343108556183335,0.8431398066220883,0.5645298027378516,0.8410977552780594,0.04611998361998361,0.25507284594561974,0.316433972334383,25.601190476190474,3.2809559695301926,12.0,0,4
2021-06-25,CLOV,2.25,4.0,3.0,1.0,23.26513689726089,13.814533527496184,9.450603369764705,0.9997958333333333,10.426981298317337,0.875,8.807985880927465,10.125,1.125,0.0,0.0,0.0,0.0,138,0.4443537037037037,0.448180526268253,0.3888888888888889,0.37859162057905055,0.5,0.0,0.75,0.25,0.0,0.0,0.0,6.1397926788871935,4.200268164339869,2.25,1.1786549963416462,0.016304347826086956,3.1890406245993894,74.0,0.030405405405405407,0.8653846153846154,0.034177812521350937,0.1464252701533703,-1.1647520911726545,0.1434797151477707,-0.0647124397124397,0.1466709958718545,0.20743703871498448,24.7,3.246490991901174,14.0,0,4
2021-06-25,GME,3.083333333333333,6.0,3.0,0.0,19.80916907090356,9.082515650805743,10.72665342009782,0.8101847222222223,5.899656854122565,1.1527777777777777,5.185692982743928,11.625,1.625,0.0,0.0,0.0,0.0,138,0.26276261261261263,0.29782454948038173,0.3738738738738739,0.2617824586272458,0.5270270270270271,0.0,0.5,0.0,0.0,0.0,0.0,2.9456807516126737,3.4789146227344285,3.083333333333333,1.4069136483226263,0.022342995169082124,3.035393710290882,74.0,0.041666666666666664,0.9038461538461539,-0.14741327856974012,-0.4232605269157536,-0.04976150955906378,-0.2836660677999443,0.008417508417508414,-0.05671350552452531,0.18105777279546142,16.985714285714288,2.8895777919949883,20.0,0,4
2021-06-25,TSLA,8.875,11.0,10.0,4.0,64.98580216659525,35.04017880728814,29.945623359307106,4.297104166666667,29.067889517156438,1.8333333333333333,7.8665113460522305,12.5,3.5,1.0,6.0,0.0,0.0,138,0.48418075117370896,0.44729600232738603,0.20657276995305163,0.12104969214484615,0.39436619718309857,0.11267605633802817,0.9090909090909091,0.36363636363636365,0.676056338028169,0.0,0.0,3.9481891613845796,3.3741547447106597,8.875,2.2900063107871858,0.06431159420289854,4.189439600197131,74.0,0.11993243243243243,1.0,0.0740048599913562,3.05744465524022,0.4246350242158847,1.5187835938460341,0.06479775229775228,0.1379765270360065,0.023133715864095072,11.741666666666667,2.5448774631470163,17.0,0,4
2021-06-25,TTD,2.0,2.0,2.0,1.0,9.68439827154996,3.8066624897703196,5.87773578177964,0.8900333333333332,4.142179843651867,0.5,2.3269801750787615,4.0,1.0,0.0,0.0,0.0,0.0,138,0.4450166666666666,0.42771680051825495,0.25,0.24028133806875493,0.5,0.0,1.0,0.5,0.0,0.0,0.0,1.9033312448851598,2.93886789088982,2.0,1.0986122886681098,0.014492753623188406,2.368784571934993,74.0,0.02702702702702703,0.8269230769230769,0.03484077548431386,4.824541368094114,1.0986122886681098,1.0292975706121152,0.02702702702702703,0.41344999999999993,0.275,0.0,0.0,2.0,0,4
2021-06-25,WISH,6.0,6.0,6.0,6.0,68.84644650839371,40.56476579274457,28.281680715649127,4.433166666666667,51.10593490591036,1.25,13.464625094054378,10.0,2.0,0.0,0.0,0.0,0.0,138,0.7388611111111111,0.7423176866460284,0.20833333333333334,0.19557472864504025,0.3333333333333333,0.0,1.0,1.0,0.0,0.0,0.0,6.7607942987907625,4.713613452608188,6.0,1.9459101490553132,0.043478260869565216,4.246299211229126,74.0,0.08108108108108109,0.9807692307692307,0.3286852199287583,0.5188839491256634,-0.5389965007326871,0.6205551763043928,-0.03003003003003002,0.31428400920004135,0.03186766783431294,52.25,3.9749978045895347,13.0,0,4
2021-06-28,AMC,2.5416666666666665,6.0,3.0,1.0,17.11963501109734,7.992541110975312,9.127093900122027,1.373625,9.432158533931593,1.75,13.722571717312611,23.833333333333336,1.8333333333333333,0.3333333333333333,0.5,0.0,0.0,134,0.5404426229508198,0.5509555856662511,0.6885245901639344,0.8015691753017705,0.7213114754098361,0.13114754098360656,0.5,0.16666666666666666,0.19672131147540986,0.0,0.0,3.144606338744385,3.590987763982437,2.5416666666666665,1.2645974261423707,0.01896766169154229,2.89699615753654,68.0,0.037377450980392156,0.9056603773584906,0.19523564629024054,-1.0385051725140824,-0.3695330988821013,-0.8135550823274451,-0.018365792262851087,0.17716358937014354,0.39348730059049486,31.48571428571428,3.4808004322611223,20.0,0,0
2021-06-28,AMD,2.0,2.0,1.0,1.0,11.702454320013535,4.897839799950911,6.804614520062624,0.9642333333333333,5.297097507981427,1.3333333333333333,9.179661230734695,4.0,2.0,0.0,0.0,0.0,0.0,134,0.48211666666666664,0.4526484242645008,0.6666666666666666,0.784421881060936,1.0,0.0,0.5,0.5,0.0,0.0,0.0,2.4489198999754556,3.402307260031312,2.0,1.0986122886681098,0.014925373134328358,2.5417952283378575,68.0,0.029411764705882353,0.8490566037735849,0.13690969000608738,0.7667281000113667,0.18232155679395468,0.4283433680204132,0.009141494435612081,0.19110726004222045,0.40459699585281994,9.316666666666665,2.3337607104624953,15.0,0,0
2021-06-28,BABA,3.0,3.0,3.0,2.0,19.48034927311199,10.52567564415558,8.954673628956414,1.0835333333333335,6.359113247549175,2.0,12.207950880541947,3.0,2.0,0.0,1.0,0.0,0.0,134,0.3611777777777778,0.326437332226195,0.6666666666666666,0.6266802873700079,0.6666666666666666,0.0,1.0,0.6666666666666666,0.3333333333333333,0.0,0.0,3.50855854805186,2.984891209652138,3.0,1.3862943611198906,0.022388059701492536,3.0194658543770547,68.0,0.04411764705882353,0.9433962264150944,0.015970801117198563,1.885559385414308,0.6931471805599453,0.9283209590397692,0.030604133545310018,0.07929252380952384,0.47798941798941796,5.033333333333333,1.7972996496036704,12.0,0,0
2021-06-28,CLF,4.0,4.0,3.0,3.0,31.627836656135592,18.218791706613068,13.409044949522526,2.3436999999999997,19.174266172710226,0.0,4.227165475243025,8.0,1.0,1.0,0.0,0.0,0.0,134,0.5859249999999999,0.6062465283723585,0.0,0.13365332321655907,0.25,0.25,0.75,0.75,0.0,0.0,0.0,4.554697926653267,3.3522612373806315,4.0,1.6094379124341003,0.029850746268656716,3.48516580917766,68.0,0.058823529411764705,0.9811320754716981,0.24071802333942066,0.6532092812276219,0.07796154146971168,0.6580248349664499,0.00983704292527822,0.21832893991108743,-0.249745211331242,9.166666666666666,2.3191143949452564,13.0,0,0
2021-06-28,CLNE,2.0,2.0,2.0,0.0,15.378671625195155,9.128696382935672,6.249975242259483,-0.18310000000000004,-1.7324298970703547,1.0,7.491087593534875,1.0,1.0,0.0,0.0,0.0,0.0,134,-0.09155000000000002,-0.11265146556820184,0.5,0.4871088853514559,0.5,0.0,1.0,0.0,0.0,0.0,0.0,4.564348191467836,3.1249876211297414,2.0,1.0986122886681098,0.014925373134328358,2.7959799777734213,68.0,0.029411764705882353,0.8490566037735849,-0.4367569766605793,-0.005375758164707293,-0.75377180237638,-0.005293251650545061,-0.043223370429252776,-0.32326447963577565,0.3117828095436853,27.01785714285714,3.332842061997883,13.0,0,0
2021-06-28,CRSR,2.0,2.0,2.0,0.0,13.427787131332266,8.560252680876683,4.867534450455583,0.4868,3.151505783869652,1.0,7.318539548567902,1.0,1.0,0.0,0.0,0.0,0.0,134,0.2434,0.23470030862463998,0.5,0.5450294584645964,0.5,0.0,1.0,0.0,0.0,0.0,0.0,4.280126340438342,2.4337672252277915,2.0,1.0986122886681098,0.014925373134328358,2.6691560090741406,68.0,0.029411764705882353,0.8490566037735849,-0.10180697666057925,0.9917704178374424,1.0986122886681098,0.5598365143829928,0.029411764705882353,-0.0850814895393266,0.3064823733410675,6.7023809523809526,2.041529495657587,12.0,0,0
2021-06-28,NOK,3.375,5.0,5.0,3.0,21.040113072644537,11.273118623299188,9.766994449345352,1.4621416666666667,10.28854160507894,2.0,11.95914856555056,4.0,2.0,0.0,0.0,0.0,0.0,134,0.43322716049382715,0.48899649776386733,0.5925925925925926,0.568397542554053,0.5925925925925926,0.0,1.0,0.6,0.0,0.0,0.0,3.340183295792352,2.8939242812875117,3.375,1.4759065198095778,0.025186567164179104,3.0928641146093274,68.0,0.04963235294117647,0.9622641509433962,0.08802018383324789,3.886313957348894,0.7827593392496325,1.2535782620190052,0.03611883942766295,0.31139882716049383,0.44259259259259254,1.3333333333333333,0.8472978603872036,7.0,0,0
2021-06-28,PLTR,2.5,3.0,3.0,2.0,17.132847854301833,9.86024117178918,7.272606682512654,1.3474166666666667,9.088127255584178,0.0,0.0,2.0,0.0,0.0,0.0,0.0,0.0,134,0.5389666666666667,0.5304504734338296,0.0,0.0,0.0,0.0,1.0,0.6666666666666666,0.0,0.0,0.0,3.944096468715672,2.909042673005062,2.5,1.252762968495368,0.018656716417910446,2.8977250920946833,68.0,0.03676470588235294,0.8867924528301887,0.19375969000608745,0.4959307208107478,0.3532793549375942,0.3310604439203365,0.017057498675145735,0.2342191862839662,-0.15352208783774618,15.041666666666666,2.7751895039398384,16.0,0,0
2021-06-28,SPCE,11.875,14.0,14.0,9.0,89.6376088097586,48.8434220307498,40.79418677900881,5.237491666666667,41.276111153491684,1.5,13.75636542143367,31.0,4.5,4.0,9.0,0.5,0.0,134,0.44105192982456143,0.4604776019973222,0.12631578947368421,0.15346644789052039,0.37894736842105264,0.3368421052631579,1.0,0.6428571428571429,0.7578947368421053,0.042105263157894736,0.0,4.113130276273667,3.4352999392849526,11.875,2.5552874465497997,0.08861940298507463,4.506869235190811,68.0,0.17463235294117646,1.0,0.09584495316398217,1.7210682841475884,2.5552874465497997,1.6158192410549193,0.17463235294117646,0.18271540929392244,-0.05697926362293934,6.291666666666667,1.9867321435755685,13.0,0,0
2021-06-28,WKHS,2.625,4.0,3.0,1.0,25.073117775634515,13.574670679037872,11.49844709659664,0.879025,8.081382860834331,-0.9,-8.684012719774286,9.0,0.0,1.0,1.0,0.0,0.0,134,0.33486666666666665,0.32231264309250107,-0.34285714285714286,-0.34634754231534826,0.0,0.38095238095238093,0.75,0.25,0.38095238095238093,0.0,0.0,5.171303115823951,4.3803607987034825,2.625,1.2878542883066382,0.01958955223880597,3.2609048132625618,68.0,0.03860294117647059,0.9245283018867925,-0.01034030999391261,0.6721679956429186,0.534082485930258,0.5007146534116087,0.023400238473767886,0.021021865247285887,-0.43603939481679477,10.083333333333332,2.4054424784337534,12.0,0,0
2021-06-29,AMC,8.125,12.0,8.0,2.0,84.04371615646794,46.365378625368976,37.678337531098954,2.964933333333333,29.92218475758624,0.7081585081585081,5.2038991508533705,20.5,1.5,0.8333333333333333,0.0,0.0,0.0,210,0.36491487179487175,0.35603119573959313,0.0871579702348933,0.06191895585822311,0.18461538461538463,0.10256410256410256,0.6666666666666666,0.16666666666666666,0.0,0.0,0.0,5.706508138506951,4.63733384998141,8.125,2.211017899468555,0.03869047619047619,4.443165432002581,121.0,0.06714876033057851,0.9866666666666667,-0.02799000023048237,0.18028515903327513,0.9464204733261845,0.14295237313129228,0.029771309350186355,-0.021291959600012178,-0.23482691636811043,17.45,2.915064370486536,20.0,0,1
2021-06-29,AMD,6.583333333333334,8.0,7.0,1.0,45.64363454240062,25.16974406417354,20.473890478227077,3.3568555555555553,24.827638911411857,2.25,18.729198321951465,9.5,2.25,0.0,0.0,0.0,0.0,210,0.5099021097046412,0.5439452655407676,0.34177215189873417,0.410335384325124,0.34177215189873417,0.0,0.875,0.125,0.0,0.0,0.0,3.823252262912436,3.1099580473256316,6.583333333333334,2.02595285672885,0.03134920634920635,3.842536466587529,121.0,0.05440771349862259,0.9733333333333334,0.1169972376792871,2.3559069701084323,0.9273405680607401,1.335410680675745,0.02499594879274024,0.20958686974686164,0.046369147751554096,10.691666666666665,2.4588763373204148,15.0,0,1
2021-06-29,BB,4.791666666666666,7.0,7.0,1.0,58.39439489037039,33.63325568980905,24.76113920056135,1.680511111111111,17.030120450381844,-0.4313725490196078,-3.7827037777206396,10.666666666666666,0.0,1.3333333333333333,0.0,1.3333333333333333,2.6666666666666665,210,0.3507153623188406,0.2916396425094255,-0.09002557544757034,-0.06477854226972102,0.0,0.2782608695652174,1.0,0.14285714285714285,0.0,0.2782608695652174,0.5565217391304348,7.019114230916672,5.167542094030195,4.791666666666666,1.756420102782746,0.022817460317460316,4.084199859801238,121.0,0.039600550964187325,0.92,-0.04218950970651353,0.41499781726316676,1.2709122870010452,0.3029980365921314,0.030409374493599088,0.03334628377526172,-0.2975942532712593,19.7,3.0301337002713233,18.0,0,1
2021-06-29,CLF,2.5,3.0,3.0,2.0,22.25618308855946,12.531987518503524,9.724195570055933,0.6872999999999999,6.190914653184585,2.0,18.64672823474993,3.0,2.0,0.0,0.0,0.0,0.0,210,0.27491999999999994,0.27816605518342247,0.8,0.8378223777434267,0.8,0.0,1.0,0.6666666666666666,0.0,0.0,0.0,5.01279500740141,3.8896782280223734,2.5,1.252762968495368,0.011904761904761904,3.1465710359706596,121.0,0.02066115702479339,0.8266666666666667,-0.11798487202535418,0.2389996609690061,-0.3566749439387322,0.24115125081142086,-0.038162372386971316,-0.08313731008891256,0.600254788668758,11.166666666666666,2.498699971920336,13.0,0,1
2021-06-29,CLNE,2.125,3.0,3.0,2.0,18.251855021900962,10.95431814364282,7.297536878258142,0.9860333333333332,9.085588422700459,1.0,6.721425700790644,1.0,1.0,0.0,0.0,0.0,0.0,210,0.46401568627450973,0.497789863649387,0.47058823529411764,0.3682598668861548,0.47058823529411764,0.0,1.0,0.6666666666666666,0.0,0.0,0.0,5.154973244067209,3.4341350015332432,2.125,1.1394342831883648,0.01011904761904762,2.9576074208650827,121.0,0.01756198347107438,0.8133333333333334,0.07111081424915561,-0.020426102707172194,0.040821994520255034,-0.01940187156369566,-0.011849781234807972,0.23687870663873406,0.257371044837803,20.75,3.079613757534693,14.0,0,1
2021-06-29,GME,2.7916666666666665,6.0,3.0,0.0,27.49191941629907,16.22685495451011,11.265064461788963,1.5842444444444446,16.050388095653954,0.07482517482517483,0.3197079625549065,12.499999999999998,0.5,0.3333333333333333,0.0,0.0,0.0,210,0.5674905472636816,0.583822026123727,0.026803047698570087,0.011629161198739801,0.17910447761194032,0.11940298507462686,0.5,0.0,0.0,0.0,0.0,5.812604759824517,4.0352469713870915,2.7916666666666665,1.3328056761689044,0.013293650793650793,3.3496205178199228,121.0,0.023071625344352614,0.84,0.17458567523832752,-0.5260705575391444,0.33647223662121295,-0.35164996213176947,-0.0020509236752552264,0.24178930154469352,-0.17830474798861015,14.658333333333337,2.7510032566314195,20.0,0,1
2021-06-29,NIO,2.0,2.0,2.0,1.0,15.275668575680987,9.021839764105513,6.253828811575473,0.9841,7.262961091284226,1.3333333333333333,9.73966859504419,4.0,2.0,0.0,0.0,0.0,0.0,210,0.49205,0.4754594573259419,0.6666666666666666,0.6375936049404631,1.0,0.0,1.0,0.5,0.0,0.0,0.0,4.5109198820527565,3.1269144057877365,2.0,1.0986122886681098,0.009523809523809525,2.789671267169831,121.0,0.01652892561983471,0.7866666666666666,0.09914512797464586,1.240218556649111,1.0986122886681098,0.5642342729389811,0.01652892561983471,0.18268646428571422,0.34412698412698406,1.5833333333333333,0.9490805546971459,15.0,0,1
2021-06-29,NVDA,3.0,3.0,3.0,1.0,19.449640743765674,8.854807632616227,10.594833111149445,0.04303333333333337,-1.2240680061701403,1.0,4.532599493153256,3.0,1.0,0.0,0.0,0.0,0.0,210,0.014344444444444457,-0.06293525018257724,0.3333333333333333,0.23304283883012705,0.3333333333333333,0.0,1.0,0.3333333333333333,0.0,0.0,0.0,2.951602544205409,3.531611037049815,3.0,1.3862943611198906,0.014285714285714285,3.017965314792479,121.0,0.024793388429752067,0.8533333333333334,-0.3785604275809097,2.0617173676036162,1.3862943611198906,0.9980662981008983,0.024793388429752067,-0.2944520813833314,0.24506399256399253,2.6999999999999993,1.3083328196501787,12.0,0,1
2021-06-29,PLTR,3.875,7.0,5.0,1.0,36.27639484243641,20.738037708739117,15.538357133697291,1.8122833333333332,17.458420209885347,2.8499999999999996,27.067825384109774,14.5,3.25,0.0,3.0,0.0,0.0,210,0.4676860215053763,0.4812611695763756,0.7354838709677418,0.7461553305304093,0.8387096774193549,0.0,0.7142857142857143,0.14285714285714285,0.7741935483870968,0.0,0.0,5.351751666771385,4.009898615147688,3.875,1.5841201044498106,0.018452380952380953,3.618360280270905,121.0,0.03202479338842975,0.8933333333333333,0.07478114948002218,0.9453212571456691,0.3313571359544425,0.5997794314500104,-0.004739912493923193,0.13599020778934245,0.5819617831299957,13.416666666666666,2.6683849447097785,17.0,0,1
2021-06-29,PRPL,4.833333333333334,6.0,5.0,1.0,29.75739432881384,14.596654738488361,15.16073959032548,1.2433888888888889,10.689568703770098,1.7809523809523808,11.995267403812079,19.666666666666668,2.0,0.0,10.0,0.0,0.0,210,0.25725287356321835,0.359223949034391,0.3684729064039408,0.40310207511002266,0.4137931034482758,0.0,0.8333333333333334,0.16666666666666666,2.068965517241379,0.0,0.0,3.0199975321010397,3.136704742825961,4.833333333333334,1.7635885922613588,0.023015873015873017,3.4261304313229037,121.0,0.039944903581267226,0.9333333333333333,-0.13565199846213577,2.3703775625680517,1.7635885922613588,1.3640576317272535,0.039944903581267226,0.08108071399763775,0.2147349901848216,9.416666666666666,2.3434070875143007,10.0,0,1
2021-06-29,SNDL,2.0,2.0,2.0,0.0,19.217606149007466,10.475031911336824,8.742574237670638,1.6181999999999999,15.406141157330769,1.5,13.87138375503644,6.0,2.0,0.0,2.0,0.0,0.0,210,0.8090999999999999,0.8016680661408212,0.75,0.7218060172261808,1.0,0.0,1.0,0.0,1.0,0.0,0.0,5.237515955668412,4.371287118835319,2.0,1.0986122886681098,0.009523809523809525,3.0065538163268437,121.0,0.01652892561983471,0.7866666666666666,0.4161951279746458,1.6317866747334686,1.0986122886681098,0.6940745277691618,0.01652892561983471,0.5551737373737373,0.5555170755170755,2.333333333333332,1.2039728043259357,12.0,0,1
2021-06-29,SOFI,15.783333333333331,20.0,19.0,10.0,167.08683966910144,100.16048765096123,66.92635201814021,6.702588333333334,69.52917246784392,4.075396825396826,38.429430641762224,25.65,5.0,0.45,3.0,0.0,0.0,210,0.42466240760295676,0.41612596542935043,0.2582088801729774,0.22999675329228692,0.31678986272439286,0.028511087645195356,0.95,0.5,0.19007391763463571,0.0,0.0,6.345965426671251,4.240317973694205,15.783333333333331,2.8203863304964614,0.07515873015873015,5.1244807486473,121.0,0.13044077134986223,1.0,0.031757535577602636,8.0,2.127239149936516,2.6738266428756403,0.11573488899692105,0.32692018538073453,0.2082088801729774,2.5,1.252762968495368,5.0,0,1
2021-06-29,SPCE,3.825,6.0,4.0,0.0,37.60929685250275,20.489065954891025,17.120230897611727,1.65278,13.925673875302948,-0.08571428571428572,-1.1813369112146261,4.4,0.0,0.2,0.5,0.0,0.0,210,0.43209934640522873,0.370272114629451,-0.022408963585434174,-0.031410768349316075,0.0,0.05228758169934641,0.6666666666666666,0.0,0.13071895424836602,0.0,0.0,5.356618550298307,4.475877358852739,3.825,1.5738107347909494,0.018214285714285714,3.6534930985719227,121.0,0.03161157024793389,0.88,0.03919447437987461,0.5183183781306754,-0.9814767117588503,0.5065781569685788,-0.1430207826932426,0.1517102293833617,-0.21201980615574192,17.041666666666668,2.8926838976545444,14.0,0,1
2021-06-29,TLRY,2.0,2.0,2.0,1.0,18.549113535773998,10.300584410973777,8.248529124800218,0.6435333333333334,5.9858097800034855,0.6666666666666667,7.2266130245313995,7.0,1.0,1.0,0.0,0.0,0.0,210,0.3217666666666667,0.3227005845028225,0.33333333333333337,0.38959344394512896,0.5,0.5,1.0,0.5,0.0,0.0,0.0,5.150292205486888,4.124264562400109,2.0,1.0986122886681098,0.009523809523809525,2.9729299419646598,121.0,0.01652892561983471,0.7866666666666666,-0.07113820535868742,1.2089269917983525,0.4054651081081645,0.5212494164265228,0.001823043266893535,0.05871438343519225,0.14156229158330003,6.333333333333334,1.9924301646902063,15.0,0,1
2021-06-29,TSLA,3.75,5.0,4.0,1.0,17.69313525228994,8.499760858587361,9.193374393702582,1.3024083333333334,4.910398690866287,-1.0,-3.8066624897703196,1.0,0.0,1.0,0.0,0.0,0.0,210,0.3473088888888889,0.27753129226945555,-0.26666666666666666,-0.21514912057644733,0.0,0.26666666666666666,0.8,0.2,0.0,0.0,0.0,2.266602895623296,2.451566504987355,3.75,1.55814461804655,0.017857142857142856,2.9281563576552543,121.0,0.030991735537190084,0.8666666666666667,-0.045595983136465235,1.1434186804257909,0.4735185713531802,0.6384635386367787,0.002192715929346948,-0.023848060750761457,-0.42149818904050984,18.116666666666667,2.95056055490727,18.0,0,1
2021-06-29,VIAC,4.559523809523809,7.0,6.0,3.0,34.13234784869519,19.623660035848935,14.508687812846262,2.227632142857143,16.46947470187456,2.9166666666666665,21.700856541821707,5.416666666666667,3.1666666666666665,0.25,4.0,0.0,0.0,210,0.48856684073107054,0.48251807273504493,0.639686684073107,0.6357856376601789,0.6945169712793734,0.05483028720626632,0.8571428571428571,0.42857142857142855,0.8772845953002611,0.0,0.0,4.3038836632149104,3.182062079057666,4.559523809523809,1.7155124588255837,0.021712018140589567,3.5591222971983623,121.0,0.03768201495474222,0.9066666666666666,0.09566196870571642,3.267895410918673,0.8682145984383801,1.336955943765163,0.01807417181748732,0.25381059073107054,0.3980779224643454,2.333333333333334,1.2039728043259361,11.0,0,1
2021-06-29,WISH,6.5,7.0,7.0,6.0,70.42838426928174,41.642754613209604,28.785629656072146,5.60375,60.31344426081354,5.5,60.52549689681764,8.5,5.5,0.0,5.0,0.0,0.0,210,0.8621153846153846,0.8563797804902936,0.8461538461538461,0.8593906778465829,0.8461538461538461,0.0,1.0,0.8571428571428571,0.7692307692307693,0.0,0.0,6.406577632801477,4.428558408626484,6.5,2.0149030205422647,0.030952380952380953,4.26869532913339,121.0,0.05371900826446281,0.96,0.4692105125900305,0.4951070661532444,1.3217558399823193,0.5575951813105813,0.03901312591152163,0.3600935604820926,0.609271513988159,43.333333333333336,3.791736839553644,15.0,0,1
2021-06-29,WKHS,5.125,8.0,8.0,3.0,51.863267484977044,30.195253724705836,21.668013760271208,2.588,27.251119121841196,-0.2262443438914027,-2.7367021271978427,12.0,0.0,0.6666666666666666,1.0,0.3333333333333333,2.6666666666666665,210,0.5049756097560976,0.5254416168386399,-0.04414523783246882,-0.052767638058874106,0.0,0.13008130081300812,1.0,0.375,0.1951219512195122,0.06504065040650406,0.5203252032520325,5.891756824332846,4.227905123955358,5.125,1.8123787564307907,0.024404761904761905,3.9677087212077953,121.0,0.042355371900826444,0.9466666666666667,0.11207073773074344,1.3184143450921737,0.5245244681241525,0.9608464071204293,0.003752430724355854,0.17438747500338347,-0.1201846326492636,10.583333333333332,2.449567283342691,13.0,0,1
2021-06-30,BB,2.125,3.0,3.0,0.0,19.233059316082645,11.264011470639684,7.9690478454429625,0.77185,6.824524824232922,-0.125,-1.5178509974201755,2.125,0.0,0.125,0.0,0.0,0.0,61,0.3632235294117647,0.35483303576806774,-0.058823529411764705,-0.07891885385862413,0.0,0.058823529411764705,1.0,0.0,0.0,0.0,0.0,5.3007112803010275,3.750140162561394,2.125,1.1394342831883648,0.03483606557377049,3.0073178664431652,35.0,0.060714285714285714,0.9605263157894737,-0.004720565964175472,-0.6210349150502306,-0.6169858195943811,-0.401808788141387,0.021113734750098388,0.028318682752243862,-0.26189092846307516,20.583333333333336,3.0719214119115374,19.0,0,2
2021-06-30,MU,2.0,2.0,2.0,2.0,12.538967060803502,6.142037405587356,6.396929655216146,1.1563,7.141072054028272,1.0,5.703782474656201,1.0,1.0,0.0,0.0,0.0,0.0,61,0.57815,0.5695103926344208,0.5,0.45488455683770657,0.5,0.0,1.0,1.0,0.0,0.0,0.0,3.071018702793678,3.198464827608073,2.0,1.0986122886681098,0.03278688524590164,2.6055719765979455,35.0,0.05714285714285714,0.9078947368421053,0.21020590462405986,4.199239592011639,0.4054651081081645,0.9810435258099359,0.048878394332939785,0.5000566666666667,0.59375,1.0,0.6931471805599453,5.0,0,2
2021-06-30,SOFI,4.666666666666666,6.0,6.0,3.0,50.087582418455284,29.30869762802083,20.77888479043445,2.1246222222222224,22.214202057971573,1.7619047619047619,17.474380730272213,8.333333333333332,2.333333333333333,0.0,1.0,0.0,0.0,61,0.45527619047619056,0.44350717254395816,0.3775510204081633,0.34887650564331485,0.5,0.0,1.0,0.5,0.2142857142857143,0.0,0.0,6.280435206004465,4.452618169378812,4.666666666666666,1.7346010553881064,0.07650273224043715,3.9335414621693543,35.0,0.1333333333333333,1.0,0.08733209510025036,2.187331882181937,-1.085785275108355,1.4470220512424623,0.0028925619834710703,0.33630084787382053,0.3146405763995144,16.78333333333333,2.8782616890796526,6.0,0,2
2021-06-30,SPCE,2.125,3.0,3.0,1.0,18.396670978764227,9.679036047679073,8.717634931085158,1.3489833333333334,11.695429535471577,1.875,15.360968983923877,3.125,2.0,0.125,1.0,0.0,0.0,61,0.6348156862745098,0.6357361910191212,0.8823529411764706,0.8349863408252209,0.9411764705882353,0.058823529411764705,1.0,0.3333333333333333,0.47058823529411764,0.0,0.0,4.554840493025446,4.1024164381577215,2.125,1.1394342831883648,0.03483606557377049,2.9651014523117123,35.0,0.060714285714285714,0.9605263157894737,0.2668715908985696,0.07577583796796974,-0.43437645160258453,0.07398306424815182,0.029102715466351826,0.32989410193238133,0.6928208801187679,20.866666666666667,3.0849634072819336,14.0,0,2
2021-06-30,SPY,2.0,2.0,2.0,0.0,13.361202309283453,6.368187186350493,6.9930151229329605,0.18580000000000002,0.5948434355185657,0.0,0.0,0.0,0.0,0.0,0.0,0.0,0.0,61,0.09290000000000001,0.044520202729455303,0.0,0.0,0.0,0.0,1.0,0.0,0.0,0.0,0.0,3.1840935931752465,3.4965075614664802,2.0,1.0986122886681098,0.03278688524590164,2.6645302863884504,35.0,0.05714285714285714,0.9078947368421053,-0.2750440953759402,0.24329848457236472,0.4054651081081645,0.1527997078410539,0.048878394332939785,-0.09458518521387338,-0.07289457114724632,4.0,1.6094379124341003,18.0,0,2
2021-07-01,AMD,9.125,13.0,12.0,4.0,82.55510722088455,45.65130997875154,36.903797242133,3.859716666666667,34.239597826042996,5.185185185185185,44.94081964975108,19.5,5.833333333333333,0.0,9.333333333333332,0.5,0.0,148,0.42298264840182653,0.41474839024109655,0.5682394723490614,0.5443735846591219,0.639269406392694,0.0,0.9230769230769231,0.3076923076923077,1.0228310502283104,0.0547945205479452,0.0,5.002883285342635,4.044251752562521,9.125,2.315007612992603,0.06165540540540541,4.4255063808917265,62.0,0.14717741935483872,1.0,0.09667520786553302,2.4610546939274216,2.1972245773362196,1.5596435353395965,0.14360599078341016,0.08398896962548158,0.3286645272736113,12.333333333333332,2.5902671654458267,16.0,0,3
2021-07-01,BABA,3.0,3.0,3.0,1.0,17.71844276703362,9.351839934249881,8.366602832783737,1.3420333333333334,8.794251316034455,1.0,8.601534339849987,1.0,1.0,0.0,0.0,0.0,0.0,148,0.4473444444444445,0.49633319539777865,0.3333333333333333,0.48545656370286294,0.3333333333333333,0.0,1.0,0.3333333333333333,0.0,0.0,0.0,3.117279978083294,2.7888676109279125,3.0,1.3862943611198906,0.02027027027027027,2.92950928206763,62.0,0.04838709677419355,0.8979591836734694,0.12103700390815098,1.6417938049684646,0.9808292530117262,0.834382416728885,0.034101382488479264,0.14588396825396827,0.05013227513227514,5.833333333333333,1.9218125974762528,14.0,0,3
2021-07-01,BIDU,2.0,2.0,2.0,1.0,10.603858578185394,5.135798437050262,5.4680601411351315,0.9977,6.625128662762675,-1.0,-9.505246289517284,1.0,0.0,1.0,0.0,0.0,0.0,148,0.49885,0.6247847058609503,-0.5,-0.8963950452028651,0.0,0.5,1.0,0.5,0.0,0.0,0.0,2.567899218525131,2.7340300705675658,2.0,1.0986122886681098,0.013513513513513514,2.451337678851678,62.0,0.03225806451612903,0.8673469387755102,0.1725425594637065,8.0,1.0986122886681098,1.0562473956487497,0.03225806451612903,0.42716833333333337,-0.5823809523809523,0.8333333333333333,0.6061358035703155,3.0,0,3
2021-07-01,MU,4.125,5.0,5.0,1.0,28.30818796389483,14.436542666428537,13.871645297466294,1.7450999999999999,11.477550075384041,1.7777777777777777,10.65976679085163,10.0,2.0,0.0,0.0,0.0,0.0,148,0.4230545454545454,0.40544983274884555,0.43097643097643096,0.3765612551551317,0.48484848484848486,0.0,1.0,0.2,0.0,0.0,0.0,3.499767919134191,3.3628231024160713,4.125,1.634130525024472,0.02787162162162162,3.3778669296760473,62.0,0.06653225806451613,0.9387755102040817,0.09674710491825189,4.591613392318073,0.5355182363563622,1.4616311477328927,0.009389400921658984,0.316053712121212,0.499726430976431,3.0,1.3862943611198906,6.0,0,3
2021-07-01,SOFI,2.0,2.0,2.0,2.0,21.247859464474914,12.039120373865707,9.208739090609209,0.0,0.0,0.0,0.0,0.0,0.0,0.0,0.0,0.0,0.0,148,0.0,0.0,0.0,0.0,0.0,0.0,1.0,1.0,0.0,0.0,0.0,6.019560186932853,4.604369545304604,2.0,1.0986122886681098,0.013513513513513514,3.1022458001405386,62.0,0.03225806451612903,0.8673469387755102,-0.3263074405362935,0.9897133722245182,-0.6359887667199966,0.7243032317530604,-0.10107526881720427,-0.14173915212617957,-0.08178799502905704,21.449999999999996,3.1112906141882632,7.0,0,3
2021-07-01,SPCE,4.333333333333333,5.0,4.0,4.0,38.39427698808598,20.49995538283328,17.894321605252696,2.4664888888888887,20.667368665515383,2.2777777777777777,19.88330056870633,11.0,2.333333333333333,0.0,4.0,0.0,0.0,148,0.5691897435897436,0.5382929511064531,0.5256410256410257,0.5178714675334624,0.5384615384615384,0.0,0.8,0.8,0.9230769230769231,0.0,0.0,4.730758934499988,4.129458831981392,4.333333333333333,1.6739764335716716,0.02927927927927928,3.6736205516439955,62.0,0.06989247311827956,0.9591836734693877,0.2428823030534501,0.7560597952604918,0.5345421503833068,0.6835063669528033,0.00917818740399385,0.25436250313901787,0.315356702139884,20.991666666666667,3.090663593721278,14.0,0,3
2021-07-01,TSLA,3.333333333333333,4.0,4.0,0.0,23.343856949852942,11.931109871992021,11.412747077860926,0.19193333333333334,0.5135425702728516,-0.5,-4.45630398183545,4.0,0.0,1.0,0.0,0.0,0.0,148,0.057580000000000006,0.021999045460912435,-0.15000000000000002,-0.19089835888766973,0.0,0.30000000000000004,1.0,0.0,0.0,0.0,0.0,3.579332961597607,3.423824123358278,3.333333333333333,1.466337068793427,0.02252252252252252,3.1922795363801058,62.0,0.05376344086021505,0.9183673469387755,-0.2687274405362935,0.8729985801967202,0.5500463369192718,0.499956473934978,0.01090629800307219,-0.3361766996396503,-0.3220537445960654,21.541666666666668,3.115365448498536,18.0,0,3
2021-07-01,WISH,7.125,8.0,6.0,7.0,75.67984649104244,43.60072491473942,32.079121576303,5.1787625,55.45230957746889,2.591666666666667,23.76200210979848,24.375,4.125,1.0,4.0,0.0,0.0,148,0.7268438596491229,0.7327222787645624,0.36374269005847953,0.31398058018802905,0.5789473684210527,0.14035087719298245,0.75,0.875,0.5614035087719298,0.0,0.0,6.119399988033603,4.502332852814456,7.125,2.094945728215801,0.04814189189189189,4.339638916232853,62.0,0.11491935483870967,0.9795918367346939,0.4005364191128294,0.49389793150232947,1.8072636557640203,0.5225086343344154,0.10539554531490015,0.14565126628506175,0.03455266558510017,24.833333333333332,3.2516656476911914,17.0,0,3
2021-07-02,AMC,3.958333333333333,6.0,5.0,1.0,36.59211434739768,17.860171364655077,18.73194298274261,1.0068555555555556,7.235479489103248,0.0,0.0,3.5,0.0,0.0,0.0,0.0,0.0,110,0.25436350877192987,0.1977332990493842,0.0,0.0,0.0,0.0,0.8333333333333334,0.16666666666666666,0.0,0.0,0.0,4.512043292123388,4.732280332482344,3.958333333333333,1.6010696627635836,0.03598484848484848,3.626794303597274,48.0,0.08246527777777778,0.9523809523809523,-0.06501135647996842,-0.6651698767971772,0.6202404097518575,-0.511458966547991,0.05558355734767025,-0.16669211357737002,-0.2914603064822698,17.583333333333332,2.9222651216721185,20.0,0,4
2021-07-02,AMD,5.125,6.0,6.0,0.0,43.89324018968035,24.42760103266619,19.46563915701416,2.2654166666666664,19.800363727216357,1.0,7.515344571180435,3.5,1.0,0.0,0.0,0.0,0.0,110,0.4420325203252032,0.45110280402292063,0.1951219512195122,0.17121872385596526,0.1951219512195122,0.0,1.0,0.0,0.0,0.0,0.0,4.766361177105598,3.7981734940515435,5.125,1.8123787564307907,0.04659090909090909,3.8042872308456666,48.0,0.10677083333333333,1.0,0.1226576550733049,1.3508729852284682,-0.5026288565618122,0.9412642981281543,-0.04040658602150539,0.08188970912876686,-0.07286496747339094,19.333333333333332,3.0122615755052013,17.0,0,4
2021-07-02,CLF,2.333333333333333,3.0,2.0,3.0,25.934316598172035,14.070398389194217,11.863918208977818,1.3840666666666668,15.72502991855598,0.6190476190476191,5.142977313931049,8.333333333333332,1.0,1.0,3.0,0.0,0.0,110,0.5931714285714287,0.6063406320745058,0.2653061224489796,0.19830780172914017,0.4285714285714286,0.4285714285714286,0.6666666666666666,1.0,1.2857142857142858,0.0,0.0,6.030170738226094,5.084536375276208,2.333333333333333,1.203972804325936,0.02121212121212121,3.293401183550435,48.0,0.048611111111111105,0.8333333333333334,0.2737965633195304,0.11851984357382435,0.5108256237659906,0.11533883459463135,0.03248207885304659,0.26119978514918285,0.03056091111773762,11.125,2.495269436823547,14.0,0,4
2021-07-02,GME,2.75,5.0,4.0,1.0,32.424372319813855,17.957678317014167,14.466694002799683,1.3594625,17.53330522069149,0.875,13.504204556697909,5.625,1.0,0.125,1.0,0.0,0.0,110,0.49435,0.5407446302353632,0.3181818181818182,0.4164831449472893,0.36363636363636365,0.045454545454545456,0.8,0.2,0.36363636363636365,0.0,0.0,6.5300648425506065,5.260616001018066,2.75,1.3217558399823195,0.025,3.5092853440477003,48.0,0.057291666666666664,0.8809523809523809,0.17497513474810172,-0.4819476677742961,0.9162907318741551,-0.3098929490504867,0.049227150537634407,0.10365464795894774,0.13675209699801508,9.208333333333336,2.3232043801967817,20.0,0,4
2021-07-02,MU,2.458333333333333,4.0,3.0,1.0,16.831564322992065,7.918129757290148,8.913434565701913,0.1889055555555556,0.8917686534720657,0.0,0.0,0.5,0.0,0.0,0.0,0.0,0.0,110,0.07684293785310738,0.0529819235074842,0.0,0.0,0.0,0.0,0.75,0.25,0.0,0.0,0.0,3.2209341385587047,3.625803891132982,2.458333333333333,1.2407867774486523,0.022348484848484847,2.8809701634719524,48.0,0.05121527777777777,0.8571428571428571,-0.24253192739879093,2.178044709283504,-0.3933437475758197,0.9865808739058494,-0.015316980286738356,-0.051310622752953214,0.04720117845117845,7.125,2.094945728215801,7.0,0,4
2021-07-02,NIO,3.125,4.0,3.0,0.0,17.592656541531667,9.034639447912745,8.558017093618924,0.9554166666666666,5.5386616295446816,0.0,-0.9295359586241752,2.5,1.0,1.0,0.0,0.0,0.0,110,0.3057333333333333,0.31482804296607214,0.0,-0.052836588745411105,0.32,0.32,0.75,0.0,0.0,0.0,0.0,2.8910846233320786,2.7385654699580555,3.125,1.4170660197866443,0.028409090909090908,2.922766693166256,48.0,0.06510416666666667,0.9285714285714286,-0.013641531918564986,2.1970621950844835,0.6632942174102641,0.884924798749585,0.04695900537634409,0.059580029100529036,-0.2683730158730159,3.125,1.4170660197866443,15.0,0,4
2021-07-02,SPCE,4.458333333333333,6.0,5.0,2.0,43.71548940192918,24.88695884151209,18.8285305604171,1.112751388888889,10.60657475856728,0.875,7.562266331753952,3.125,1.0,0.125,0.0,0.0,0.0,110,0.24958909657320874,0.2426273822774407,0.19626168224299068,0.17298825737085824,0.22429906542056077,0.028037383177570097,0.8333333333333334,0.3333333333333333,0.0,0.0,0.0,5.582121609311123,4.2232218079440225,4.458333333333333,1.6971434928532059,0.04053030303030303,3.800319960654478,48.0,0.09288194444444443,0.9761904761904762,-0.06978576867868955,0.8657715791645113,0.023167059281534286,0.7428693681956725,0.02298947132616487,-0.07000413105700418,-0.010304692540202276,22.15833333333333,3.1423546869604575,14.0,0,4
2021-07-02,WISH,3.0,3.0,2.0,2.0,33.66463469174644,18.91597156508872,14.748663126657725,2.208,24.884054694420843,2.3333333333333335,25.88934774488802,14.0,3.0,0.0,3.0,0.0,0.0,110,0.7360000000000001,0.7391749508727528,0.7777777777777778,0.76903694283174,1.0,0.0,0.6666666666666666,0.6666666666666666,1.0,0.0,0.0,6.305323855029574,4.916221042219242,3.0,1.3862943611198906,0.02727272727272727,3.5457199940941964,48.0,0.0625,0.9047619047619048,0.4166251347481018,-0.2920756910995278,-0.7086513670959105,-0.2908900191722852,-0.05241935483870967,0.11846521365348273,0.4304006188014744,20.958333333333332,3.0891467181934167,18.0,0,4
2021-07-02,XPEV,2.0,2.0,2.0,0.0,11.290131852420306,5.509388336627977,5.780743515792329,0.8807,5.138717816131036,1.0,5.834810737062605,3.0,1.0,0.0,3.0,0.0,0.0,110,0.44035,0.4551512669030018,0.5,0.5168062528704459,0.5,0.0,1.0,0.0,1.5,0.0,0.0,2.7546941683139883,2.8903717578961645,2.0,1.0986122886681098,0.01818181818181818,2.508796651951664,48.0,0.041666666666666664,0.8095238095238095,0.12097513474810173,8.0,1.0986122886681098,1.0633338036401847,0.041666666666666664,0.38830000000000003,0.589516129032258,0.0,0.0,3.0,0,4
2021-07-06,AMC,6.441666666666666,12.0,7.0,0.0,62.167900907535426,30.015483243079906,32.15241766445553,4.248536111111111,43.56231603391221,1.4545454545454546,20.620738497113454,26.15,2.25,1.5,1.0,0.0,0.0,239,0.6595398878827081,0.7007203942546496,0.2258026578854522,0.3316943019804292,0.34928848641655885,0.2328589909443726,0.5833333333333334,0.0,0.1552393272962484,0.0,0.0,4.659583427127541,4.9913196891780895,6.441666666666666,2.007094838094453,0.02695258019525802,4.145796275096758,106.0,0.06077044025157233,0.9746835443037974,0.27946173904049754,-0.09733435877305142,0.40602517533086924,-0.07562604548849006,-0.02169483752620545,0.2514816109281451,-0.06878264859681757,17.416666666666664,2.9132560517297525,20.0,0,1
2021-07-06,AMD,2.9166666666666665,5.0,3.0,2.0,27.057939839595733,14.231188348925679,12.826751490670054,1.4994777777777777,13.086092799012299,1.3944444444444444,11.067270342656165,11.5,1.25,0.0,0.0,0.0,0.0,239,0.5141066666666667,0.48363226751884947,0.4780952380952381,0.4090211748664129,0.4285714285714286,0.0,0.6,0.4,0.0,0.0,0.0,4.879264576774519,4.397743368229733,2.9166666666666665,1.3652409519220583,0.012203626220362621,3.3342716521498574,106.0,0.02751572327044025,0.8734177215189873,0.13402851782445613,0.5802693665823988,-0.4471378045087324,0.4035075557978822,-0.07925511006289308,0.1318622294539703,0.2003522218413593,22.958333333333332,3.176316210449405,18.0,0,1
2021-07-06,CLF,3.5,4.0,4.0,4.0,39.0633875542037,21.726606478109332,17.33678107609437,0.8577666666666668,9.384484403605338,1.35,15.491012670717156,11.5,2.0,0.0,0.0,0.0,0.0,239,0.2450761904761905,0.24023734220652485,0.38571428571428573,0.39656091395612036,0.5714285714285714,0.0,1.0,1.0,0.0,0.0,0.0,6.207601850888381,4.953366021741248,3.5,1.5040773967762742,0.014644351464435146,3.690462888674581,106.0,0.0330188679245283,0.8987341772151899,-0.13500195836602008,0.37835870975276115,0.30010459245033827,0.3552447868286728,-0.015592243186582803,-0.11655402437462675,0.13770376826059474,9.833333333333332,2.382627800667582,15.0,0,1
2021-07-06,CLNE,4.958333333333334,7.0,7.0,3.0,47.05174050832653,25.814170513612503,21.237569994714033,1.7789833333333334,16.370939453997433,1.3333333333333333,14.753262339580013,18.0,3.0,1.0,0.0,0.0,0.0,239,0.3587865546218487,0.3479348325297412,0.26890756302521,0.3135540190478011,0.6050420168067226,0.20168067226890754,1.0,0.42857142857142855,0.0,0.0,0.0,5.206219263249579,4.283207393891905,4.958333333333334,1.7847907999119617,0.02074616457461646,3.872278357618262,106.0,0.04677672955974843,0.9620253164556962,-0.021291594220361865,0.5671866445723729,0.8853071863541878,0.4380661154015959,0.016394785115303987,0.07715064822220513,0.00506345513525519,8.333333333333334,2.2335922215070942,18.0,0,1
2021-07-06,CLOV,3.650000000000001,10.0,8.0,3.0,44.922154671708086,23.943812694672957,20.978341977035136,1.3039486111111112,15.273239285475274,0.021428571428571436,0.06585324649652691,11.649999999999999,0.0,0.125,0.5,0.0,0.0,239,0.3572461948249619,0.3399934708629268,0.005870841487279844,0.001465941404141979,0.0,0.034246575342465745,0.8,0.3,0.13698630136986298,0.0,0.0,6.559948683472042,5.747490952612365,3.650000000000001,1.5368672195992652,0.015271966527196656,3.8269476732037893,106.0,0.03443396226415095,0.9113924050632911,-0.02283195401724869,0.4368346078267044,1.1595729884577972,0.38364970252892716,0.024885351153039838,-0.04477892914682269,-0.19213668467527023,3.658333333333333,1.538657730373053,18.0,0,1
2021-07-06,COIN,3.0,3.0,2.0,2.0,17.10183027927676,7.701200180857446,9.400630098419313,0.1979333333333333,1.3956881940429464,0.0,0.0,0.0,0.0,0.0,0.0,0.0,0.0,239,0.06597777777777776,0.08161045755051022,0.0,0.0,0.0,0.0,0.6666666666666666,0.6666666666666666,0.0,0.0,0.0,2.5670667269524823,3.133543366139771,3.0,1.3862943611198906,0.012552301255230125,2.896013053561488,106.0,0.02830188679245283,0.8860759493670886,-0.31410037106443284,6.950210220839453,1.3862943611198906,1.2946652879324752,0.02830188679245283,-0.03105055555555558,-0.03333333333333334,1.8333333333333333,1.041453874828161,5.0,0,1
2021-07-06,GME,8.191666666666666,12.0,8.0,3.0,77.95845376747748,39.796396910021215,38.16205685745626,2.217461111111111,21.510619662528633,-0.14880952380952384,0.7138117333378946,21.4,1.0,1.0,1.0,0.0,0.0,239,0.27069718548660565,0.2759241445024963,-0.01816596424938236,0.009156309532086702,0.12207527975584945,0.12207527975584945,0.6666666666666666,0.25,0.12207527975584945,0.0,0.0,4.858156286065662,4.658643766932605,8.191666666666666,2.2182972764714566,0.03427475592747559,4.368921812454731,106.0,0.07727987421383647,1.0,-0.10938096335560493,1.0208888137896721,0.8965414364891371,0.637329441230386,0.01998820754716981,-0.1378433153639705,-0.21283625583839003,8.875000000000004,2.2900063107871858,20.0,0,1
2021-07-06,HOOD,2.5,3.0,2.0,2.0,15.384714369109414,6.790955011234887,8.593759357874527,0.49773333333333336,2.489687137573513,-1.0,-2.833213344056216,4.0,0.0,1.0,0.0,0.0,0.0,239,0.19909333333333334,0.16182862273819618,-0.4,-0.18415768249457753,0.0,0.4,0.6666666666666666,0.6666666666666666,0.0,0.0,0.0,2.716382004493955,3.4375037431498106,2.5,1.252762968495368,0.010460251046025104,2.796348849536787,106.0,0.02358490566037736,0.8481012658227848,-0.18098481550887724,7.8591301326292955,0.5596157879354228,1.2181056094673708,0.002751572327044028,0.19909333333333334,-0.4,1.0,0.6931471805599453,1.0,0,1
2021-07-06,NNDM,2.0,2.0,2.0,0.0,14.944040807669657,7.809947086476791,7.1340937211928654,1.1961333333333335,8.931653892027246,2.0,14.944040807669657,2.0,2.0,0.0,0.0,0.0,0.0,239,0.5980666666666667,0.5976732804050761,1.0,1.0,1.0,0.0,1.0,0.0,0.0,0.0,0.0,3.9049735432383956,3.5670468605964327,2.0,1.0986122886681098,0.008368200836820083,2.769085142344603,106.0,0.018867924528301886,0.8227848101265823,0.21798851782445616,2.6536060237211507,1.0986122886681098,0.8991630863398961,0.018867924528301886,0.43030166666666675,0.91,1.0,0.6931471805599453,6.0,0,1
2021-07-06,NVDA,4.25,5.0,4.0,4.0,38.85641141707741,21.881171695599058,16.975239721478356,2.5965499999999997,23.680113011575305,2.1666666666666665,19.575276950905042,4.5,2.25,0.0,1.0,0.0,0.0,239,0.6109529411764705,0.6094261448232423,0.5098039215686274,0.5037849929265907,0.5294117647058824,0.0,0.8,0.8,0.23529411764705882,0.0,0.0,5.148510987199778,3.9941740521125544,4.25,1.6582280766035324,0.01778242677824268,3.6852832810548,106.0,0.04009433962264151,0.9493670886075949,0.2308747923342599,2.34430133400167,1.6582280766035324,1.2449372049470482,0.04009433962264151,0.34907139550742483,0.4161774379421438,4.166666666666666,1.642227735257091,11.0,0,1
2021-07-06,SOFI,3.95,7.0,5.0,3.0,42.9865213123898,23.893235508143412,19.09328580424639,0.018560833333333332,0.8683867051074918,-0.2824339073490177,-2.9153014176849195,27.95,0.0,0.325,0.0,0.0,0.0,239,0.004698945147679324,0.020201371932303834,-0.07150225502506777,-0.06781896577531749,0.0,0.08227848101265822,0.7142857142857143,0.42857142857142855,0.0,0.0,0.0,6.0489203818084585,4.833743241581364,3.95,1.599387576580599,0.016527196652719667,3.7838832531791526,106.0,0.037264150943396225,0.9240506329113924,-0.37537920369453126,1.5740565556316106,1.599387576580599,1.170147905232144,0.037264150943396225,-0.13704020697850025,-0.1532902500541248,23.449999999999996,3.196630215920881,8.0,0,1
2021-07-06,SPCE,6.825,9.0,7.0,4.0,59.659131434155746,33.85384420371419,25.805287230441554,3.6298966666666668,29.929582189416884,3.2,27.302593711305306,7.4,3.2,0.0,4.5,0.0,0.0,239,0.5318529914529915,0.5016764654451833,0.46886446886446886,0.45764316467527655,0.46886446886446886,0.0,0.7777777777777778,0.4444444444444444,0.6593406593406593,0.0,0.0,4.960270212998416,3.7809944659987624,6.825,2.057323736426217,0.028556485355648538,4.1052701835650405,106.0,0.06438679245283019,0.9873417721518988,0.1517748426107809,1.2748724170423005,0.36018024357301126,1.0986643327477283,-0.028495151991614245,0.23628155899411812,0.2774850099691264,26.616666666666667,3.318419455204462,14.0,0,1
2021-07-06,SPY,2.2333333333333334,7.0,1.0,0.0,20.71513514525646,10.942689811711897,9.772445333544566,0.6233344444444444,6.014501164726896,0.5916666666666667,7.359410970455158,12.433333333333332,1.0333333333333332,0.3333333333333333,0.0,0.0,0.0,239,0.2791049751243781,0.2903433225297664,0.26492537313432835,0.3552673404662958,0.46268656716417905,0.14925373134328357,0.14285714285714285,0.0,0.0,0.0,0.0,4.899711855990402,4.375721791139358,2.2333333333333334,1.1735135968412274,0.009344490934449093,3.0780094895574006,106.0,0.02106918238993711,0.8354430379746836,-0.10097317371783249,0.5715862644694686,0.48036641628128207,0.3316730930981634,0.000235849056603777,0.1382143037993936,0.19021033079161082,4.125,1.634130525024472,18.0,0,1
2021-07-06,UWMC,2.7,4.0,3.0,2.0,23.028862607709506,12.66878591218924,10.36007669552027,0.5493566666666667,5.131158571591941,0.029032258064516134,0.1531901734932385,8.7,0.0,0.2,0.0,0.0,0.0,239,0.20346543209876544,0.2228142422402639,0.010752688172043012,0.006652094638922989,0.0,0.07407407407407407,0.75,0.5,0.0,0.0,0.0,4.6921429304404585,3.837065442785285,2.7,1.308332819650179,0.011297071129707114,3.1792557164479627,106.0,0.02547169811320755,0.8607594936708861,-0.17661271674344514,0.3517411397802873,1.308332819650179,0.3108133770348174,0.02547169811320755,-0.15806803740610753,-0.1580195221647604,0.45833333333332976,0.3772942311414656,16.0,0,1
2021-07-06,WISH,4.125,5.0,4.0,5.0,42.27267511650223,24.082571169290382,18.190103947211853,2.8118708333333338,28.38027443563876,0.575,5.387219762293413,13.75,1.0,0.125,0.0,0.0,0.0,239,0.6816656565656567,0.6713621590643027,0.13939393939393938,0.12743976451564507,0.24242424242424243,0.030303030303030304,0.8,1.0,0.0,0.0,0.0,5.838199071343123,4.409722169021055,4.125,1.634130525024472,0.017259414225941423,3.767521376141408,106.0,0.03891509433962264,0.9367088607594937,0.3015875077234461,-0.12236811992176022,0.2478361639045814,-0.1123685733236981,-0.02358490566037736,0.02733087021913938,-0.24687210847125288,17.958333333333332,2.942243588603005,19.0,0,1
2021-07-07,SOFI,3.0,3.0,3.0,1.0,32.842348325613806,18.01731902217538,14.82502930343843,1.482133333333333,16.38016434503319,0.2727272727272727,3.6294217704804006,13.0,1.0,0.0,0.0,0.0,0.0,42,0.49404444444444434,0.49875131286693863,0.0909090909090909,0.11051042192527409,0.3333333333333333,0.0,1.0,0.3333333333333333,0.0,0.0,0.0,6.0057730073917925,4.941676434479477,3.0,1.3862943611198906,0.07142857142857142,3.5217129272952503,22.0,0.13636363636363635,1.0,0.026771971801346717,1.1245840235324445,-0.21309321546070836,0.8770853109424057,0.09909948542024014,0.35207034506088075,0.012696208631287259,26.4,3.3105430133940246,9.0,0,2
2021-07-08,AMC,3.125,6.0,5.0,2.0,29.323723428793816,15.286233499871926,14.03748992892189,0.8134930555555554,6.5329549499031945,-0.8166666666666667,-8.180872711628265,4.416666666666666,0.16666666666666666,1.0,0.0,0.0,0.0,87,0.2603177777777777,0.2227873607445191,-0.2613333333333333,-0.2789847862088083,0.05333333333333333,0.32,0.8333333333333334,0.3333333333333333,0.0,0.0,0.0,4.891594719959016,4.491996777255005,3.125,1.4170660197866443,0.035919540229885055,3.411930357614074,34.0,0.09191176470588236,1.0,-0.15206811051501584,-0.6946186532495088,0.5175824062288704,-0.5124003258063159,0.025623885918003575,-0.1680567395336866,-0.5854316225118287,14.65,2.750470916986162,20.0,0,3
2021-07-08,CLOV,2.4583333333333335,4.0,4.0,0.0,24.705538082078156,13.608658994379795,11.096879087698362,0.3694763888888889,5.235156174940615,0.0,0.0,0.25,0.0,0.0,0.0,0.0,0.0,87,0.15029548022598868,0.21190213131760494,0.0,0.0,0.0,0.0,1.0,0.0,0.0,0.0,0.0,5.535725692629069,4.513984713640012,2.4583333333333335,1.2407867774486523,0.028256704980842914,3.2467064582616563,34.0,0.07230392156862746,0.9428571428571428,-0.26209040806680484,-0.010009672670497334,0.8634925463071843,-0.008138812158722253,0.05147058823529413,-0.3010384686385591,-0.18466470460055043,5.983333333333334,1.9435263577000372,20.0,0,3
2021-07-08,PLTR,2.125,3.0,2.0,0.0,14.348799346922663,7.250861227110009,7.097938119812655,0.2694875,2.1356162981844475,0.2,1.2787181507901264,5.25,0.0,0.0,0.0,0.0,0.0,87,0.12681764705882353,0.14883588839385825,0.09411764705882353,0.08911673512699644,0.0,0.0,0.6666666666666666,0.0,0.0,0.0,0.0,3.4121699892282393,3.340206174029485,2.125,1.1394342831883648,0.02442528735632184,2.731037252532464,34.0,0.0625,0.9142857142857143,-0.28556824123397,0.21305598586958185,1.1394342831883648,0.12329217381064583,0.0625,-0.2680628617234088,-0.04346059735175395,4.208333333333333,1.6502599069543555,19.0,0,3
2021-07-08,SPY,2.0,3.0,0.0,2.0,19.85521029263186,10.124293025752099,9.73091726687976,0.4432666666666667,4.294062682323684,0.6,5.994114559465009,15.0,0.5,0.0,0.0,0.0,0.0,87,0.22163333333333335,0.216268808994543,0.3,0.3018912653717592,0.25,0.0,0.0,0.6666666666666666,0.0,0.0,0.0,5.062146512876049,4.86545863343988,2.0,1.0986122886681098,0.022988505747126436,3.0376038111574974,34.0,0.058823529411764705,0.8857142857142857,-0.1907525549594602,0.4589708262767116,1.0986122886681098,0.2817949267615679,0.058823529411764705,0.08553524658546327,0.24319399203086908,5.358333333333333,1.849766288502411,17.0,0,3
2021-07-08,WISH,2.5,3.0,3.0,3.0,30.745799373508124,17.00641471459428,13.739384658913846,0.8660000000000001,9.927911931093591,0.5,6.313715393820125,1.0,0.5,0.0,0.0,1.0,0.0,87,0.34640000000000004,0.32290303499631556,0.2,0.20535213012741793,0.2,0.0,1.0,1.0,0.0,0.4,0.0,6.802565885837711,5.495753863565538,2.5,1.252762968495368,0.028735632183908046,3.4577604133892663,34.0,0.07352941176470588,0.9714285714285714,-0.0659858882927935,-0.7383271784572303,0.7672551527136673,-0.5885608693274005,0.04512032085561497,-0.3774824025081335,-0.2246082938544971,15.208333333333332,2.7855255132705006,20.0,0,3
2021-07-09,SPCE,8.458333333333332,10.0,10.0,3.0,72.47873159910128,40.4634873495395,32.015244249561775,4.076897222222223,36.79065666639647,3.3333333333333335,28.52722220889814,9.0,4.0,0.0,1.0,1.0,0.0,80,0.4819977011494254,0.5076062433031412,0.394088669950739,0.39359439078886793,0.4729064039408868,0.0,1.0,0.3,0.1182266009852217,0.1182266009852217,0.0,4.783860573344572,3.785053507337353,8.458333333333332,2.2468961871334567,0.10572916666666665,4.29699599834575,37.0,0.22860360360360357,1.0,0.1924124535096159,1.778566313502573,1.5537490065735113,1.4345305386962413,0.1991918388977212,0.18298863863639564,0.27019330590791246,16.741666666666667,2.8759159221114334,14.0,0,4
2021-07-09,SPY,2.0,2.0,0.0,0.0,18.377040323063927,7.469654172932128,10.9073861501318,-0.43026666666666663,-9.368763412942554,-1.6666666666666665,-13.604841218891423,7.0,0.0,2.0,0.0,0.0,0.0,80,-0.21513333333333332,-0.5098080674712553,-0.8333333333333333,-0.7403173187695953,0.0,1.0,0.0,0.0,0.0,0.0,0.0,3.734827086466064,5.4536930750659,2.0,1.0986122886681098,0.025,2.964088876691866,37.0,0.05405405405405406,0.9333333333333333,-0.5047185809731428,0.49975921057991596,0.0,0.2996008884618184,-0.004769475357710648,-0.34170294292384296,-0.9104516263101806,5.358333333333333,1.849766288502411,17.0,0,4
2021-07-09,TSLA,2.0,2.0,1.0,1.0,19.33256337440764,10.288749953326773,9.04381342108087,1.1865666666666665,11.129331032402582,1.0,8.131530710604252,3.0,1.0,0.0,0.0,0.0,0.0,80,0.5932833333333333,0.5756779800414641,0.5,0.42061316717930614,0.5,0.0,0.5,0.5,0.0,0.0,0.0,5.144374976663387,4.521906710540435,2.0,1.0986122886681098,0.025,3.012223707955824,37.0,0.05405405405405406,0.9333333333333333,0.30369808569352374,0.3610974623237771,0.4054651081081645,0.21682031385259215,0.024642289348171705,0.2417742066261705,0.293362498339433,6.958333333333333,2.074219597698684,17.0,0,4
2021-07-09,VIX,2.0,2.0,1.0,0.0,21.048431797836564,11.94234144723418,9.106090350602383,-0.8332333333333333,-8.464863973276426,-0.1111111111111111,-1.0292147580105948,9.0,0.0,0.0,0.0,0.0,0.0,80,-0.41661666666666664,-0.4021612657217758,-0.05555555555555555,-0.048897455539484956,0.0,0.0,0.5,0.0,0.0,0.0,0.0,5.97117072361709,4.553045175301191,2.0,1.0986122886681098,0.025,3.093241479084167,37.0,0.05405405405405406,0.9333333333333333,-0.7062019143064762,3.9271331692182807,1.0986122886681098,0.9539636616882987,0.05405405405405406,-0.5093923333333333,-0.11798245614035088,0.8333333333333333,0.6061358035703155,6.0,0,4
2021-07-12,AAPL,3.375,5.0,3.0,0.0,31.039824133347807,15.995444335044006,15.044379798303797,0.07784166666666668,2.543031820141981,-0.75,-6.350106045259504,2.75,0.25,1.0,0.0,0.0,0.0,118,0.0230641975308642,0.08192803571363862,-0.2222222222222222,-0.20457931778154737,0.07407407407407407,0.2962962962962963,0.6,0.0,0.0,0.0,0.0,4.739390914087113,4.457594014312236,3.375,1.4759065198095778,0.028601694915254237,3.4669796332134277,48.0,0.0703125,0.9047619047619048,-0.3546053506673938,3.5103923237505343,0.5764229062518039,1.1708597187681042,0.030898085585585586,-0.2676507323633157,-0.29851190476190476,3.375,1.4759065198095778,12.0,0,0
2021-07-12,AMC,5.05952380952381,10.0,6.0,0.0,41.16444090979554,22.07488237857007,19.089558531225453,1.8202124999999998,15.40155333332821,1.283286951144094,7.222266146295874,21.375,3.333333333333333,1.125,0.0,0.0,0.0,118,0.35975964705882346,0.3741470306150384,0.25363789152024446,0.17544914947641754,0.6588235294117646,0.22235294117647056,0.6,0.0,0.0,0.0,0.0,4.363035575999731,3.7729950979363243,5.05952380952381,1.8016312177072091,0.042877320419693304,3.7415772333583694,48.0,0.10540674603174605,0.9761904761904762,-0.017909901139434525,0.03110057209066912,0.9021476041494353,0.022185534940097895,0.06599233161733163,-0.07311146747828895,-0.029470164953655675,16.441666666666666,2.8588619796639536,20.0,0,0
2021-07-12,BABA,2.25,4.0,3.0,1.0,18.625480427801463,9.360343589758685,9.265136838042778,1.6121958333333333,13.330375787606425,1.875,15.202795791456612,2.375,2.0,0.125,1.0,0.0,0.0,118,0.7165314814814815,0.7157064130119692,0.8333333333333334,0.8162364375183603,0.8888888888888888,0.05555555555555555,0.75,0.25,0.4444444444444444,0.0,0.0,4.1601527065594155,4.117838594685679,2.25,1.1786549963416462,0.019067796610169493,2.976828743766359,48.0,0.046875,0.8809523809523809,0.3388619332832235,1.1635518515862338,0.42488319396526597,0.4676670500344191,0.016469594594594593,0.32127970899470903,0.4737433862433863,4.583333333333333,1.7197859696029656,19.0,0,0
2021-07-12,GME,4.059523809523809,9.0,3.0,0.0,37.49533752955611,18.667976948570683,18.82736058098542,1.0774291666666667,10.511850372575815,0.6954081632653061,4.086237413370352,8.375,1.3333333333333333,1.125,0.0,0.0,0.0,118,0.26540777126099707,0.28035086667214915,0.17130289065772936,0.10897988076915778,0.3284457478005865,0.2771260997067449,0.3333333333333333,0.0,0.0,0.0,0.0,4.598563236598057,4.637824893849781,4.059523809523809,1.6212723700811031,0.03440274414850686,3.65053713083175,48.0,0.08457341269841269,0.9285714285714286,-0.11226177693726092,0.5078221081541376,1.2439781389396352,0.32678470553156114,0.0721860253110253,-0.18351765350678578,0.02176239114808018,12.483333333333336,2.6014543548363913,20.0,0,0
2021-07-12,SPCE,6.101190476190476,9.0,8.0,5.0,67.12777724857703,33.073450009722556,34.0543272388545,2.120547222222222,27.24503855060008,-0.31292517006802717,-3.610478434504965,14.0,0.0,1.0,0.0,0.0,0.0,118,0.3475628617886179,0.4058683255623158,-0.05128919860627177,-0.05378516290112227,0.0,0.16390243902439025,0.8888888888888888,0.5555555555555556,0.0,0.0,0.0,5.42081912354477,5.581587293782981,6.101190476190476,1.960262442694657,0.05170500403551251,4.221385019104048,48.0,0.1271081349206349,1.0,-0.030106686409640093,1.2282491861072855,-0.28663374443879963,1.0355519849007688,-0.10149546868296866,0.02445391421811688,-0.19488899614663527,20.866666666666667,3.0849634072819336,15.0,0,0
2021-07-12,SPY,4.375,6.0,2.0,0.0,47.19962061621473,26.160066283790933,21.039554332423794,0.9924375000000001,9.683181872372206,0.9583333333333334,8.690066241454533,25.125,1.25,0.125,0.0,0.0,0.0,118,0.22684285714285715,0.205153807296614,0.21904761904761905,0.18411305277460618,0.2857142857142857,0.02857142857142857,0.3333333333333333,0.0,0.0,0.0,0.0,5.979443722009356,4.809040990268296,4.375,1.6817585740137264,0.037076271186440676,3.8753511499926883,48.0,0.09114583333333333,0.9523809523809523,-0.15082669105540084,1.4313257147955039,0.5831462853456166,0.8624739184020269,0.03709177927927927,0.14346491421901414,0.18359599273743832,7.233333333333333,2.108190954965822,17.0,0,0
2021-07-13,CLOV,2.458333333333333,4.0,4.0,2.0,29.55752011183368,16.131678887653948,13.425841224179733,1.4748222222222223,17.774093178694564,0.875,10.812903791152761,4.125,1.0,0.125,3.0,0.0,0.0,72,0.5999276836158193,0.601339121531326,0.35593220338983056,0.36582581184893437,0.4067796610169492,0.05084745762711865,1.0,0.5,1.2203389830508475,0.0,0.0,6.562038869554149,5.461359142039214,2.458333333333333,1.2407867774486523,0.03414351851851852,3.419610812832647,35.0,0.07023809523809522,0.9722222222222222,0.23242150898796943,0.20607375181042745,0.4219513817252103,0.1342506884561676,0.043824404761904745,0.23308953149618183,0.2287972530625114,8.95952380952381,2.2985292601647846,20.0,0,1
2021-07-13,SPCE,6.458333333333333,8.0,8.0,4.0,63.99587184212152,33.44205966872521,30.55381217339632,1.4449222222222222,15.831345913830187,1.875,18.156851906828138,4.125,2.0,0.125,0.0,0.0,0.0,72,0.22372989247311828,0.24738073657135703,0.2903225806451613,0.2837191116267824,0.3096774193548387,0.01935483870967742,1.0,0.5,0.0,0.0,0.0,5.178125368060678,4.730912852654915,6.458333333333333,2.009331975492809,0.08969907407407407,4.174323757757577,35.0,0.1845238095238095,1.0,-0.14377628215473157,1.182610955545832,0.04906953279815207,1.0340624232990452,0.057415674603174593,-0.08130465432716447,0.17033987461405875,22.50952380952381,3.1574056075413943,15.0,0,1
2021-07-13,SPY,2.0,2.0,1.0,0.0,18.777031403316542,9.538492376981678,9.238539026334863,-1.0154333333333332,-8.94259549517058,-0.47619047619047616,-4.254872831290095,10.0,0.0,1.0,0.0,0.0,1.0,72,-0.5077166666666666,-0.47625182613216865,-0.23809523809523808,-0.2265998676733622,0.0,0.5,0.5,0.0,0.0,0.0,0.5,4.769246188490839,4.619269513167431,2.0,1.0986122886681098,0.027777777777777776,2.9845212342092116,35.0,0.05714285714285714,0.9305555555555556,-0.8752228412945164,0.5060746210001926,-0.5831462853456166,0.29277274194641933,-0.03400297619047619,-0.5911290176410227,-0.28474031075973616,10.608333333333334,2.45172323099776,17.0,0,1
2021-07-13,TTCF,2.0,2.0,1.0,1.0,13.42994219037056,5.53338948872752,7.89655270164304,0.5874,3.682467157049058,0.14285714285714285,0.8955851833866088,7.0,0.0,0.0,0.0,0.0,0.0,72,0.2937,0.2741982880380106,0.07142857142857142,0.06668570651247886,0.0,0.0,0.5,0.5,0.0,0.0,0.0,2.76669474436376,3.94827635082152,2.0,1.0986122886681098,0.027777777777777776,2.6693053665664284,35.0,0.05714285714285714,0.9305555555555556,-0.07380617462784983,2.162033571426399,1.0986122886681098,0.929339837433409,0.05714285714285714,0.19894032679738563,0.1057422969187675,0.0,0.0,4.0,0,1
2021-07-14,MMAT,3.0,3.0,3.0,1.0,32.21245820004325,17.230314153844212,14.982144046199037,0.9384666666666666,10.238438033713523,3.0,32.21245820004325,11.0,3.0,0.0,0.0,0.0,0.0,79,0.31282222222222217,0.3178409412324756,1.0,1.0,1.0,0.0,1.0,0.3333333333333333,0.0,0.0,0.0,5.743438051281404,4.994048015399679,3.0,1.3862943611198906,0.0379746835443038,3.5029250525241538,33.0,0.09090909090909091,0.9782608695652174,-0.02181329345066063,4.312988477148067,0.9808292530117262,1.2508918510647802,0.07662337662337662,0.2776127777777777,0.9833333333333333,1.5,0.9162907318741551,4.0,0,2
2021-07-14,SPCE,3.375,5.0,4.0,1.0,22.857692264617178,8.552168162367424,14.305524102249754,0.6567916666666667,3.9278324961239646,0.8035714285714286,6.343269034217732,7.625,1.375,0.0,0.0,0.0,0.0,79,0.19460493827160494,0.17183854129509377,0.2380952380952381,0.2775113498240969,0.4074074074074074,0.0,0.8,0.2,0.0,0.0,0.0,2.5339757518125703,4.238673808074001,3.375,1.4759065198095778,0.04272151898734177,3.172106692152087,33.0,0.10227272727272728,1.0,-0.14003057740127786,0.46494296096466126,-0.5334254556832314,0.41132754640688396,-0.08225108225108223,-0.10566443648566706,0.1035964030318775,22.142857142857142,3.1416861861770706,15.0,0,2
2021-07-14,WISH,2.0,2.0,1.0,1.0,21.027400174611657,11.36261407230569,9.664786102305968,1.3419333333333334,14.316436035252448,0.14285714285714285,1.608664163664143,14.0,0.0,0.0,0.0,0.0,0.0,79,0.6709666666666667,0.680846700798419,0.07142857142857142,0.07650323626819228,0.0,0.0,0.5,0.5,0.0,0.0,0.0,5.681307036152845,4.832393051152984,2.0,1.0986122886681098,0.02531645569620253,3.092287140895643,33.0,0.06060606060606061,0.9565217391304348,0.3363311509937839,-0.5077685470697245,1.0986122886681098,-0.46514908735139127,0.06060606060606061,0.025625824670623465,-0.3865285092656474,4.125,1.634130525024472,18.0,0,2
2021-07-15,AAPL,3.501190476190476,8.0,6.0,0.0,27.273945391732468,14.512989276691973,12.760956115040495,0.8023987698412698,5.877169507538264,-1.7095238095238094,-12.461694168050341,6.064285714285715,0.0,1.8428571428571427,0.2,0.0,0.5714285714285714,115,0.2291788393970305,0.21548659070498127,-0.48826929615776943,-0.4569083786399252,0.0,0.5263515810948657,0.75,0.0,0.05712342740564434,0.0,0.16320979258755525,4.1451584469300435,3.6447477513206445,3.501190476190476,1.5043419120535735,0.030445134575569358,3.341940723047788,58.0,0.06036535303776683,0.96,-0.08724375430865283,2.7077435915658636,1.5043419120535735,1.125499785021621,0.06036535303776683,-0.0919843003736926,-0.5701145342530075,6.958333333333333,2.074219597698684,13.0,0,3
2021-07-15,AMC,9.277380952380952,16.0,9.0,1.0,70.1038988506402,33.41843225312043,36.68546659751978,0.23182273809523812,1.0410522149785337,1.4948412698412696,14.001168212909462,45.45,3.5,1.8190476190476188,1.0,0.0,0.7142857142857142,115,0.024987950725009627,0.01485013290340023,0.16112750759228367,0.19972025012103303,0.37726164506608495,0.1960733992044142,0.5625,0.0625,0.10778904144745285,0.0,0.07699217246246631,3.602140779240493,3.9542912795992065,9.277380952380952,2.329945456398163,0.08067287784679089,4.2641421714610255,58.0,0.15995484400656815,1.0,-0.2914346429806737,1.123398059200168,1.6578516850360503,0.7617445572232158,0.13091443996616411,-0.4036074639863038,-0.08120108278222757,11.392857142857142,2.517120269771655,20.0,0,3
2021-07-15,BB,2.342857142857143,4.0,1.0,2.0,21.130138564637544,10.695312235370594,10.434826329266949,0.15032571428571428,1.5091842076538344,-0.009523809523809545,0.3192069900205807,8.914285714285713,1.0,0.34285714285714286,0.0,0.0,0.5714285714285714,115,0.06416341463414633,0.07142329914388434,-0.004065040650406513,0.015106715417133671,0.4268292682926829,0.14634146341463414,0.25,0.5,0.0,0.0,0.2439024390243902,4.56507229558501,4.453889286882234,2.342857142857143,1.2068258733083426,0.020372670807453416,3.096940415436828,58.0,0.04039408866995074,0.84,-0.252259179071537,0.35729707992703463,0.45305407093196237,0.23779691806695924,0.006303179579041654,-0.2835602575900627,-0.07356575443348472,2.517857142857143,1.2578520380028393,17.0,0,3
2021-07-15,CLOV,2.6107142857142858,6.0,3.0,2.0,26.675293695730478,14.714335832357921,11.960957863372558,1.034089404761905,10.787945509267615,-0.4857142857142857,-3.846430923291484,1.4499999999999997,0.0,0.4857142857142857,0.0,0.0,0.7142857142857142,115,0.3960944368445053,0.4044171221625306,-0.18604651162790697,-0.14419451073961842,0.0,0.18604651162790697,0.5,0.3333333333333333,0.0,0.0,0.2735978112175102,5.636134108153513,4.58148864807704,2.6107142857142858,1.2839056158512219,0.022701863354037267,3.3205400908502414,58.0,0.04501231527093596,0.86,0.07967184313882197,0.37292126605753384,0.7007593305056051,0.23191479918853108,0.02102241628103697,0.04159171636890546,-0.309320442293017,8.101190476190476,2.2084052265258034,20.0,0,3
2021-07-15,GME,5.867857142857144,14.0,6.0,1.0,50.773356324110324,23.019071226114285,27.754285097996032,1.931545912698412,21.039656380104127,0.5376984126984128,14.328879142759265,28.00238095238095,1.8333333333333333,1.876190476190476,4.2,0.0,0.14285714285714285,115,0.3291739839047811,0.4143838009407544,0.09163454385608981,0.2822125654111038,0.31243659971596666,0.3197403124365996,0.42857142857142855,0.07142857142857142,0.7157638466220327,0.0,0.024345709068776623,3.9229092777309793,4.729884252853857,5.867857142857144,1.9268521424195302,0.051024844720496905,3.946875660261257,58.0,0.10116995073891627,0.98,0.012751390199097767,1.357216523526305,0.9617712463759431,0.7562327364305323,0.05192752649649203,-0.08861400343481979,-0.017505569067836638,7.22619047619048,2.107323024924357,20.0,0,3
2021-07-15,SPCE,3.4107142857142856,6.0,4.0,1.0,23.01507833723706,9.542978953783058,13.472099383454005,1.3497160714285714,7.632745223847879,-0.901098901098901,-6.371947430532224,17.25,1.0,1.2857142857142856,0.0,0.0,1.7142857142857142,115,0.3957282722513089,0.33164107078004335,-0.26419653644784535,-0.27685968899018615,0.29319371727748694,0.37696335078534027,0.6666666666666666,0.16666666666666666,0.0,0.0,0.5026178010471204,2.7979414733604777,3.949934897766619,3.4107142857142856,1.484036645892828,0.0296583850931677,3.1786818971242536,58.0,0.05880541871921182,0.94,0.07930567854562559,0.4056273302692408,0.008130126083250255,0.3456623464996553,-0.04346730855351546,0.08572865058045664,-0.41060013341596785,25.392857142857142,3.2730934107729976,16.0,0,3
2021-07-15,SPY,3.3428571428571425,6.0,4.0,0.0,28.723038617763365,14.993363618359208,13.729674999404155,0.9453957142857143,8.16864494227608,1.2197691197691198,11.857451789629554,29.414285714285715,2.5,0.8428571428571429,0.0,0.0,0.5714285714285714,115,0.2828106837606838,0.28439348116965224,0.3648881982215316,0.41282024326968236,0.747863247863248,0.2521367521367522,0.6666666666666666,0.0,0.0,0.0,0.17094017094017094,4.48519424480831,4.1071677348644915,3.3428571428571425,1.4685324593568627,0.029068322981366457,3.3919224561361503,58.0,0.05763546798029556,0.92,-0.03361190994499952,1.0861417041167012,1.4685324593568627,0.6483088090125833,0.05763546798029556,0.2640891661196611,0.3501478874617955,10.375,2.431417964837014,16.0,0,3
2021-07-15,TSLA,2.7333333333333334,6.0,1.0,0.0,20.02807730701734,9.033693230723486,10.994384076293857,0.7611144444444445,5.046052124358687,0.5222222222222221,7.157969997643702,13.600000000000001,1.5,1.0333333333333332,0.2,0.0,0.0,115,0.2784565040650407,0.2519489038815861,0.19105691056910565,0.3573967629501673,0.5487804878048781,0.3780487804878048,0.16666666666666666,0.0,0.07317073170731707,0.0,0.0,3.305009718557373,4.022335637668484,2.7333333333333334,1.3173014896329391,0.023768115942028985,3.0458585593351377,58.0,0.047126436781609195,0.88,-0.03796608964064263,0.7043550471872773,1.1995184539765558,0.4196126613801269,0.0433385579937304,-0.08827528346083552,-0.014936936500438341,3.9166666666666665,1.5926307941177191,18.0,0,3
2021-07-15,WISH,3.2,4.0,3.0,4.0,36.855757862221886,20.658866191346224,16.196891670875658,2.18414,24.318657542031346,0.8,6.895382771691404,2.2,1.0,0.2,1.0,0.0,0.0,115,0.68254375,0.6598333327710134,0.25,0.18709105908141835,0.3125,0.0625,0.75,1.0,0.3125,0.0,0.0,6.455895684795695,5.061528647148643,3.2,1.4350845252893227,0.02782608695652174,3.6337830914901725,58.0,0.055172413793103454,0.9,0.3661211562943167,-0.09934436339945266,0.33647223662121295,-0.09131613063866717,-0.005433646812957153,0.03867561633729011,-0.17693173507209892,5.5,1.8718021769015913,18.0,0,3
2021-07-16,AMC,2.458333333333333,5.0,5.0,0.0,19.719435416906997,9.875356193778467,9.84407922312853,0.9906055555555555,7.8168441934891,0.0,0.502512381087616,2.0,0.5,0.5,0.0,0.0,0.0,89,0.4029581920903955,0.3964030423907124,0.0,0.025483101846656992,0.2033898305084746,0.2033898305084746,1.0,0.0,0.0,0.0,0.0,4.017094044926835,4.004371209408216,2.458333333333333,1.2407867774486523,0.027621722846441946,3.0310721688012685,32.0,0.07682291666666666,0.9761904761904762,-0.018275338408912045,-0.47542252259465234,-1.089158678949511,-0.30994600793437566,-0.08313192733990149,0.0070830626748348835,-0.21937893534933,17.545238095238094,2.9202130496425345,20.0,0,4
2021-07-16,ASO,2.0,2.0,2.0,1.0,14.72668421993895,7.832014180505469,6.894670039433482,0.6603,5.108959916696561,0.125,0.984437411555651,18.0,0.0,0.0,0.0,0.0,0.0,89,0.33015,0.3469185486967507,0.0625,0.06684718683807916,0.0,0.0,1.0,0.5,0.0,0.0,0.0,3.9160070902527346,3.447335019716741,2.0,1.0986122886681098,0.02247191011235955,2.755358901457826,32.0,0.0625,0.9166666666666666,-0.09108353049930756,1.6841842145148387,0.4054651081081645,0.7378043549557513,0.04525862068965517,0.11326738888888888,-0.05328364679205015,2.0,1.0986122886681098,9.0,0,4
2021-07-16,F,2.0,2.0,1.0,2.0,11.669313639737679,4.718498871295094,6.950814768442584,0.36023333333333335,2.514434549420428,-0.33333333333333337,-1.537915296813059,20.0,1.0,1.0,2.0,0.0,0.0,89,0.18011666666666667,0.21547407388708692,-0.16666666666666669,-0.13179140987144045,0.5,0.5,0.5,1.0,1.0,0.0,0.0,2.359249435647547,3.475407384221292,2.0,1.0986122886681098,0.02247191011235955,2.5391828207849994,32.0,0.0625,0.9166666666666666,-0.2411168638326409,4.255445339092768,1.0986122886681098,1.0138825026293894,0.0625,0.19937541666666667,-0.17968750000000003,0.0,0.0,3.0,0,4
2021-07-16,GME,2.625,6.0,5.0,0.0,27.831741110373528,15.004259104651066,12.827482005722462,1.5252,17.08900154139168,1.880952380952381,20.144359937526442,5.333333333333333,1.8333333333333333,0.0,1.0,0.0,0.0,89,0.5810285714285713,0.6140112281736559,0.7165532879818594,0.72379086373501,0.6984126984126984,0.0,0.8333333333333334,0.0,0.38095238095238093,0.0,0.0,5.715908230343263,4.886659811703796,2.625,1.2878542883066382,0.02949438202247191,3.3614769021394126,32.0,0.08203125,1.0,0.15979504092926378,0.201022430624266,-0.638997854112892,0.11311777692734304,-0.01913870073891627,0.17807113372002248,0.631202063717103,12.469047619047624,2.600394284065742,20.0,0,4
2021-07-16,NVDA,2.2916666666666665,4.0,2.0,0.0,15.104739937282407,6.960787678898164,8.143952258384244,1.0556527777777778,6.9053197982269685,0.41666666666666663,2.7960939181183844,3.6666666666666665,1.1666666666666667,0.0,0.0,0.0,0.0,89,0.46064848484848486,0.45716244218034185,0.18181818181818182,0.1851136748946535,0.5090909090909091,0.0,0.5,0.0,0.0,0.0,0.0,3.037434623519199,3.5537246218403977,2.2916666666666665,1.1913940221190757,0.025749063670411982,2.779113634703848,32.0,0.07161458333333333,0.9523809523809523,0.0394149543491773,1.1422829697894292,1.1913940221190757,0.6770095659696735,0.07161458333333333,0.24684967090849447,0.08415449356625827,1.5833333333333333,0.9490805546971459,11.0,0,4
2021-07-19,AAPL,2.3666666666666667,4.0,2.0,0.0,18.323158100709655,8.848534912841057,9.474623187868595,0.5350933333333333,4.288124637507067,0.8666666666666667,6.779763628179501,2.8666666666666663,1.1666666666666667,0.2,0.0,0.0,0.0,118,0.2260957746478873,0.23402759578552065,0.36619718309859156,0.3700106494151203,0.49295774647887325,0.08450704225352113,0.5,0.0,0.0,0.0,0.0,3.7388175688060805,4.003361910367012,2.3666666666666667,1.213923135179104,0.020056497175141245,2.96130427819544,43.0,0.05503875968992248,0.9411764705882353,-0.09685340092073744,1.5980080277183506,0.836628904037636,0.7409992009873995,0.040715843023255816,-0.13730145860783885,0.30876540981124195,8.334523809523809,2.2337197643935625,15.0,0,0
2021-07-19,AMC,2.033333333333333,4.0,2.0,0.0,19.515503372372574,9.81080947249442,9.704693899878158,0.7916755555555555,9.19622228170246,0.13529411764705884,0.5772830451943245,5.9,0.0,0.0,0.0,0.0,0.0,118,0.3893486338797814,0.47122649650540066,0.06653809064609452,0.029580740715689877,0.0,0.0,0.5,0.0,0.0,0.0,0.0,4.82498826516119,4.772800278628603,2.033333333333333,1.1096621248546947,0.017231638418079096,3.0211808623892558,43.0,0.047286821705426356,0.9019607843137255,0.06639945831115668,-0.6195753010358521,-0.13112465259395756,-0.39734744968193847,-0.0295360949612403,-0.0035058432355370983,-0.11783425129664206,18.545238095238094,2.972731681070852,20.0,0,0
2021-07-19,CRSR,2.125,3.0,3.0,1.0,20.99907591646678,11.708111169436307,9.290964747030472,1.8603999999999998,18.503507175999797,0.8814102564102564,8.52058914839536,23.625,2.125,0.0,2.0,0.0,0.0,118,0.8754823529411764,0.8811581637975774,0.4147812971342383,0.40576019546240105,1.0,0.0,1.0,0.3333333333333333,0.9411764705882353,0.0,0.0,5.50969937385238,4.372218704484928,2.125,1.1394342831883648,0.018008474576271187,3.091000448679167,43.0,0.04941860465116279,0.9215686274509803,0.5525331773725517,1.4620871995622415,1.1394342831883648,0.7160427114209724,0.04941860465116279,0.629519784565108,0.18903010388304503,0.14285714285714285,0.13353139262452263,11.0,0,0
2021-07-19,GME,2.958333333333333,5.0,3.0,0.0,37.40127409502383,20.124694829290725,17.27657926573311,0.0647888888888889,-0.9600699516720024,0.14807692307692308,0.7888131618480498,4.125,0.125,0.0,0.0,0.0,0.0,118,0.02190046948356808,-0.02566944508983286,0.05005417118093175,0.02109054252654457,0.04225352112676057,0.0,0.6,0.0,0.0,0.0,0.0,6.802713745112358,5.83997045602246,2.958333333333333,1.3758230612525952,0.02507062146892655,3.6480906386011642,43.0,0.0687984496124031,0.9607843137254902,-0.3010487060850566,0.3948815676965214,0.08796877294595706,0.21840036170919186,-0.013232800387596902,-0.3843309725539851,-0.06055750691570699,14.63571428571429,2.749557674913559,20.0,0,0
2021-07-19,SPCE,3.325,5.0,5.0,0.0,24.890647183049047,12.573566098696197,12.317081084352852,0.9481866666666665,6.571622094456918,0.4167043740573152,3.293310917497169,8.025,1.125,0.0,0.0,0.0,0.0,118,0.28516892230576435,0.26401973585211974,0.12532462377663614,0.1323111807128892,0.3383458646616541,0.0,1.0,0.0,0.0,0.0,0.0,3.781523638705623,3.704385288527173,3.325,1.4644121403838426,0.028177966101694915,3.2538817908650386,43.0,0.07732558139534884,0.9803921568627451,-0.037780253262860386,0.29343134996762704,0.7923183690217297,0.2326154237505118,0.04737766472868218,-0.013263417325479476,-0.00917349419518107,20.303571428571427,3.0588747313627667,17.0,0,0
2021-07-19,SPY,4.116666666666667,7.0,1.0,1.0,26.009239438744707,11.71231447081135,14.296924967933357,0.620495,2.8719268591901486,1.9963636363636363,12.422485607107589,27.916666666666668,3.9166666666666665,0.0,0.0,0.0,0.0,118,0.15072753036437245,0.11041948635037663,0.4849466323150533,0.47761818012265334,0.9514170040485829,0.0,0.14285714285714285,0.14285714285714285,0.0,0.0,0.0,2.8450966325857525,3.4729372391740942,4.116666666666667,1.6325031853650966,0.03488700564971752,3.296179008901761,43.0,0.09573643410852714,1.0,-0.1722216452042523,1.2689388733999754,1.6325031853650966,0.7793994228637905,0.09573643410852714,0.1156518118686489,0.4459619116442406,9.717857142857142,2.3719112422711173,16.0,0,0
2021-07-19,VIX,2.0,2.0,1.0,0.0,14.360102044200582,6.79794041297493,7.562161631225653,-0.10656666666666666,-0.8137717974001285,-0.5555555555555556,-4.24237200187743,9.0,0.0,1.0,0.0,0.0,0.0,118,-0.05328333333333333,-0.05666894252529183,-0.2777777777777778,-0.29542770579340966,0.0,0.5,0.5,0.0,0.0,0.0,0.0,3.398970206487465,3.7810808156128264,2.0,1.0986122886681098,0.01694915254237288,2.7317733712001,43.0,0.046511627906976744,0.8823529411764706,-0.3762325089019581,3.4132901951255925,1.0986122886681098,0.9596300959536488,0.046511627906976744,-0.1315565,-0.38298245614035087,0.5000000000000002,0.40546510810816455,6.0,0,0
2021-07-20,AMC,2.0,2.0,2.0,0.0,25.907229259925764,13.68536200849695,12.221867251428815,1.165,14.890434988506138,1.4285714285714286,18.329201967514,8.0,2.0,0.0,0.0,0.0,0.0,67,0.5825,0.574759841707164,0.7142857142857143,0.707493718591755,1.0,0.0,1.0,0.0,0.0,0.0,0.0,6.842681004248475,6.110933625714408,2.0,1.0986122886681098,0.029850746268656716,3.292394996224278,26.0,0.07692307692307693,0.9464285714285714,0.15849567099567102,-0.5627286369208682,-0.01104983618658495,-0.3392890374796296,0.02963625521765057,0.19493383053906338,0.5519832932074984,15.519047619047619,2.804514116252281,20.0,0,1
2021-07-20,AMZN,2.0,2.0,2.0,1.0,18.11379546451615,9.616804980417431,8.496990484098719,1.3647999999999998,11.905858513087953,0.42857142857142855,4.8364643112319134,7.0,1.0,0.0,0.0,0.0,0.0,67,0.6823999999999999,0.6572812714160774,0.21428571428571427,0.2670044674351248,0.5,0.0,1.0,0.5,0.0,0.0,0.0,4.8084024902087155,4.248495242049359,2.0,1.0986122886681098,0.029850746268656716,2.9504103499661913,26.0,0.07692307692307693,0.9464285714285714,0.2583956709956709,1.9456888936978913,0.6496620686202066,0.6643950491098137,0.06374478234943351,0.5455240598346355,0.006721315680885881,1.4000000000000006,0.8754687373539002,16.0,0,1
2021-07-20,SPY,3.0,3.0,3.0,0.0,16.374708020332523,6.356107660695891,10.018600359636633,0.7526,4.070742399177421,0.0,0.0,6.0,0.0,0.0,0.0,0.0,0.0,67,0.2508666666666667,0.2485993884057516,0.0,0.0,0.0,0.0,1.0,0.0,0.0,0.0,0.0,2.118702553565297,3.3395334532122107,3.0,1.3862943611198906,0.04477611940298507,2.8550155867244786,26.0,0.11538461538461539,1.0,-0.1731376623376623,0.812576577348806,-0.24620882424520607,0.5142035877750981,0.01964818127608825,0.23041790498605785,-0.0547320522865654,9.459523809523809,2.3475129326983657,16.0,0,1
2021-08-02,AMD,2.5333333333333337,4.0,3.0,1.0,30.502900506361804,16.531640015232274,13.971260491129527,2.061182222222222,25.12104204590177,1.2,14.173805818929718,2.2,1.2,0.0,2.0,0.0,0.0,22,0.8136245614035086,0.8235624032102268,0.4736842105263157,0.46467075535893954,0.4736842105263157,0.0,0.75,0.25,0.7894736842105262,0.0,0.0,6.525647374433792,5.514971246498497,2.5333333333333337,1.262241712449912,0.11515151515151517,3.4500796211595657,13.0,0.1948717948717949,1.0,0.541595748987854,0.616082797171273,0.8567766043417475,0.42339507998345527,0.17564102564102568,0.34037555061723856,0.2470688774001201,2.5833333333333317,1.2762934659055616,18.0,0,0
2021-08-03,AMD,6.333333333333334,7.0,6.0,1.0,55.024156414195595,29.240573914175194,25.7835825000204,1.7509222222222223,17.02588569626078,-1.0,-10.798595505142377,5.0,0.0,1.0,0.0,0.0,0.0,53,0.2764614035087719,0.3094256560354699,-0.15789473684210525,-0.1962519047789793,0.0,0.15789473684210525,0.8571428571428571,0.14285714285714285,0.0,0.0,0.0,4.6169327232908195,4.071091973687431,6.333333333333334,1.9924301646902063,0.11949685534591196,4.0257829622634205,25.0,0.25333333333333335,1.0,-0.09872608120300752,1.6451536891012013,0.7301884522402944,1.1401340352517684,0.058461538461538454,-0.21406648240649706,-0.40701780990638137,4.116666666666665,1.6325031853650962,18.0,0,1
2021-08-03,CRSR,2.0,2.0,2.0,0.0,23.12610461446532,12.662687037656893,10.463417576808427,1.2669,14.69686232295648,0.0,0.0,0.0,0.0,0.0,0.0,0.0,0.0,53,0.63345,0.6355096358841009,0.0,0.0,0.0,0.0,1.0,0.0,0.0,0.0,0.0,6.331343518828446,5.231708788404213,2.0,1.0986122886681098,0.03773584905660377,3.183294433304947,25.0,0.08,0.92,0.25826251528822053,1.3942630815817956,0.4054651081081645,0.6613105504758555,0.0030769230769230743,0.41189549346405224,-0.17663067324832032,4.267857142857142,1.6616236656046706,11.0,0,1
2021-08-03,GME,2.3333333333333335,3.0,2.0,0.0,34.77641370396647,18.629157002198998,16.14725670176747,1.3298888888888891,19.9079982703703,1.0,15.820839896712208,1.0,1.0,0.0,0.0,0.0,0.0,53,0.569952380952381,0.5724569082895303,0.42857142857142855,0.4549301728288257,0.42857142857142855,0.0,0.6666666666666666,0.0,0.0,0.0,0.0,7.983924429513856,6.920252872186059,2.3333333333333335,1.2039728043259361,0.04402515723270441,3.577288841194712,25.0,0.09333333333333334,0.96,0.19476489624060156,0.20652887745831444,0.35667494393873256,0.113004451764253,-0.009230769230769223,0.15605270406147814,0.2985284709663344,13.784523809523813,2.6935809451106736,20.0,0,1
2021-08-04,AMD,17.333333333333336,19.0,19.0,1.0,158.4599212796921,88.42976370117755,70.03015757851459,7.499522222222222,68.70135976757746,2.0,15.890581980457569,31.5,5.0,2.5,1.0,0.0,0.0,98,0.4326647435897435,0.43355669504792366,0.11538461538461536,0.10028139514476757,0.28846153846153844,0.14423076923076922,1.0,0.05263157894736842,0.05769230769230768,0.0,0.0,5.101717136606396,4.040201398760456,17.333333333333336,2.908720896564361,0.17687074829931976,5.071792613406173,50.0,0.34666666666666673,1.0,0.11924478098290586,2.795312919115529,0.9162907318741549,2.0305032559683625,0.09333333333333338,-0.05372089896961085,-0.10554669113458517,10.116666666666665,2.408445483693523,18.0,0,2
2021-08-04,CRSR,2.0,2.0,1.0,0.0,20.59760450711793,11.315315635829162,9.282288871288767,0.4074,4.61807529621338,-0.3333333333333333,-3.9785972086972494,3.0,0.0,1.0,0.0,0.0,0.0,98,0.2037,0.22420448429415707,-0.16666666666666666,-0.1931582484420634,0.0,0.5,0.5,0.0,0.0,0.0,0.0,5.657657817914581,4.641144435644383,2.0,1.0986122886681098,0.02040816326530612,3.072582406091744,50.0,0.04,0.8333333333333334,-0.10971996260683764,1.469288205497621,0.0,0.671344085248963,-0.04,-0.017425339869281048,-0.32208521870286577,6.125,1.9636097261547143,11.0,0,2
2021-08-04,GME,2.1666666666666665,4.0,4.0,0.0,20.340739169146403,9.36910456975521,10.971634599391189,0.44295555555555555,4.239192576898505,0.1111111111111111,0.4229624988633688,1.0,0.3333333333333333,0.0,0.0,0.0,0.0,98,0.20444102564102565,0.20840897381589119,0.05128205128205128,0.020793860800542303,0.15384615384615385,0.0,1.0,0.0,0.0,0.0,0.0,4.32420210911779,5.063831353565164,2.1666666666666665,1.1526795099383853,0.022108843537414963,3.0606178830031823,50.0,0.04333333333333333,0.875,-0.10897893696581198,0.15162116018639277,-0.051293294387550814,0.08114405686629134,-0.05000000000000001,-0.20298648306345365,-0.06900913327339749,10.250000000000004,2.4203681286504293,20.0,0,2
2021-08-04,HOOD,5.833333333333334,8.0,8.0,2.0,58.54268202395994,30.339887181588505,28.202794842371432,1.1560666666666666,10.56910949692849,-0.6581196581196581,-5.59568040269337,10.0,0.3333333333333333,1.0,0.0,0.0,0.0,98,0.1981828571428571,0.18053681743864824,-0.11282051282051281,-0.09558291846627746,0.057142857142857134,0.1714285714285714,1.0,0.25,0.0,0.0,0.0,5.201123516843743,4.834764830120816,5.833333333333334,1.921812597476253,0.05952380952380953,4.086693400323184,50.0,0.11666666666666668,0.9583333333333334,-0.11523710546398053,5.274651463045531,1.7394910406822983,1.7807436531557923,0.10866666666666669,0.1648398571428571,-0.05532051282051281,1.2,0.7884573603642702,4.0,0,2
2021-08-04,PLTR,3.0,3.0,3.0,0.0,25.382946668903827,13.050792184902576,12.33215448400125,1.2943,11.785653553518666,0.0,2.008430506036648,2.0,1.0,1.0,1.0,0.0,0.0,98,0.43143333333333334,0.4643138445370903,0.0,0.07912519110703323,0.3333333333333333,0.3333333333333333,1.0,0.0,0.3333333333333333,0.0,0.0,4.350264061634192,4.11071816133375,3.0,1.3862943611198906,0.030612244897959183,3.272717841919318,50.0,0.06,0.9166666666666666,0.1180133707264957,1.5432128190734757,1.3862943611198906,0.850666642259419,0.06,0.18996788416161697,-0.020467365383900774,0.0,0.0,12.0,0,2
2021-08-05,AMC,2.666666666666667,5.0,2.0,1.0,27.389053392335267,14.63089084096687,12.758162551368395,1.540661111111111,17.323887018579516,1.5714285714285714,16.580985217582867,9.666666666666666,1.5,0.0,2.0,0.0,0.0,93,0.5777479166666666,0.6325113456979695,0.5892857142857142,0.6053873049231778,0.5624999999999999,0.0,0.4,0.2,0.7499999999999999,0.0,0.0,5.4865840653625755,4.784310956763147,2.666666666666667,1.2992829841302609,0.028673835125448032,3.346003626932698,47.0,0.056737588652482275,0.8947368421052632,0.2023376670829487,0.15920677156399,0.5260930958967792,0.09162892407247702,0.033404255319148944,0.20775685520578635,0.4302236472605942,6.3999999999999995,2.001480000210124,20.0,0,3
2021-08-05,AMD,5.958333333333334,8.0,6.0,3.0,55.84510875330607,30.323140280164758,25.521968473141314,1.2446763888888888,10.712413219728372,-0.7999999999999999,-3.674405623135169,23.0,0.0,0.625,0.0,0.0,0.0,93,0.20889673659673655,0.19182366117416128,-0.13426573426573424,-0.06579637331116561,0.0,0.10489510489510488,0.75,0.375,0.0,0.0,0.0,5.0891983686989795,4.283407296191549,5.958333333333334,1.9399399820688095,0.06406810035842295,4.0403301787344175,47.0,0.12677304964539007,1.0,-0.16651351298698133,1.1369195596383668,-0.9687809144955517,0.973258010804011,-0.21989361702127666,-0.28215449608328147,-0.35165254606396945,27.200000000000003,3.339321977944068,18.0,0,3
2021-08-05,GM,2.0,3.0,2.0,1.0,17.304731665896472,8.704019395288986,8.600712270607486,0.8708166666666666,7.432677671868165,0.5,4.102609213197706,5.5,0.5,0.0,4.5,0.0,0.0,93,0.4354083333333333,0.429517071710289,0.25,0.2370801982028405,0.25,0.0,0.6666666666666666,0.3333333333333333,2.25,0.0,0.0,4.352009697644493,4.300356135303743,2.0,1.0986122886681098,0.021505376344086023,2.9071595874041956,47.0,0.0425531914893617,0.8289473684210527,0.059998083749615405,2.93780366916884,1.0986122886681098,0.8891295515667885,0.0425531914893617,0.31671399999999994,0.28099999999999997,0.0,0.0,7.0,0,3
2021-08-05,GME,3.8333333333333335,7.0,3.0,0.0,30.49285575539643,14.40755923132367,16.085296524072756,1.3326555555555557,12.306322576476399,0.8214285714285714,3.6814258756838205,6.5,1.0,0.5,0.0,0.0,0.0,93,0.3476492753623189,0.40358051981728554,0.21428571428571427,0.12073076740384689,0.2608695652173913,0.13043478260869565,0.42857142857142855,0.0,0.0,0.0,0.0,3.7584937125192184,4.196164310627675,3.8333333333333335,1.575536360758419,0.04121863799283154,3.4497607186922705,47.0,0.08156028368794327,0.9736842105263158,-0.027760974221399004,0.9834650264473366,0.42285685082003366,0.5192006900834905,0.03822695035460994,-0.07515433525712312,0.09143042716616294,9.79166666666667,2.3787742313515925,20.0,0,3
2021-08-05,HOOD,3.333333333333333,5.0,4.0,3.0,23.932407305666445,10.72448457179768,13.207922733868763,0.18517222222222227,1.7054307093023717,0.5,2.0302215052732095,3.1666666666666665,0.5,0.0,0.0,0.0,0.0,93,0.05555166666666669,0.07126030772920111,0.15000000000000002,0.0848314788956695,0.15000000000000002,0.0,0.8,0.6,0.0,0.0,0.0,3.217345371539304,3.962376820160629,3.333333333333333,1.466337068793427,0.035842293906810034,3.216168455475542,47.0,0.07092198581560283,0.9473684210526315,-0.3198585829170512,2.365084688069632,-0.45547552868282604,1.2291774945991536,-0.045744680851063854,0.01229952380952383,0.21314102564102566,7.033333333333334,2.0835995518284998,5.0,0,3
2021-08-05,NUE,2.0,2.0,0.0,0.0,5.030437921392436,1.0986122886681098,3.931825632724326,-0.13960000000000003,-0.3511245669131921,0.0,0.0,0.0,0.0,0.0,0.0,0.0,0.0,93,-0.06980000000000001,-0.06980000000000001,0.0,0.0,0.0,0.0,0.0,0.0,0.0,0.0,0.0,0.5493061443340549,1.965912816362163,2.0,1.0986122886681098,0.021505376344086023,1.7968196318819551,47.0,0.0425531914893617,0.8289473684210527,-0.4452102495837179,8.0,1.0986122886681098,1.0564430906148063,0.0425531914893617,-0.11779566666666669,0.012916666666666665,0.125,0.11778303565638346,4.0,0,3
2021-08-05,SNDL,2.0,2.0,2.0,0.0,16.42489776485638,8.466320861042481,7.958576903813897,0.6441,5.280926033666741,0.5,3.886586840241268,8.0,1.0,0.0,0.0,0.0,0.0,93,0.32205,0.3215195679918388,0.25,0.23662776450013737,0.5,0.0,1.0,0.0,0.0,0.0,0.0,4.233160430521241,3.9792884519069487,2.0,1.0986122886681098,0.021505376344086023,2.8579000894762268,47.0,0.0425531914893617,0.8289473684210527,-0.05336024958371788,3.181834123169914,1.0986122886681098,0.9654465733050688,0.0425531914893617,0.18287055555555554,0.1375,0.4999999999999989,0.40546510810816366,4.0,0,3
2021-08-05,SPY,3.0,3.0,3.0,0.0,21.70742863003428,11.27272476408443,10.434703865949853,0.3007666666666666,2.6535628244829637,-1.0,-7.478734825567875,1.0,0.0,1.0,0.0,0.0,0.0,93,0.10025555555555554,0.12224215358292177,-0.3333333333333333,-0.34452421578944353,0.0,0.3333333333333333,1.0,0.0,0.0,0.0,0.0,3.7575749213614764,3.4782346219832845,3.0,1.3862943611198906,0.03225806451612903,3.122692123376379,47.0,0.06382978723404255,0.9210526315789473,-0.27515469402816234,1.0436737191320948,0.47000362924573547,0.6091086700629125,0.03382978723404255,0.08046208656927431,-0.34811896256449804,9.616666666666667,2.362425093350063,15.0,0,3
2021-08-05,VIAC,2.0,2.0,2.0,2.0,18.598163814126046,10.928668563118354,7.669495251007694,1.2712,11.772754380034216,0.0,0.0,0.0,0.0,0.0,0.0,0.0,0.0,93,0.6356,0.6330062740436957,0.0,0.0,0.0,0.0,1.0,1.0,0.0,0.0,0.0,5.464334281559177,3.834747625503847,2.0,1.0986122886681098,0.021505376344086023,2.9754358788951967,47.0,0.0425531914893617,0.8289473684210527,0.2601897504162822,1.7581457343146476,0.4054651081081645,0.7809260660673614,0.0225531914893617,0.41775790796344653,-0.26524190996123115,3.000000000000001,1.3862943611198908,12.0,0,3
2021-08-06,CLOV,2.5,3.0,2.0,1.0,25.53107371651083,14.134921068476508,11.396152648034322,0.29945,4.884505487131548,-0.09999999999999998,-0.5200517542357606,11.5,1.5,1.0,0.0,0.0,0.0,89,0.11978,0.19131610136602914,-0.039999999999999994,-0.020369364798764632,0.6,0.4,0.6666666666666666,0.3333333333333333,0.0,0.0,0.0,5.653968427390604,4.5584610592137285,2.5,1.252762968495368,0.028089887640449437,3.2783166391177523,33.0,0.07575757575757576,0.984375,-0.3784934747023809,1.4701753400532076,0.9650808960435872,0.67842586254826,0.06866537717601548,-0.1684285471077528,-0.041661561085546764,0.5333333333333333,0.4274440148269396,17.0,0,4
2021-08-06,HOOD,2.5,3.0,3.0,1.0,18.905557728271567,9.412301144022486,9.49325658424908,1.5118666666666667,11.119612608069191,0.1333333333333333,-0.49628513003032904,8.0,0.5,0.0,1.5,1.0,0.0,89,0.6047466666666667,0.5881663354179076,0.05333333333333332,-0.026250753199847637,0.2,0.0,1.0,0.3333333333333333,0.6,0.4,0.0,3.7649204576089943,3.797302633699632,2.5,1.252762968495368,0.028089887640449437,2.9909989755659745,33.0,0.07575757575757576,0.984375,0.10647319196428573,1.613617151191069,-0.2135741002980589,0.9422865408614234,0.0048355899419729315,0.5587169404761905,0.10897435897435898,10.366666666666667,2.4306850956213615,6.0,0,4
2021-08-06,OCGN,2.0,2.0,2.0,1.0,14.681928459797756,7.927324360309793,6.754604099487962,0.3323,2.7443598612086055,0.6,4.955208897758541,10.0,1.0,0.0,0.0,0.0,0.0,89,0.16615,0.18692093948851793,0.3,0.3375039533346697,0.5,0.0,1.0,0.5,0.0,0.0,0.0,3.9636621801548966,3.377302049743981,2.0,1.0986122886681098,0.02247191011235955,2.7525089958673052,33.0,0.06060606060606061,0.90625,-0.3321234747023809,4.824541368094118,1.0986122886681098,1.0292975706121152,0.06060606060606061,0.13390333333333332,0.23333333333333334,0.0,0.0,2.0,0,4
2021-08-06,SKLZ,2.0,2.0,2.0,1.0,13.425614126620228,6.329720905522697,7.095893221097532,1.0276333333333334,6.262558461868645,2.0,13.425614126620228,2.0,2.0,0.0,1.0,0.0,0.0,89,0.5138166666666667,0.4664634632579884,1.0,1.0,1.0,0.0,1.0,0.5,0.5,0.0,0.0,3.1648604527613484,3.547946610548766,2.0,1.0986122886681098,0.02247191011235955,2.6690053852570927,33.0,0.06060606060606061,0.90625,0.015543191964285774,0.0,1.0986122886681098,1.0986122886681098,0.06060606060606061,0.5138166666666667,1.0,0.0,0.0,0.0,1,4
2021-08-06,SPY,2.0,2.0,2.0,0.0,20.443083014694455,10.383874587161552,10.059208427532905,-0.13069999999999998,-3.7971765517469223,-1.0,-12.46820611413558,1.0,0.0,1.0,0.0,0.0,0.0,89,-0.06534999999999999,-0.18574383076258694,-0.5,-0.6098985219192943,0.0,0.5,1.0,0.0,0.0,0.0,0.0,5.191937293580776,5.0296042137664525,2.0,1.0986122886681098,0.02247191011235955,3.0654021231919235,33.0,0.06060606060606061,0.90625,-0.5636234747023809,0.47894553794346356,-0.2876820724517808,0.2867692385831343,-0.0032237266279819404,-0.090156246764059,-0.49811896256449806,8.5,2.2512917986064953,15.0,0,4
2021-08-09,AMC,3.875,6.0,3.0,3.0,36.923136971841195,19.027614590129218,17.895522381711974,1.6285833333333333,13.864276275396003,3.0303030303030303,26.046405713248745,13.5,3.25,0.125,0.0,0.0,0.0,138,0.4202795698924731,0.3754902051244822,0.7820136852394917,0.7054223408241991,0.8387096774193549,0.03225806451612903,0.5,0.5,0.0,0.0,0.0,4.910352152291411,4.6181993243127675,3.875,1.5841201044498106,0.028079710144927536,3.6355614000158742,53.0,0.07311320754716981,0.9629629629629629,0.0977017921127516,0.7265298639854951,0.7956627440855404,0.41701542472564235,0.03674957118353345,0.04404249879630556,0.631743528338249,6.233333333333333,1.9786999718783043,20.0,0,0
2021-08-09,AMD,4.0,4.0,3.0,0.0,30.221687397876792,16.844495772891754,13.377191624985032,1.4601,10.341374478210895,0.0,1.3164507877526255,8.0,1.0,1.0,0.0,0.0,0.0,138,0.365025,0.34218388742044303,0.0,0.04355980426973485,0.25,0.25,0.75,0.0,0.0,0.0,0.0,4.211123943222939,3.344297906246258,4.0,1.6094379124341003,0.028985507246376812,3.4411129622454433,53.0,0.07547169811320754,0.9814814814814815,0.04244722222027847,0.7010625015263807,1.203972804325936,0.6262308376875665,0.06032018296169239,-0.12935190284318826,-0.14400685841828187,32.65833333333334,3.516260672781367,18.0,0,0
2021-08-09,BABA,2.25,3.0,2.0,2.0,18.221334323284086,8.680207184731213,9.541127138552874,0.17683333333333334,1.726975452472875,-0.25,-2.0537516081903937,0.25,0.0,0.25,0.0,0.0,0.0,138,0.0785925925925926,0.0947776612751166,-0.1111111111111111,-0.11271137292980857,0.0,0.1111111111111111,0.6666666666666666,0.6666666666666666,0.0,0.0,0.0,3.857869859880539,4.240500950467943,2.25,1.1786549963416462,0.016304347826086956,2.9560208248204716,53.0,0.04245283018867924,0.9444444444444444,-0.24398518518712892,1.5726797398507353,1.1786549963416462,0.655406582987593,0.04245283018867924,-0.21205000000000002,-0.47480158730158734,2.333333333333333,1.203972804325936,14.0,0,0
2021-08-09,PLTR,2.125,3.0,3.0,1.0,21.56783553956138,11.956023535794628,9.611812003766751,0.8639666666666667,9.589375286537852,0.9166666666666666,10.276481705964963,2.75,1.0,0.125,2.0,0.0,0.0,138,0.4065725490196078,0.4446146331628078,0.4313725490196078,0.47647255502829905,0.47058823529411764,0.058823529411764705,1.0,0.3333333333333333,0.9411764705882353,0.0,0.0,5.626364016844531,4.5232056488314125,2.125,1.1394342831883648,0.015398550724637682,3.116525686344242,53.0,0.04009433962264151,0.9259259259259259,0.0839947712398863,1.3328432602657048,1.1394342831883648,0.7124498577906871,0.04009433962264151,0.2034639248157165,0.41462139985192326,3.0,1.3862943611198906,10.0,0,0
2021-08-09,SAVA,2.0,2.0,2.0,2.0,17.921154705402856,9.075665468649582,8.845489236753274,0.6329,5.664356019906444,1.0,9.620129451564402,3.0,1.0,0.0,0.0,0.0,0.0,138,0.31645,0.31607092919067087,0.5,0.5368029911969977,0.5,0.0,1.0,1.0,0.0,0.0,0.0,4.537832734324791,4.422744618376637,2.0,1.0986122886681098,0.014492753623188406,2.9402805927023743,53.0,0.03773584905660377,0.9074074074074074,-0.0061277777797215105,3.374736167450363,0.4054651081081645,0.9599828525561207,0.007432818753573468,0.23334,0.35,2.0,1.0986122886681098,4.0,0,0
2021-08-09,SPY,6.5,7.0,4.0,0.0,55.11955241331013,27.257985195764366,27.86156721754577,-0.40603333333333325,-2.960484562811792,-2.2,-21.167003839113704,37.5,0.0,3.0,0.0,0.0,0.0,138,-0.062466666666666656,-0.053710243156780454,-0.3384615384615385,-0.38401987883345634,0.0,0.46153846153846156,0.5714285714285714,0.0,0.0,0.0,0.0,4.193536183963749,4.286394956545503,6.5,2.0149030205422647,0.04710144927536232,4.027484279673413,53.0,0.12264150943396226,1.0,-0.3850444444463882,2.0140568036038258,0.9162907318741549,1.1481293560238839,0.06203544882790166,-0.08400541343072568,-0.3115805010260365,7.5,2.1400661634962708,16.0,0,0
2021-08-10,AMC,3.0,4.0,3.0,0.0,31.308578048246854,16.01290342444308,15.295674623803775,0.07094999999999999,2.623046421860479,0.0,0.0,2.0,0.0,0.0,0.0,0.0,0.0,53,0.023649999999999994,0.08378043927189335,0.0,0.0,0.0,0.0,0.75,0.0,0.0,0.0,0.0,5.337634474814361,5.098558207934592,3.0,1.3862943611198906,0.05660377358490566,3.475332769219141,21.0,0.14285714285714285,1.0,-0.23290166666666662,0.4732808644821215,-0.19782574332991998,0.2505345711466598,0.06974393530997304,-0.3553553060010476,-0.18501294265147256,9.108333333333334,2.313360166162004,20.0,0,1
2021-08-10,MRNA,2.5,3.0,2.0,0.0,25.198664537839974,12.400389688164566,12.79827484967541,0.23836666666666662,5.029356441465458,-1.0,-7.6984827878809465,11.0,0.0,1.0,0.0,0.0,0.0,53,0.09534666666666665,0.1995882136496974,-0.4,-0.30551153916591084,0.0,0.4,0.6666666666666666,0.0,0.0,0.0,0.0,4.960155875265826,5.119309939870164,2.5,1.252762968495368,0.04716981132075472,3.265708437629774,21.0,0.11904761904761904,0.9444444444444444,-0.161205,4.766288087541721,1.252762968495368,1.1572858432511461,0.11904761904761904,0.03919933333333331,-0.4042857142857143,1.75,1.0116009116784799,3.0,0,1
2021-08-10,RKT,2.0,2.0,1.0,0.0,24.459622840985652,12.621408873433602,11.83821396755205,1.1866666666666665,15.382510302507203,1.1785714285714286,13.817674169708166,15.0,2.0,0.0,0.0,0.0,0.0,53,0.5933333333333333,0.6288940104477643,0.5892857142857143,0.5649177119180532,1.0,0.0,0.5,0.0,0.0,0.0,0.0,6.310704436716801,5.919106983776025,2.0,1.0986122886681098,0.03773584905660377,3.2370937792326404,21.0,0.09523809523809523,0.8611111111111112,0.33678166666666665,3.127845722640799,0.7213180575266418,0.8810178116554277,0.08659029649595687,0.31630813131313124,0.5207634510053865,0.4583333333333333,0.37729423114146804,10.0,0,1
2021-08-10,UPST,2.0,2.0,2.0,1.0,15.756866351669874,8.080856419640986,7.6760099320288875,1.0137333333333334,7.776876375355107,0.7142857142857143,5.178518240512848,7.0,1.0,0.0,2.0,0.0,0.0,53,0.5068666666666667,0.4935547590356335,0.35714285714285715,0.3286515303827554,0.5,0.0,1.0,0.5,1.0,0.0,0.0,4.040428209820493,3.8380049660144437,2.0,1.0986122886681098,0.03773584905660377,2.818808105715114,21.0,0.09523809523809523,0.8611111111111112,0.25031500000000007,3.729284521200701,1.0986122886681098,0.9743669561787097,0.09523809523809523,0.41537333333333337,0.2904761904761905,0.0,0.0,4.0,0,1
2021-08-11,BB,2.0,2.0,1.0,0.0,23.339937056947047,13.18413557579693,10.155801481150117,1.2475333333333332,14.626166265666452,1.0,11.185115601427668,5.0,1.0,0.0,3.0,0.0,0.0,91,0.6237666666666666,0.6266583423074411,0.5,0.4792264680978846,0.5,0.0,0.5,0.0,1.5,0.0,0.0,6.592067787898465,5.077900740575059,2.0,1.0986122886681098,0.02197802197802198,3.1921185015637223,44.0,0.045454545454545456,0.8804347826086957,0.2215726268900181,1.8341619734436323,1.0986122886681098,0.7461604018896514,0.045454545454545456,0.3518057722882356,0.3710635028927712,0.49999999999999994,0.40546510810816433,11.0,0,2
2021-08-11,LAC,2.0,2.0,2.0,0.0,9.407550541263888,4.248495242049359,5.159055299214529,1.1265,5.730169016140524,0.0,0.0,0.0,0.0,0.0,0.0,0.0,0.0,91,0.56325,0.609103186956749,0.0,0.0,0.0,0.0,1.0,0.0,0.0,0.0,0.0,2.1242476210246797,2.5795276496072646,2.0,1.0986122886681098,0.02197802197802198,2.3425315563100217,44.0,0.045454545454545456,0.8804347826086957,0.16105596022335156,4.727712195635266,1.0986122886681098,1.0181403930464048,0.045454545454545456,0.4877716666666667,-0.07272727272727272,0.25,0.22314355131420976,3.0,0,2
2021-08-11,NUE,2.0,2.0,1.0,0.0,12.45488394359296,6.214608098422191,6.240275845170769,1.0843333333333334,6.716100351805357,0.09090909090909091,0.5719608308689381,17.0,0.0,0.0,0.0,0.0,0.0,91,0.5421666666666667,0.5392342780729203,0.045454545454545456,0.04592261424990364,0.0,0.0,0.5,0.0,0.0,0.0,0.0,3.1073040492110957,3.1201379225853847,2.0,1.0986122886681098,0.02197802197802198,2.5993421586190353,44.0,0.045454545454545456,0.8804347826086957,0.13997262689001821,3.744711211043304,1.0986122886681098,0.9812392207759927,0.045454545454545456,0.481956,0.00837121212121212,2.5,1.252762968495368,6.0,0,2
2021-08-11,OCGN,2.2,3.0,3.0,1.0,15.740519317985537,8.501349995556444,7.239169322429092,1.1442733333333333,7.585120829632851,1.1333333333333333,6.7264364703319,4.2,1.2,0.0,0.0,0.0,0.0,91,0.5201242424242424,0.48188504307897195,0.5151515151515151,0.42733256345907816,0.5454545454545454,0.0,1.0,0.3333333333333333,0.0,0.0,0.0,3.864249997980201,3.2905315101950414,2.2,1.1631508098056809,0.024175824175824177,2.8178320871599203,44.0,0.05,0.9347826086956522,0.1179302026475939,3.2089391223550296,0.7576857016975165,1.0186322219108725,0.026190476190476195,0.4413467424242424,0.4334848484848485,3.5,1.5040773967762742,4.0,0,2
2021-08-11,SDC,2.5,3.0,2.0,2.0,23.528487727721938,12.163855438623559,11.364632289098378,1.2619666666666667,11.005211567061083,0.6792207792207792,6.0391121438708355,24.5,2.0,0.5,3.0,0.0,0.0,91,0.5047866666666667,0.46773986047961885,0.27168831168831165,0.25667234604098166,0.8,0.2,0.6666666666666666,0.6666666666666666,1.2,0.0,0.0,4.8655421754494235,4.545852915639351,2.5,1.252762968495368,0.027472527472527472,3.1998352064605444,44.0,0.056818181818181816,0.9565217391304348,0.10259262689001825,5.547079099630936,1.252762968495368,1.1834482504393735,0.056818181818181816,0.4628266666666667,0.23168831168831164,0.0,0.0,2.0,0,2
2021-08-11,SPY,3.2,5.0,1.0,2.0,19.311140784174032,9.79131310308394,9.519827681090092,0.14256,1.6741683939867482,2.0,14.426689374714117,5.2,2.2,0.0,0.0,0.0,0.0,91,0.04454999999999999,0.08669443264370852,0.625,0.747065620615078,0.6875,0.0,0.2,0.4,0.0,0.0,0.0,3.059785344713731,2.974946150340654,3.2,1.4350845252893227,0.035164835164835165,3.011169542610369,44.0,0.07272727272727274,0.9782608695652174,-0.3576440397766485,0.8223457689003535,0.5187937934151676,0.5113391466115237,0.001298701298701313,0.029077919902607642,0.6576930032474678,14.5,2.740840023925201,16.0,0,2
2021-08-11,UPST,5.0,5.0,5.0,2.0,47.24084054349009,25.312550455181967,21.928290088308124,0.15040000000000003,-4.905031797262097,-1.6666666666666667,-23.789641657268035,5.0,1.0,2.0,0.0,0.0,0.0,91,0.030080000000000006,-0.10383032437254175,-0.33333333333333337,-0.5035820993779144,0.2,0.4,1.0,0.4,0.0,0.0,0.0,5.062510091036393,4.385658017661624,5.0,1.791759469228055,0.054945054945054944,3.876205976468832,44.0,0.11363636363636363,1.0,-0.3721140397766485,4.7709642469258124,0.6931471805599452,1.6125835223052494,0.0183982683982684,-0.08675666666666666,-0.4178571428571429,2.0,1.0986122886681098,5.0,0,2
2021-08-11,WISH,2.0,2.0,2.0,2.0,19.87790959706025,10.918083973194406,8.959825623865841,1.2171,12.201328290752176,0.2,2.1242898578941025,10.0,0.0,0.0,1.0,0.0,0.0,91,0.60855,0.613813451116441,0.1,0.10686686381792704,0.0,0.0,1.0,1.0,0.5,0.0,0.0,5.459041986597203,4.479912811932921,2.0,1.0986122886681098,0.02197802197802198,3.038691642919267,44.0,0.045454545454545456,0.8804347826086957,0.20635596022335156,0.6537734470867503,1.0986122886681098,0.4212036628638298,0.045454545454545456,0.15642406396198827,-0.18826260347839294,1.375,0.8649974374866045,13.0,0,2
2021-08-12,CLOV,2.833333333333333,4.0,4.0,1.0,34.882338372257756,18.99341452625015,15.888923846007607,0.5288888888888889,6.73753557622357,0.30392156862745096,3.5312308155374557,11.5,1.0,0.0,0.0,0.0,0.0,77,0.18666666666666668,0.19315034170937329,0.10726643598615918,0.101232628898121,0.35294117647058826,0.0,1.0,0.25,0.0,0.0,0.0,6.703558068088289,5.607855475061509,2.833333333333333,1.3437347467010947,0.03679653679653679,3.580245207092012,36.0,0.07870370370370369,0.9583333333333334,-0.12016370579225841,1.5384636528089641,0.7841189587656721,0.7699519564844824,0.06165824915824915,-0.07920272524391167,0.10064684237554955,4.208333333333333,1.6502599069543555,16.0,0,3
2021-08-12,GME,2.5,3.0,2.0,0.0,15.423687556553496,5.951753513619236,9.47193404293426,0.07750000000000007,-0.9104994896749572,-0.3627450980392156,-4.567330355640962,15.5,1.0,1.0,0.0,0.0,0.0,77,0.031000000000000028,-0.059032542401838764,-0.14509803921568626,-0.2961244085692278,0.4,0.4,0.6666666666666666,0.0,0.0,0.0,0.0,2.3807014054476943,3.788773617173704,2.5,1.252762968495368,0.032467532467532464,2.798724655945417,36.0,0.06944444444444445,0.8958333333333334,-0.27583037245892505,0.4660077726751955,1.0986122886681098,0.28385412852801173,0.06565656565656566,-0.4141516476171269,-0.2951283576484196,6.2500000000000036,1.9810014688665838,19.0,0,3
2021-08-12,MRNA,2.333333333333333,3.0,2.0,0.0,19.049591820837552,9.717667608530414,9.331924212307138,0.20395555555555556,2.5138253038210916,0.3076923076923077,1.0329480088841114,18.0,1.0,1.0,0.0,1.0,0.0,77,0.08740952380952383,0.13196216105120548,0.1318681318681319,0.05422415443853305,0.4285714285714286,0.4285714285714286,0.6666666666666666,0.0,0.0,0.4285714285714286,0.0,4.164714689370178,3.999396090988774,2.333333333333333,1.203972804325936,0.0303030303030303,2.998208795482385,36.0,0.06481481481481481,0.8333333333333334,-0.21942084864940126,2.7287776463705415,0.5108256237659906,1.0112001716289483,0.04208754208754208,0.01889152380952383,0.1475824175824176,4.75,1.749199854809259,5.0,0,3
2021-08-12,MU,2.5,3.0,3.0,0.0,16.446904825233453,7.43622055381887,9.010684271414581,-0.4842,-2.5288423685207224,2.090909090909091,13.445164384694936,13.0,2.0,0.0,0.0,0.0,0.0,77,-0.19368000000000002,-0.15375794992385913,0.8363636363636363,0.8174890368470342,0.8,0.0,1.0,0.0,0.0,0.0,0.0,2.9744882215275483,3.6042737085658323,2.5,1.252762968495368,0.032467532467532464,2.8591622590037002,36.0,0.06944444444444445,0.8958333333333334,-0.500510372458925,2.9260724793781163,0.5596157879354228,1.0802412747561967,0.04671717171717172,-0.29535949983383186,0.8324420677361853,1.0,0.6931471805599453,5.0,0,3
2021-08-12,PLTR,6.333333333333333,7.0,7.0,3.0,69.71031110633065,38.76867022523449,30.941640881096163,1.681988888888889,20.210764266682382,1.0,11.815501076012001,3.0,1.0,0.0,3.0,0.0,0.0,77,0.2655771929824562,0.28992503326881536,0.15789473684210528,0.16949430993055764,0.15789473684210528,0.0,1.0,0.42857142857142855,0.4736842105263158,0.0,0.0,6.121368982931761,4.885522244383605,6.333333333333333,1.992430164690206,0.08225108225108224,4.258591405356586,36.0,0.17592592592592593,1.0,-0.04125317947646889,3.2499311395460686,1.076139432816051,1.6188877458092503,0.14183501683501684,0.06620952018063103,0.10676582043849409,3.625,1.5314763709643886,9.0,0,3
2021-08-12,SOFI,2.0,2.0,2.0,1.0,21.214218436186396,10.983443556606126,10.230774879580268,0.9236,10.265054564921416,2.0,21.214218436186396,4.0,2.0,0.0,3.0,1.0,0.0,77,0.4618,0.4838761605005293,1.0,1.0,1.0,0.0,1.0,0.5,1.5,0.5,0.0,5.491721778303063,5.115387439790134,2.0,1.0986122886681098,0.025974025974025976,3.1007325539632786,36.0,0.05555555555555555,0.7916666666666666,0.1549696275410749,1.3951502653779522,0.8754687373539001,0.6867193960911746,0.04987373737373737,0.15213658901861804,0.8294406767989286,1.25,0.8109302162163288,13.0,0,3
2021-08-13,PLTR,2.6761904761904765,5.0,4.0,1.0,29.030298393201985,15.383121327742925,13.64717706545906,0.5796126984126984,6.334190417973469,-0.45904761904761904,-5.546339689990893,7.714285714285714,1.3428571428571427,1.0,0.6000000000000001,0.0,0.0,64,0.21658125741399759,0.21819239789339348,-0.17153024911032028,-0.19105348539199576,0.5017793594306049,0.3736654804270462,0.8,0.2,0.22419928825622776,0.0,0.0,5.748141421398602,5.0994789746377265,2.6761904761904765,1.3018770193073075,0.041815476190476195,3.402206818449435,30.0,0.08920634920634922,0.9642857142857143,-0.19334510826943024,1.3728269548735978,-0.6905531453828986,0.8446357787477683,-0.08671957671957671,0.042112502740827396,-0.21626818807032244,9.958333333333332,2.394100201829819,9.0,0,4
2021-08-13,WISH,9.333333333333332,10.0,7.0,7.0,107.82463659167954,59.53673961005032,48.28789698162923,3.8961333333333332,38.737188375990414,2.9999999999999996,30.613186045413254,11.333333333333332,3.333333333333333,0.0,0.0,0.0,0.0,64,0.41744285714285717,0.35926101492633855,0.3214285714285714,0.28391643146771867,0.35714285714285715,0.0,0.7,0.7,0.0,0.0,0.0,6.378936386791106,5.173703248031704,9.333333333333332,2.3353749158170363,0.14583333333333331,4.689737748050103,30.0,0.31111111111111106,1.0,0.007516491459429342,3.236864159453652,2.3353749158170363,1.7770976800461353,0.31111111111111106,0.00803161408730152,0.08524199134199129,3.375,1.4759065198095778,12.0,0,4
2021-08-16,DIS,2.0,2.0,2.0,1.0,13.508550520556954,6.728628613084702,6.779921907472252,0.4824,3.5802646428541776,0.0,0.0,0.0,0.0,0.0,0.0,0.0,0.0,73,0.2412,0.26503692142290364,0.0,0.0,0.0,0.0,1.0,0.5,0.0,0.0,0.0,3.364314306542351,3.389960953736126,2.0,1.0986122886681098,0.0273972602739726,2.6747381666999632,35.0,0.05714285714285714,0.9125,-0.009605631506411388,4.171127532931146,0.9650808960435872,0.9781703852963652,0.05238095238095238,0.1009200476190476,-0.0698809523809524,0.726190476190476,0.5459169435772607,6.0,0,0
2021-08-16,GRWG,2.0,2.0,2.0,1.0,9.104979856318357,1.6094379124341003,7.495541943884255,0.5745333333333333,1.8717123972562808,-0.42857142857142855,-1.3620230701491196,7.0,0.0,1.0,0.0,0.0,0.0,73,0.28726666666666667,0.20557018541423955,-0.21428571428571427,-0.1495910031260476,0.0,0.5,1.0,0.5,0.0,0.0,0.0,0.8047189562170501,3.7477709719421277,2.0,1.0986122886681098,0.0273972602739726,2.3130283574165222,35.0,0.05714285714285714,0.9125,0.036461035160255284,0.0,1.0986122886681098,1.0986122886681098,0.05714285714285714,0.28726666666666667,-0.21428571428571427,0.0,0.0,0.0,1,0
2021-08-16,RKT,4.0,5.0,4.0,1.0,31.316804156245716,18.382846986058276,12.933957170187437,2.3116333333333334,16.90693005101614,2.5,20.528181902205944,7.5,2.5,0.0,2.0,0.0,0.0,73,0.5779083333333334,0.5398676687015741,0.625,0.6555005357439027,0.625,0.0,0.8,0.2,0.5,0.0,0.0,4.595711746514569,3.2334892925468592,4.0,1.6094379124341003,0.0547945205479452,3.4755873474595376,35.0,0.11428571428571428,1.0,0.32710270182692197,3.771492128335775,0.7621400520468967,1.333053339053456,0.06984126984126984,0.2506077146464647,0.43070008695008694,4.041666666666667,1.6177367152487956,10.0,0,0
2021-08-16,SPY,3.5,4.0,1.0,0.0,40.12294377097233,22.642051156553997,17.48089261441833,0.028449999999999975,1.9926145472290206,0.5585858585858585,9.820812659516116,20.5,1.0,0.5,0.0,0.0,0.0,73,0.00812857142857142,0.04966272062695993,0.15959595959595957,0.2447679989677418,0.2857142857142857,0.14285714285714285,0.25,0.0,0.0,0.0,0.0,6.469157473301142,4.994540746976666,3.5,1.5040773967762742,0.04794520547945205,3.716566208345485,35.0,0.1,0.975,-0.24267706007783996,0.8975223143581949,1.5040773967762742,0.5731426234588894,0.1,-0.04717075991260202,0.1552376124525247,12.2,2.580216829592325,15.0,0,0
2021-08-16,UWMC,3.125,5.0,3.0,1.0,31.149898004929398,16.92554025982114,14.224357745108257,0.9451541666666669,9.468650366543311,2.625,27.410530592145456,5.25,2.625,0.0,0.0,0.0,0.0,73,0.3024493333333334,0.3039705094714891,0.84,0.8799557092549004,0.84,0.0,0.6,0.2,0.0,0.0,0.0,5.416172883142765,4.551794478434642,3.125,1.4170660197866443,0.04280821917808219,3.470409278203616,35.0,0.08928571428571429,0.95,0.05164370182692202,4.843817940988474,1.1293839473348632,1.265461023900401,0.07817460317460317,0.17800100000000008,0.7441666666666666,1.666666666666663,0.9808292530117249,7.0,0,0
